P_L1,P_L2,P_L3,P_L4,P_L5,P_L6,P_L7,P_L8,P_L9,P_L10,P_L11,Q_L1,Q_L2,Q_L3,Q_L4,Q_L5,Q_L6,Q_L7,Q_L8,Q_L9,Q_L10,Q_L11,V_G2,V_G3,V_G6,V_G8,P_loss_flat_base,P_loss_OPF
20.611008231595104,111.18291506552565,52.23572416743406,7.899921791958991,9.658963509182115,25.44073533996719,7.409101003805518,4.012646604084909,6.346720628653428,14.623591920098647,12.042683586002983,15.08714204898293,21.526564070083204,-3.451249012658111,1.3963679790125445,6.550213529560302,15.300168493251332,5.857434921386792,1.7510004134223234,1.466386649726747,6.059498715755921,4.278987721304084,1.0462308403085292,1.013330629615881,1.091329745898665,1.0999659929762189,17.470368602371078,15.315869553966166
19.895815549285693,89.1645142553063,46.96005809822972,8.466934922634762,9.85453854406945,29.667966373280617,9.332692447903353,2.865030577807997,6.362409438639509,11.720830267911374,12.307707494192268,14.98033852924693,22.538803451366647,-4.381099863061679,1.4749528122709572,6.293016342019151,17.82330729604072,5.661153785475875,1.5278675290882409,1.596913222471213,4.719781368987307,5.818640804157564,1.0463069094545916,1.0175251637343463,1.0857553435693537,1.099963829941578,13.657018289959906,11.931852298312961
19.606210240288146,100.32383967445804,44.199915774829535,7.661006784380545,11.40926205145789,25.78128257520122,10.690504659952412,3.88518595270556,7.172377417416621,15.632067692309304,15.483483873714068,14.843121113917434,15.872543015594589,-3.4257332653738666,1.3089454649027445,6.975990992289793,15.860817203538161,5.269529753715439,2.0366910065893893,1.508322129083897,5.291768062474723,5.085392166316497,1.0463088508088594,1.0153660628451675,1.0900055167713356,1.0999692578440696,15.869759387657034,13.985886901255597
18.58322227278094,105.58678223481222,39.665408307157215,9.08013628726557,12.419656566449024,25.944845042103235,7.219879621644969,3.9416459998367674,6.604731918988186,14.736638707421331,16.516771266248238,10.536146830809178,17.924339536936472,-3.3007557328592023,1.8323861925603797,7.869894380482673,15.477162885021592,4.787455372663575,1.6639072716352767,1.488117326097118,6.332686333744309,5.275114942710426,1.0466329735612956,1.0148395381660635,1.0906424434423376,1.0999696109317472,15.84338183191301,14.015871083465129
25.061006605562515,93.15305838010225,40.52664198234033,8.248264153157903,12.3683170178037,30.22307093132006,9.97548184783642,3.491313834910147,6.155468103692065,13.108721499136168,12.071497995394807,10.708088449125988,15.438861811219182,-4.112800241571497,1.4811878278888493,7.525712073494108,19.30624138686926,5.21835797162539,1.7354757045856535,1.7635527286675512,5.170811743940564,4.153959819657586,1.045617596981451,1.0161031509324918,1.0853056170102156,1.0999654987727012,14.129616155772869,12.534232852526978
19.875042611291505,81.43481810373089,56.01581911279,8.536685953875828,11.797648829166697,33.88323496421507,10.093219476836811,3.06119808244045,7.057843956315546,13.712448106344514,16.732343324777815,14.712143803611346,17.616826409786167,-3.291681002263176,1.4258785040268427,7.281323365878769,18.711618045725356,6.636894953154717,1.4450055339824575,1.606878273649642,5.608393527305167,4.444215620941461,1.045837093692783,1.0178812794895402,1.086982764099295,1.0999944296971333,15.468734720290904,13.60670970430768
18.400431388456365,88.0813396584887,56.26843353880736,7.062536913343096,11.284181985410278,31.8956237149631,8.509066568565459,4.160494915809345,7.228371399658751,12.159624397456966,14.883601095118618,11.68846181386919,17.364787757268754,-3.1775436378730713,1.670121173747134,7.508037069686584,13.62181890829993,5.286459797028939,2.0939514378959907,1.4333196100268626,4.976156103251637,4.978905520555125,1.0463045303579255,1.0174028129745158,1.0916184660784722,1.0999620179230816,15.22359590465728,13.484548759632743
25.915445941680012,84.48064263055335,51.09123166640039,8.3953236305993,10.024616197085951,32.19295291361994,8.524019277789312,3.685228162831011,6.425812494256583,13.693183294003695,12.458127029524276,14.403336677593328,17.637928493785193,-3.4109688762237727,1.306096090595049,7.7726788295647244,17.779027362632757,4.678483763112626,1.8087070019754825,1.4249572961266805,6.136800873749923,4.348732858009983,1.0454271200929683,1.0174574688029154,1.0871787865273166,1.099964110156233,14.296012823509923,12.600301038804986
23.3573395667294,89.93218784860426,56.15027738464636,6.49806367020382,10.487977252705157,24.938987550638952,10.528897025802825,4.028275094733374,5.509377571624979,14.363913848584566,16.790644313199248,12.980420122925269,19.225344395505648,-3.4972895738047045,1.3395857713957757,8.69164727385998,19.258775899564515,6.108795380873982,1.6841014495550646,1.503494127752103,6.324217174978955,5.794220519905155,1.045627068397669,1.0162608823038002,1.0855117917792638,1.0999945053029454,15.53428547231444,13.688431277535265
25.059910162621218,104.74571056791528,50.51564507446997,6.3357854935849485,9.684096639143869,34.20293942461954,9.383144614774523,2.8128758722632816,5.127590564593119,14.382909553183502,11.950167039723464,10.976904901200893,19.370376799186054,-4.199356508400601,1.6972552060816644,6.67280792838168,18.00887002974764,5.190417882992576,1.674287782674673,1.7577544992755354,6.147148325789537,5.698446820988355,1.045528544583743,1.0134035353939876,1.0887634265553165,1.0999724380874198,17.213339460631314,15.226241617186751
23.06807990516698,96.77386817368058,40.03106156087313,7.197856041300678,10.14810660721413,26.479077791873188,10.702837997108803,3.3503368145334647,7.056593594632156,14.20814858038522,16.657075369108224,12.713396432974376,19.58446952316033,-3.888327602357428,1.4049555121907487,8.167356345784517,15.144328486607284,4.696413042120973,1.9047400530531606,1.3933508348205115,6.821863915698761,5.907857154005174,1.0461701262312686,1.0162266075301836,1.0899062945358553,1.0999672287402478,14.844593975113572,13.075032201885879
25.30102290711349,89.30757982562515,38.53553050803195,8.902088430266684,10.878264984461568,35.0065268647153,10.669031917521309,3.9942132376543045,5.598455296649789,12.879527734450397,16.992774562240466,11.769963786193891,16.488144874814303,-3.9886099694350263,1.8791390554628997,8.08808939002492,17.065206169393385,4.865449465548183,1.8828052032234022,1.9136344640667282,4.964994915348736,5.036659304727474,1.0455771008326955,1.0167620258434242,1.0888201886706745,1.0999668673970973,14.668285709059735,12.964775380503372
24.975598264334653,103.27216151697843,51.56694096782952,8.21555161532081,10.570520357464503,27.06438376232102,10.113700159722649,3.934158752550853,6.995656457335453,15.731498983804945,14.967600697211191,12.707702777010972,21.267043360147493,-4.133943732013313,1.7292588014449302,8.387378008308303,19.18963546966864,5.424148763895563,1.7104197259007599,1.3401484414981564,5.981609927111124,4.071884547593484,1.045529371457406,1.013651014294261,1.0885557299228061,1.0999933377575246,17.673116147275056,15.57169614065685
21.401390797389755,95.80684983578149,43.71866874069279,7.876133112129793,9.096641119726941,24.040708627240733,10.16136201837477,3.3042668979757677,5.190027650870599,13.620113604295945,16.509161576467722,11.256370819683962,19.9339676162244,-3.253142045390278,1.313076301547909,7.594063894704444,16.869817207491106,6.1188373714758395,1.9627857602803165,1.904545330856022,5.837816808058773,4.645912945882492,1.0457750106445691,1.0156995262207302,1.0845610009322,1.0999995777961813,14.292261646107624,12.592332638175703
24.262216170592346,85.56495922755497,46.63313356389176,6.318507399280488,9.07357133050125,34.95925129319952,10.209528433843941,3.774363888531177,5.877845184370818,11.735789328382568,12.852364774319673,11.431233922676144,19.374122651766516,-4.234769639412097,1.702526321099348,6.839801690837828,19.620305463603607,6.351920846734182,1.8391349178082084,1.6715012775899856,5.613472144832473,4.4954619790023145,1.045607641531956,1.017315965470316,1.0846723703751942,1.0999677601366118,13.830817357093782,12.186386457338571
20.44984285069295,103.91564144229744,38.51520350260093,6.432860827141026,9.166091836257452,24.080599867363848,10.279658102439626,3.785121003132033,6.036984142973073,11.328304467515409,14.85003061569632,12.565236595565272,16.516334211316117,-3.796808572811238,1.535043030014319,7.847550294156649,17.497021841761157,4.745105302671143,1.7097210825310594,1.6805503460571114,5.807276119905803,5.712979682376645,1.0460444857647553,1.0147830712237649,1.084987596715042,1.0999995594097969,14.382330123851546,12.67233749658769
23.07746072245244,81.49936921242828,39.589274450296216,8.032954605747198,9.078770671226465,30.51215185902687,10.584828869129847,3.6056638490262305,5.827134619943913,14.273756379588708,14.651187227329439,12.931733289724948,22.35513254670159,-3.722320114969208,1.8951619608473054,8.716051925868191,14.58005313500093,4.800918218030383,1.5125601609917474,1.291661968416992,4.859107668953754,5.366013546832713,1.045911071024276,1.0189032382605152,1.086781024339672,1.0996485145744375,12.639041917034417,11.060797414136628
17.977917468634786,87.37900174946893,54.39401594573597,6.1507466846369105,12.60881880199843,26.92588634232612,7.625393379437963,3.77543203150981,6.414620546142916,15.538348873046084,16.301023421071157,14.24168312635503,17.343462751541928,-3.3968056882963675,1.7603934410501496,8.420504217801792,19.856954142884472,5.59727301043451,1.707853021770804,1.776904294874878,5.430664213387001,5.861514651207129,1.046129321908431,1.017151674467145,1.0841464119110145,1.099969640612953,14.85941801972272,13.059417968733019
24.811022685997344,91.5244949514907,52.59665481617342,8.373810337217433,9.421994932384978,34.25012429881888,9.018908540812285,3.957040452550838,5.660921026514693,15.635825433879484,14.239642005255611,10.215055269519915,22.0809030207864,-3.262407215786369,1.4843607280578657,8.850185901152415,19.592031455665374,5.970375900446023,1.8949227927622554,1.5670051340661246,5.320248990339509,4.6573290907398315,1.0452909654325893,1.0154260352824582,1.0867090853055608,1.0999938812885595,16.236789509354644,14.333404340014965
23.19746019874869,103.70947226921179,53.374991316038226,8.480439154095443,9.368603341658133,29.43415959549046,7.40721153605992,3.56934043525323,5.95733442335104,15.593602586894818,14.01145347481039,10.754700443452238,16.286736783601555,-4.307956585479256,1.6756595605224072,6.303368028368371,13.838469192603585,6.2662483849851585,1.4923893645822195,1.8059904379458283,6.278481967003071,4.1626975612837995,1.0451627446413716,1.013550351648962,1.088533578342503,1.099999542988845,17.146539415891624,15.262812177923431
18.096391358259467,112.5365793179243,45.39605761485702,7.206752127083348,12.60134206131361,34.77753321312953,10.749603829762334,3.8547294593625185,5.798073388695434,11.250903870172811,16.55179561892752,12.99669358865789,18.42408727027702,-4.533912840747788,1.3511663886759369,7.477875312872578,13.355388201255664,5.727292689426372,1.480538358490923,1.3560434664115661,4.912660892522884,5.298420604232127,1.0464688330662113,1.0131371423900872,1.0942487178001559,1.099966781907334,18.641441505840046,16.444647804815858
23.835669552023877,97.34133506886099,56.63673912683324,7.21960656175206,10.239990146542736,33.84946971263563,8.00494501867003,4.148511555216855,4.909656918243152,16.037345664221252,12.177233075225434,14.687007017586199,19.21052842905588,-4.669025081946108,1.3272298014306554,7.661562853203962,19.716168836510818,5.8535869984747455,1.893167019457389,1.725279160950155,5.694535270261234,5.255116160168127,1.0454382492444774,1.0144325430528158,1.0864039151933111,1.0999926876281885,17.124471400872626,15.086502882170894
22.431848227492512,109.31563383530047,39.10893479212867,6.9341280963603795,13.21784344866298,34.10511264991281,8.840364310028566,3.6681856369221513,5.556810086473964,11.815854262508312,14.683642493442294,11.955029318372347,19.63578645006663,-3.2412660336653762,1.9036126769063466,8.958632233438808,17.915793781091107,5.88374356991836,1.662859883726156,1.800828812612447,6.228576320325,4.325233878689783,1.0460061900162938,1.0131637920341434,1.0894434719596573,1.099994219765157,17.004986463550026,14.958643622513284
25.26684796140655,106.353203313345,56.40017434214158,8.286187305500615,11.708100077792338,28.5352678282293,10.557822540074449,4.012489445300571,4.990333555059102,10.942381662285161,14.163721666593176,14.277610920371712,22.703298582793575,-3.3546503501215037,1.6602436578253668,7.142672569893065,19.720231601488965,6.593715901674844,2.0435966673920194,1.579963622268781,5.602381245423383,4.546814143861412,1.0452259360731628,1.0125653549555536,1.0872393113106058,1.099991317120479,18.358510936304857,16.0748066883739
17.84933931093005,107.94273913729042,53.782667294567084,9.119141726789838,13.424933030091093,30.154094126111005,9.968354694649838,4.122672021835399,6.953139633252882,12.135679749413267,14.605243046448157,10.816129828969594,22.45078780716629,-4.065632429743373,1.426331395522216,8.01510205321757,17.38437151664043,5.47093750583619,1.521761466383733,1.7098068451793917,5.8471138660968,5.544636783471279,1.0463199916179715,1.013253157518047,1.0894915788263517,1.0999919069221755,18.58728710923991,16.385631181954313
21.8750191896521,107.4701989320026,48.79245875736816,7.785251433467574,12.887408139909384,28.361097821306284,7.682454822422307,2.8402957468386747,6.722534903843629,14.149671577308709,16.116315417871373,11.241857940465266,16.236423214459453,-3.142689678441896,1.504376037636222,7.769753060563899,15.884500459462224,5.654941819095051,2.0909942600354987,1.5028834988949122,5.832455614850761,5.567306025482286,1.0459556693895178,1.0134064341175988,1.0896019369220846,1.0999736475296586,17.548714274198474,15.556130779783146
20.801991350548622,98.80022686458628,54.72839411123776,8.966542695919232,9.61888919456209,34.53373397690563,8.971618655086338,3.161542143618542,6.000291245221357,16.092175906541577,14.856003840197504,11.830058180260542,20.013846492807115,-3.494627165293981,1.328552529989545,6.386639165731948,14.13022437067961,4.992414248948523,1.5399555643075753,1.6901598366740573,5.061961795806016,4.691334566647726,1.0459707480876137,1.0148956048664564,1.0935859974753919,1.0999654329394724,17.590955010146804,15.561488420325645
25.144123397984178,93.21887460510503,51.00370396052203,6.603852408452955,9.821454804262844,24.082249671944453,7.808166227059792,3.190026474644742,5.311905581635262,11.278993682288101,12.638989791759583,12.500756141606248,16.768136259884024,-3.688260983234998,1.6021870533471085,8.071184485888097,13.5410326085449,6.4946321254689785,1.8920882804334536,1.3323257804472783,6.6667024079277235,5.841744801063626,1.0455499320475181,1.0162576142703688,1.085460497228843,1.0997220723002035,13.75832935668351,12.168365823889971
17.89015669154022,85.79274978218665,53.65456846964333,8.35470945876632,9.78665416671657,26.070322015373183,8.533699570048976,3.4783321792674298,6.388541642533922,12.792133653676771,14.676706908153562,13.957152365719482,15.478792341968544,-3.5138016331766724,1.7365437349661137,8.685620513061597,16.677538215648024,5.874503285815532,1.517163848164639,1.566343914767011,5.875672058175654,4.48494100726946,1.046505623816923,1.0182823438633273,1.087582523986088,1.099961706527188,13.732775460051723,12.101515733461218
19.697031244640627,89.57606726578219,38.62376130151013,7.059120663372862,9.90728707134452,27.464468755699393,7.631143674549305,4.0467381930358535,6.328365586671879,14.467152523380244,16.623460582099735,12.69208637055961,15.860594189464422,-3.957886205236935,1.6555783155333625,8.23631842255299,16.146219386965072,4.935986302485708,1.6443186521750817,1.5123726696951265,6.138527999889314,5.141556609337824,1.0466863284566978,1.018268887275206,1.0888124906179937,1.0999624338169456,13.114689501113212,11.546261853488222
20.450919580793304,112.53189457451948,49.82241454610367,6.801169446877423,9.415985477339408,25.40373784237512,8.085447822184229,3.024953922563378,5.335223538685185,12.339513910946776,12.95330662795674,14.715568357102239,15.809776467028483,-3.938237767729597,1.5426539692733834,8.94713585072582,14.02393831039587,5.563024989786121,2.1380187119582654,1.8339245605721475,6.535607204602329,4.51580565408988,1.0465827834365473,1.0136338357642019,1.0920867956172498,1.0999621001601414,16.777160269153914,14.806686922268817
18.84330425854577,100.55447652675255,56.00966891211943,7.772559194762346,11.52082484882515,26.903753305191355,9.970174559490975,3.0618612479805325,5.669777336826354,13.09735676852865,14.945357856959353,11.391441440668606,16.072759868017947,-4.072567266208947,1.464723554073764,7.743714664267836,14.304968429420704,5.756245036303176,1.8234643914371418,1.3131670635663533,5.420921925409895,4.2688293538779485,1.046372328591633,1.0151499872320404,1.0917284116751786,1.099963997106886,16.570948535421216,14.729204666458477
17.910094743703624,112.66170155645315,44.4034055159167,8.54201831539809,10.100790133341663,31.641732122242363,9.936820295602873,3.6338942368509817,6.030645900062386,13.02394093639525,13.999254868596251,14.882008052778954,21.51270749918674,-4.62544198063976,1.3595502230307488,8.192602425610932,19.510580633291696,5.060460713504332,1.4878773125040798,1.754317215545638,5.972777622577396,5.683657553516543,1.0465143595262703,1.0129904594576544,1.088781534683818,1.0999916523932747,17.878564229771182,15.631285931917052
18.573224229116192,105.32567231088068,42.09511435931287,6.577514066311742,9.695910774730848,33.211981698730305,9.594709994506319,3.532291594676767,5.755546381261346,15.536882920390786,14.258972840238908,14.30832515251561,18.53742530513366,-3.7080333099028557,1.5761150628285483,6.904133622492426,18.24412628437031,5.806311305014552,1.6071931405057085,1.8557277268957237,5.53062763358585,5.087105722227977,1.0463099843713914,1.014192449733766,1.0888696696282256,1.0999742967635748,16.514752737122187,14.489928676380249
25.228177923172268,98.88128768603923,40.47509053834392,8.937089655784964,11.772132077759952,27.55188625295362,7.7013794615881945,3.9116352649784147,6.392977524465573,13.680689896672137,17.247599794983707,14.166073833020615,16.35272908596891,-3.606286425761055,1.4390330494812582,8.231838877718031,13.502655366645577,5.962144068901454,1.9889702537332974,1.8411300075275197,5.433629657020905,5.642514609344026,1.0458464967732655,1.0154971727242028,1.0905305771432432,1.0999644256776502,15.428993274086261,13.621183587132956
18.3202834767712,107.25432235255664,40.6775832237875,7.2877533633035165,12.5318832386924,25.36902564271553,8.02530502283751,3.811153595750293,6.636889149172421,14.262197217580605,16.05593272902392,12.917040172205787,17.11367284769284,-3.659285749866114,1.3962225387529126,8.725351684000884,17.153721517247043,5.569975286891644,1.7726441786237757,1.886261337351562,4.995775255229306,5.172459664033594,1.0466225040262513,1.0144468020401003,1.0886276884766581,1.0999730515318913,15.98659602499359,14.096055937795725
21.75111373271716,98.39959559117753,38.58626671465447,8.73125668319022,13.135889905526582,30.268571566352666,9.707942965956812,4.091499133648214,6.605662267724692,11.623710831737013,15.354678626594206,13.242112435624907,18.423393101898135,-4.268853007574567,1.8779948894521696,8.77670553872033,16.273573426123438,4.9027122663505525,2.149085663252881,1.816894775325398,4.92921742039158,5.841683765234745,1.0454163455637835,1.0148981331096827,1.084752303487392,1.0999995779144778,15.133338192810173,13.336242913299849
24.91070042269927,94.9098179925104,49.54518633144304,7.2929682197651955,9.2053321419227,27.555327451421633,10.090272414952842,2.8064848322064444,5.693737978926391,12.950110945391094,15.122877793510021,14.832866531376823,17.832229557181304,-3.6612469949581152,1.752000798790239,7.356653822669421,14.771376024321482,5.689659677427849,1.541417054673456,1.392887671363983,5.796213232755593,4.837850899009096,1.0451015979726026,1.0153834335891654,1.0872430389825265,1.0999995210119566,15.153596220436345,13.347324664519949
25.300862421271106,89.01500211871475,49.34084925731619,8.002083435275372,9.018663165515735,31.429740989797185,7.840929480731106,4.145498444457237,5.242737055717596,13.03897026812593,12.428684021748719,15.224121199377413,19.01668207851744,-4.0488006270192685,1.3229289455285937,8.249881411197533,14.67377313815469,6.723485951502455,1.5877005411470453,1.4020401412247467,4.72479522940758,4.944133890219998,1.0452010678114392,1.0165827141019466,1.0857655161392166,1.0999768397772482,14.22949215166477,12.517062000154151
22.262821036719508,77.83590153366032,53.068088031208596,7.457998057634003,11.309268406587558,28.80100041387109,8.642747019151173,3.583496463831505,5.258786200070938,11.782411904674465,17.056242301240562,14.966266547638854,18.037150803726124,-3.542361690103944,1.6921597076729702,7.2262025132942895,13.448565401584691,5.0022740258895615,1.9555000047701263,1.701711322822497,4.7028627026080825,4.443944323865899,1.046134227095435,1.0198246217422695,1.0905360927235146,1.0999999531003033,13.312060662080174,11.699579256583743
19.36572923438446,100.67691857880008,38.61686548186344,6.3964900892331045,12.543624062471887,25.706827012241135,9.549885988266748,3.1334558934654173,5.122636998332802,12.113129831397053,16.224710913859727,14.50693805797993,21.509670970709138,-3.7396063062047897,1.7075744874052134,6.614952886247464,15.226500928933131,6.719499098968997,1.44936138492773,1.3347254597468599,5.122296111938783,4.053064407747639,1.0466828763856715,1.0160341261985952,1.0897844578494815,1.0999651691516519,14.459101152286141,12.640911344343543
18.93485957657944,97.329006017338,46.29763740732856,8.793722001674004,12.622147156588214,27.633444750034936,8.133924360352653,3.3315693714341736,6.32031965973613,12.247543660443531,15.63992749078084,12.2398111931315,19.39555857447505,-3.800357385451094,1.4684580861068275,8.84535992088647,18.350342473220813,4.96506256777817,2.0652969426464973,1.5919559668796888,6.715361166394292,5.59971051189463,1.0462708494652,1.0156726346591138,1.0859365777428998,1.0999720540814628,15.191587978164135,13.389873861915863
21.05085321879295,76.20664353750203,43.377111111440165,7.726568012569034,11.79798242482114,26.643074688111785,7.701681866662168,3.9689023315190184,7.281941320916666,13.638726984434502,12.94320854365589,11.543321218718395,15.339769141760748,-4.546306138234378,1.3553606930496906,7.72954942654276,15.09972666536305,5.925692965836641,1.909022679613342,1.811034754372609,5.118897350484599,4.021991657316962,1.046603844148174,1.0210191760113865,1.0862941163652406,1.0999998996388929,11.500993577404252,10.148271960338683
18.548167268997247,109.2727024248366,54.94877828299529,7.896135830597737,11.650315534742765,31.447432759645817,7.831336603044419,4.080176724294944,5.901800080736658,12.868948052547285,15.012749523485713,10.39858711121728,16.463753602546205,-4.2713324416251375,1.332991147472081,7.809456328399164,14.909118088283973,5.543165824577385,1.647859490474904,1.5076305385375675,6.308186500027449,4.594243431246349,1.0463763279362488,1.0133599745509003,1.091996937655646,1.0999687157824398,18.391575833440193,16.35110670541642
22.276392277777067,93.29757915486208,50.92939268173383,8.927962407547263,12.24192299550192,26.13629646737093,7.312259286220625,3.1671696620197554,6.331990150908621,11.077699392814953,14.878342833319369,13.191961672497797,17.740253570208903,-4.322623037843481,1.3482228820056141,6.225413345207427,18.115173341191927,5.78953985359838,1.9356497254279699,1.5582894967063976,5.2116527171147276,5.6382046353484,1.04589503339796,1.016195755626371,1.0852682327585403,1.0999670886887174,14.699878264571836,12.985356911400153
24.29892982945074,101.5361630217948,43.443415023836884,7.874301227282024,10.577163058291319,24.680668465254286,10.502328871664073,2.991546083286546,7.198579143322758,13.208431173972961,13.023392255878175,12.91285681268206,21.834388352660703,-4.262270822798915,1.7961991346313277,7.976350100132152,17.876716388398542,6.610133911631541,1.619760966378614,1.5932319767316099,5.153205905021477,5.975336015993293,1.045143992676349,1.0138380706976704,1.0826760012028653,1.0999996354459753,15.316696604254703,13.452557847894571
25.5544350684798,76.84560225236531,51.73059729849996,8.892754884943624,9.768977546170454,30.301753720521027,10.49575787131695,2.8475243700201185,6.581705452082289,12.405684639811774,17.42940132444412,15.092975885440067,22.376425317262097,-3.8597741779856434,1.8317072966331605,8.53364819560521,15.39882714233522,6.563083900029571,1.4666454969951548,1.6616127222285142,5.173620502507471,4.241133771554558,1.0456439138902693,1.019363378154055,1.0887793460900168,1.0999656566542542,13.899047156639664,12.168725236019775
18.027953790141535,101.5961610750883,44.73840930724542,8.283290985447435,9.252796406779263,27.3204259864012,9.142168652551213,3.907012430774549,5.65775610715425,14.179813432759849,17.200427379487675,13.288584995966106,16.970492008127618,-3.1580652192281997,1.836863279296595,6.063808232551162,19.088019106623086,5.867134150943132,2.1161287429292854,1.7912212708951458,6.955207136437343,4.70142363090342,1.0463833821199944,1.0149304788018443,1.0875090070974072,1.0999764748907206,15.825490554879579,13.915411449764186
24.019194347922177,90.50475682479625,47.415221860210735,7.987616608183846,12.874073471554796,35.21218493655168,9.965784289912266,3.384873495034267,5.908111085556051,14.782944428580013,13.343111788779082,10.721208494707485,17.895128398069904,-3.5680928269803673,1.4696371970918338,6.70082325314973,13.559498779185445,4.68146752858152,2.151160120609943,1.553774805590952,5.531637821410461,5.359294565386139,1.0451003404365449,1.0158188063300968,1.0877298199588723,1.099999491023214,15.515573272333466,13.777868149193306
19.25444374666876,111.15453741124448,53.274916675625356,6.351809447029269,10.830761875516478,33.97359602923354,10.601035280249077,3.454362115749818,6.376723789674126,11.701983308897207,17.82736501177638,11.336892243027892,22.364761483426953,-4.133448772428095,1.6689515487224698,7.538065533049526,14.811647549805919,5.0495450342527795,1.5987500705305264,1.399320487772323,6.448635978674867,4.70025051833346,1.0464713528349823,1.013039441552565,1.0945912691214834,1.0999919892964294,19.51370965242114,17.167833651297954
17.86207443257028,111.87578710370578,55.1379861205007,8.900366940913447,13.41718704545603,25.65196394078995,8.62647126804957,3.8615338659857277,6.578290308051252,11.631037894235218,16.782365424944082,11.300158104930237,16.901013872651937,-3.9576800997137256,1.6594815582986902,7.740258623513434,13.887472600321093,6.675709201302483,1.6312320306638683,1.362889549620995,6.7018955452960265,5.911302996459506,1.046384405647556,1.012955654646322,1.0903491754490924,1.0999697353983888,18.741888055603255,16.615413400591805
24.843267717864112,105.8625656956334,50.76822666981809,7.754606406651782,9.349700684403118,28.419747914234243,8.541678661244331,3.163655297264457,6.645145077400147,13.477728969425362,12.403035446809584,11.278530665905041,20.39276660381293,-3.2387641408048684,1.8247724249912118,7.485439581041923,16.471094873448944,6.014386060410081,2.0337702954661077,1.5025978930574038,6.212997473937027,5.131463927991582,1.0448228234813686,1.0125360695300574,1.0853174317994976,1.0999996421109954,16.87148503224251,14.896794392721063
19.677805385070577,108.46677788586236,53.48678553312446,8.081693577361612,12.770606146342203,33.834071571325666,9.750106716174125,3.9718186597091414,6.581830366473051,14.472760167505623,15.6069238141625,13.983800528952818,16.40539880022736,-4.494158384350328,1.8379798577569486,6.087741849103677,18.763423223750024,4.938978092538393,1.6812855750665823,1.7558452840266292,5.012962958832075,5.635934048238125,1.0451881465141726,1.0125218844404094,1.089166131570102,1.099959023253539,19.483861573378057,17.192120105862013
24.5829246646732,94.48138420810832,38.362097867225856,6.952595924851735,11.723832594323325,35.1779969007236,9.474528697260006,3.163725013489824,6.4269739155630505,13.71592105046562,16.567878555100815,10.70346164524095,20.983812059015413,-3.9643758627347316,1.8963148824697567,7.025616498116058,17.480609370409415,6.80230520478324,1.5138070041532892,1.8798262318313288,6.235894875737887,4.1356741182103445,1.0456175532339227,1.0156788764182911,1.0878394481793128,1.0999736283938466,15.250398710266346,13.438748739081223
19.972363761098364,102.0439243001542,39.52774350008291,7.849798198935871,10.509556095149247,30.926803109656227,7.364671321725046,4.020151528613327,7.255313084792848,16.031940418542735,16.38792491718783,10.82083809986361,20.962800289060574,-3.1583555896757303,1.2941590729785584,6.970830657448623,16.524590784286982,6.42734520931408,1.9319726711566836,1.565377732081119,5.2748138657734644,5.994249000315421,1.046255676060048,1.0148573795365912,1.0885894846669923,1.099975434156436,15.988886492587032,14.07691780326969
21.059253703408245,92.36826307674217,41.36848746118471,8.496221028199784,12.067696371501068,26.205081430907374,7.496571764217034,3.7526990229045984,6.477007362845969,12.27560144579033,17.587146831012447,10.927374090246973,18.485744487923775,-4.592040835461454,1.5486254828327184,7.915577842992256,15.920026802472956,5.276179269448915,2.148463906531076,1.5419737640416278,6.714310152535592,4.459909211782173,1.0459784801838614,1.0167663588838842,1.0850786787403883,1.099999508512613,13.905626955210783,12.303146843271616
19.209748830937723,76.53313224308839,50.69986970118692,7.200320084920233,12.832324959281573,29.183876898960374,10.685496340492998,3.0597357219843695,6.9994405298116895,14.993623005075406,16.51469419407855,14.45149879883379,20.983782331166793,-4.096903701745007,1.3639967217167284,6.097578538473756,19.394429709496162,6.070628729688113,2.013506849502847,1.5881743049680321,4.912154998392755,4.250371584405101,1.0461777018879015,1.0196275214080734,1.084656479546828,1.0999696782241761,13.680765140988134,11.978693530085982
23.310706693147473,91.57392611981176,42.07403277451044,7.574447422093968,9.2476560380966,30.467262542589904,8.16837625596635,3.9165827408920633,5.63728317977352,13.258188805041726,11.98925841785228,10.52803018999636,18.182951028690805,-3.868704582158713,1.6640131507963547,6.874987736127911,17.89467972388024,6.635483961478954,2.0014927120032118,1.3053560482229487,5.754776117638163,4.20986035683635,1.0459748138555214,1.0168621992906755,1.0856727749666966,1.0999641891245455,13.46156786876143,11.890394238589426
19.460950737686737,112.53744651430608,40.96451478027693,7.596619986492122,11.729337689745172,31.889086652420428,9.21473526055289,2.8136791863868575,5.67656559211534,13.595642874277441,12.443684334903207,11.941184810542637,15.452343626814386,-3.2425824555618323,1.5340308967690215,6.398147262129181,17.04847123245675,6.239558728398456,2.0164224233585397,1.4080961563166785,5.028559590841042,4.209135680668801,1.0463730838681464,1.0130443115982954,1.0898437052851628,1.099970644639752,16.971212374728733,15.003948941341932
22.884214566038764,101.98000537402643,38.84392708906628,8.926085228580815,9.192831350758595,29.98729675655263,9.7526178700233,4.019356773244519,6.622372114403124,15.129331648576875,13.943123147555124,14.29931157783228,15.808872832523532,-4.515913983454423,1.6304591207383912,8.451893309887481,16.283393409201512,6.133100252855938,1.8190099158740016,1.7482172939234126,4.829381558310968,4.120704167981128,1.0460544704857535,1.0149966334423586,1.0895315864255024,1.0999671254938597,15.573134238693486,13.744961094417082
19.50485607120807,81.37164354666494,54.90850179324289,6.746410521568454,13.331876346069707,27.575370342899063,7.855624496479318,3.9055779099994705,6.487246972222136,13.49025686884695,15.229966763588282,13.8135450336231,16.93625603411787,-4.674280909048517,1.903867623773941,7.950977059040811,14.604961874169526,6.218129522440595,1.4919828544650067,1.299617601411716,5.2378243013460155,4.925245913478633,1.0463470919784883,1.0190941445525,1.0885237392333436,1.099993004562244,13.852242364458721,12.233508282031437
24.89660534694474,102.7597305487945,52.440548685343636,7.373499736722149,10.509788766610393,27.97825740321831,10.755538429449809,2.8561528679774755,6.995556850538774,13.924847206290924,14.534147898369959,13.844308914908892,18.898683954827742,-4.48254025140739,1.8564491929672056,7.265162780620367,15.118136573640745,6.014252762336601,2.0969016088440173,1.4148238009636267,6.08528247386728,5.263120440185041,1.045576996786383,1.0140455904790648,1.0902671536424646,1.099968857404383,17.303904697453795,15.27719118339941
23.723421034564637,80.31747037559516,51.92657332472153,8.843458862823548,9.764980327738684,26.403011234101758,10.697022338549901,3.053367733793286,6.964699627821773,13.458300424819388,13.393497203442935,14.583409498464356,18.584319938020258,-3.923115072130317,1.5099093564158501,7.778852554304782,14.365798513964553,5.547309165032084,2.137976872081407,1.4452053969287217,6.163629061735797,4.65038012844939,1.0455439679638618,1.0186578263875399,1.0856153366286458,1.0996021762361374,13.36860197829698,11.769354037174288
24.073746730959694,80.29131953586743,56.78297838190177,7.459520205806263,10.017506075792157,24.467261618494152,7.811128458315148,3.527683527978425,5.702287750492338,15.275970175766092,14.488089641024365,11.42346850474516,19.890301898190625,-4.222572458341295,1.3869068210566082,6.502857648864953,13.523498274838728,6.348452674952285,1.9179392598876994,1.583763760479881,6.598475441608537,5.611340305900106,1.0456348637788804,1.0186973672513155,1.085522538671256,1.099883852808999,13.512927992839304,11.962721547937974
22.440875882963805,108.07646184973959,42.17568393590301,6.420235642969093,10.168478259596112,24.273624901853918,9.112210300803715,4.111247969212946,4.9759982392311635,11.459393535654145,14.615106208569275,14.904085089041756,17.6027863978233,-3.9112863015538917,1.3066066297922512,6.445029602886267,19.831224016446743,6.879075375731625,1.4435567862727752,1.889159542670873,6.122758255731961,5.735836589040044,1.0460977667761897,1.013795336562406,1.084771771983836,1.099975209061184,15.600831591752025,13.680156990798412
21.307141946901897,94.78765835686615,47.58674661451231,8.107267342940156,9.585637621308281,23.9536883604976,8.308547789728287,3.786553067831305,5.372522423179994,14.436535139954552,17.70067579479933,10.637015636210245,20.31177609851096,-3.812250342115131,1.8356110428016035,6.531449368342158,17.879036322781733,6.584427471983615,2.1201222380212967,1.7172787381053736,5.793445452499552,5.235694480402428,1.0455536986656297,1.0154612687478934,1.0832031730116634,1.0999996285461668,14.810407919739319,13.064462101694952
24.902095265275275,96.8605752533511,38.821000581403524,8.91008403434121,12.049079844621394,31.58285795217151,7.976430548631782,3.7224396583257198,5.841029149796147,14.316658076024058,12.555294460635626,13.50185414738342,22.795544315857065,-3.195210780622468,1.9053914779016432,7.2207238821686115,19.0618029102394,6.455134323015194,1.8482517079104006,1.752607493920849,6.678156102219127,4.808280643302066,1.0455569052713998,1.0151805768397488,1.08529208589424,1.0999956390664887,14.900431642807536,13.026148666544247
20.19864784236891,100.51491876803587,53.68601440991686,8.397346809720911,12.534205146886682,28.739883114792608,10.144203178230077,2.968292677518852,6.208553399024473,10.831096766689857,13.854531546205612,12.021624597146701,18.210912456230343,-4.204928842436185,1.5286771848130214,7.346080867867592,14.857293029005536,5.505944156580068,1.603634131629469,1.3268453912118041,6.040000736644796,5.336425597110033,1.0454049744343143,1.0142175608222503,1.0867128768588648,1.0999995494191175,16.444841625375332,14.574172588897637
22.73717620336345,92.82445557040556,45.501504117026876,8.704534294698348,11.285486397410256,29.254346156030824,7.292311436903169,3.277746958676619,5.807677309837491,12.953643016843262,15.3778273205949,12.870700937372542,19.820078705230177,-4.3132178880057195,1.8003108727783,8.154369228679482,19.624677341140767,4.682299591809159,1.5809601496921535,1.284840239986011,6.142141336838678,5.796061097899974,1.0452653087396473,1.015652551736234,1.0821176224689846,1.0999996032690396,14.573449489447432,12.826220835026426
19.473426334282276,110.29066164792484,39.3923125023364,8.920685521488762,10.535269638833562,24.796765775700756,8.949138333070772,3.159487194808711,5.5750898807870914,12.459365810601946,16.706034351082675,12.898939285510293,17.56593851358563,-4.072120701965033,1.7383364315028438,6.817872002200602,16.025966034128334,4.922775736541719,1.5704275316649698,1.715915426537589,5.060936966653855,5.05032676733412,1.0467300392676155,1.0142726044184438,1.0912813407033355,1.099967416564765,16.03908797679894,14.14278167319645
23.514521551750715,79.38712246220996,49.087009639304625,6.859950862452146,13.273912401064356,29.30583863129511,10.10157317919057,3.570317159018767,4.985926580165758,14.21901742820772,17.590363919551674,13.216188046343362,21.425835331643604,-4.499362082823516,1.425971054047317,6.63613451972468,17.336913765970586,5.593586049951555,2.0447001380640386,1.8560147989747273,5.459937599982306,4.473741117948965,1.0453387737152158,1.0183881741205256,1.0837327959739582,1.0999995408165149,13.895241073542671,12.218390246789635
24.13496147231672,85.71469141945377,53.96838576998152,7.3681642910922385,11.950623548825787,24.727316703249087,9.445893568835663,3.432474750232121,6.311324650148157,11.707276721822263,16.311767519867328,14.543009153919602,16.847222480689894,-3.269314706611452,1.2951286950696554,7.925914501329798,17.311104399629507,5.908337997496642,1.6070019092035024,1.5301798373795295,6.019185097631921,4.993533717718338,1.045678404456679,1.0174658387258744,1.0863307639267952,1.0999668680421535,14.316048315664808,12.613275052868298
25.93397831546522,80.50104987633772,51.53116387338999,7.309129055037047,10.878334274866752,32.06765363476648,9.69277014476773,4.187758391183063,5.193282066268066,11.362192106674499,16.237059350087296,13.098205538392556,17.283621065854526,-3.243894215622819,1.3348212797417158,8.682572623992355,14.553999036132456,5.390222024108008,1.6031926096034315,1.50719763573244,4.8010633151709365,5.03811958181654,1.0455971405340725,1.0185683245218913,1.089944922182503,1.0999587942194473,14.025791188756706,12.385261364020192
17.946877051980426,105.51743321474657,42.708575006127475,7.721636220397713,12.90275431227533,31.280352954756893,9.118648031584808,3.254067254361526,5.692524667862003,14.415229558070228,17.84507059287816,13.522143084434843,19.43915397201219,-4.259814795973224,1.5777315918615797,6.180427027802356,17.013650857429322,6.861690660052482,1.566218118497515,1.7216031301252261,5.106166157689011,5.071655368946163,1.0463519394691367,1.0141748343363697,1.089289413870827,1.0999749563062464,17.102700455714032,15.0322566035773
18.199151582933528,92.32997687820843,52.697842848477094,7.136617433686506,11.938804525702736,32.9863095373188,10.53784015012603,3.128498914597635,5.854330834574712,11.623046471984255,17.835201672863917,14.86916491705542,19.303674190132252,-4.4335719392272175,1.613413105454107,7.870757064008279,13.871786229250352,6.3922273755525945,1.531953708217369,1.8086832833616182,6.454305163395294,5.417489395485953,1.0463114684883787,1.0165598849810291,1.090649118929414,1.0999665727860632,16.13010546778086,14.189913457569341
17.673872102954935,86.78187645201999,43.27071233669531,7.174814678713418,9.352639505501996,34.65610231176654,9.193688066564555,3.227734034921233,5.848634901661251,13.214893718726112,15.49954222682928,12.779651492698209,22.187378996429572,-3.895263033333095,1.9149811294869203,8.554274873235286,14.66450981533271,6.798980897973886,1.523783806477543,1.8031678134343627,5.523046040865665,5.755948640890138,1.046620309177869,1.0182821094759742,1.0891391231573684,1.0999678520169034,13.758530788476383,12.043068817282
24.894732070132665,105.72726907643197,53.34538194219101,7.006224582858044,9.32251838806961,28.355166109428904,7.8246882539514315,3.7729315244634467,5.724483332752197,16.06829508464354,15.740193580978179,14.338201263262553,16.207187512838047,-4.46474259234529,1.8705646019285724,7.461185756456807,17.305519506666492,6.414358738094949,1.5658838116274971,1.601642288936603,5.564898224431766,4.292747984324499,1.04546272437434,1.0134009639139616,1.0897347216653934,1.0999729940538834,17.83210859267373,15.756397930682992
20.550198785490494,77.92873261764541,38.73352366087419,6.490905519030661,13.274755699919499,30.0844485235612,10.676959780151591,3.405497029662185,5.640831364728033,13.533166059337319,14.539489664252145,10.69677659604966,20.070279991645567,-3.457019564714975,1.6765362911346111,7.95060327719446,14.289445024774224,4.78233113489675,2.002148341969277,1.5742722712123651,4.774940005572704,5.989732634339534,1.0462897355963683,1.020004457623548,1.0857341320339258,1.0999085238948045,11.951234460033508,10.50064230218559
17.861535269448463,101.5489274233903,57.04794105103646,6.807107516816414,9.59727717171864,25.03234228518466,8.291790531243343,2.9414641354149054,6.568873673733682,11.136375709902339,14.956155883772746,15.223220017573123,21.386174048245742,-4.079742323640376,1.4760023173034316,7.871687508874916,16.77955532037337,5.628513450625661,1.5341114712529438,1.847426697753899,5.683500385265468,4.38924502364153,1.0465254240689468,1.015184937920269,1.0896171887772215,1.0999680944479762,16.0950317186089,14.113271668892164
20.552151165614873,90.96440907528998,54.062524563238625,8.310187716906663,12.406485923513202,23.730168920258038,8.69815439344714,3.473881812289453,4.926829155448258,12.202991327223184,16.451327345807925,10.856517305103315,19.268356999039696,-3.4557149203468907,1.287757295772092,6.723604372798625,19.759801732602757,6.499566099568535,2.1308951839111443,1.592226588112872,4.894587980931808,5.0959189779473855,1.0459317832321795,1.0163970549066197,1.0837549308416268,1.0999724440501113,14.714570677003168,13.001364650179422
21.30399526398046,107.17537487762873,40.115338944594754,7.564253056546206,9.632218017829048,27.431175937302708,9.854485478596079,3.4664253811162733,5.797167415755677,12.93017190427819,14.658302739699682,14.147884042692247,21.97984363594578,-4.610322110946128,1.7836181672033888,6.946220687244039,17.849214448414642,5.655239247808509,1.623362847873157,1.8181578108325906,4.729149129592594,5.803523984270846,1.046319201430812,1.0142457098503193,1.088257669076344,1.0999721503561162,15.88978815283884,13.90512477494051
21.365624392942692,99.369751646136,50.84684699257456,8.80115793174787,11.81228017610909,30.84441630016873,7.439947346018484,3.525771230723286,5.246412361993582,14.782142351096022,14.97284264804354,13.615557118378435,15.516714044578121,-3.2522755450314533,1.738446968360117,6.216253007996021,13.75314467236132,4.6680916625449385,2.128681006775626,1.7520053500537642,5.459543267724789,4.593071162575311,1.0460319033203496,1.0151459541348826,1.092902727851291,1.099961081409617,16.491082307074258,14.599547329486455
20.395424034193972,104.54894505490692,50.88540608366632,6.642994526317103,9.740009822296699,24.76106866661809,9.577089790924816,3.87012172711043,5.52671328511301,10.91310278956693,12.409743138159508,15.076728977012753,17.445380308828394,-4.319988110627488,1.6797846840667288,7.145818918958687,14.645763420978486,4.921616490129823,1.8828093369879841,1.7757656196081844,6.133857868215423,5.060604266498316,1.0457769765583345,1.0143390768624034,1.0878107764295,1.099811043006883,15.582942412793168,13.731995957224221
17.724136619386602,111.85265713975637,53.511415344435456,6.970178991570933,13.35026707552765,30.702202757708605,9.296721569546087,3.8473024512013447,6.860718282939936,14.344984479590115,12.683450648342554,11.878398930452052,22.253435666477976,-3.4704003544764093,1.5181868952560087,7.296230648832588,16.197649131571165,6.062019831387299,2.1190146031761894,1.4340433355728033,4.921883193018131,4.394940979719875,1.0464584827813348,1.0127965233887004,1.0919020618456878,1.099992853271604,18.932328742485222,16.645971217359378
25.05850813381646,99.69415142084817,43.70653781025274,8.560478694464596,12.818937583708193,33.58886919654528,10.508135521102396,3.1531374282427063,6.722302306140918,13.286913285280356,16.938311375224767,13.860732639980993,21.101000593397906,-4.143612466782471,1.3935544124606125,7.635080756690814,19.818207070442735,6.8147403142733145,1.4710850897738486,1.38548148206684,4.9456107544145835,5.451959819970591,1.045317885394903,1.0139791325832004,1.0861274008169919,1.0999929466855676,17.177728578224777,15.076783263284455
24.45837666315828,83.40510828258613,47.911903489238966,8.635737205154047,12.242950920552802,29.998399024803813,9.325251685651583,3.511704765682792,5.606018221217922,13.851118761438688,16.02575640021854,14.596480412572902,20.035814290242286,-4.307349597787327,1.3824458463709268,7.38467242325937,13.3419619556519,5.212294965690166,1.9630524348813636,1.9147583688635927,4.870093191042341,4.8029886317225765,1.0453549049057649,1.0178414879571935,1.0872943817510492,1.099441526725391,14.173974107278942,12.485727076197039
24.304616008308702,83.04806271281691,48.85322423065971,8.308536739930211,11.7196148171656,25.81869186846191,8.479384447268663,3.897308498279556,6.232312694482119,10.82823991313173,16.45550492976744,10.339381683096414,20.867576748757365,-3.4358696738577703,1.8931670272764032,7.103822253906253,15.450825932484847,4.985420276771272,1.6600350351529547,1.8410564875700484,6.951495663295213,4.7366190610136965,1.0455727037704634,1.018049153387929,1.0854684176459701,1.0999994715716053,13.317667581495801,11.761644828961824
21.253940276685427,102.56763295147913,55.18406332249222,7.882854775927823,10.714035127836675,28.468937722013763,9.704225327388503,2.8045055690459906,6.391797983402011,12.71966225638333,16.653416094411423,10.632392450301511,19.670337228807767,-3.870317708222353,1.6910883365793457,6.194560783448906,17.13109234852279,5.942644244066095,1.8436752679796433,1.666232106621731,6.20940561436516,5.60997799936154,1.0458927990333007,1.0140252061202337,1.0890414047970007,1.099972434737793,17.46979507258824,15.456573565219127
19.7020438507129,106.44786177558474,47.76664864487723,6.314257168568367,9.222308163013027,27.544012160613516,10.025629117601282,3.7907533086372824,6.80422051380067,13.593252904784691,14.543586027814724,10.909058835667922,17.69426492743077,-3.797070211231245,1.3367042749949551,6.661835858133634,17.252215952583224,6.3467384250349195,2.1588102082029237,1.877192532059877,6.1307512629216445,4.842496106588144,1.0463357903017987,1.0140407295717355,1.0887814205453035,1.09997424450162,16.567314705346366,14.657253111023444
22.88201952566746,104.96335296926316,40.50258797045517,7.326110864676716,12.722314239647563,28.12922883280992,9.25874017641787,3.6228771052070776,5.33012205764608,12.756071384922357,13.913687280901916,10.293079279342889,15.3838574055743,-4.417447388134206,1.4547653183826001,7.554236298716447,15.263537808629454,6.8223758486675905,1.6266936663833573,1.5549803601529186,6.664734181124277,5.683867133583618,1.0454960102414739,1.0138347084703065,1.0846074974718638,1.0999995886668068,15.583546623758101,13.850172117231665
18.975360306905685,105.60359991310237,47.000533274428506,7.5482253711394796,9.557990276423428,24.551097862334075,9.820581505105554,3.4950456132974197,5.945915714381037,14.739344434722941,16.482456877987016,10.967253491760315,19.837711136030073,-3.3311523683531896,1.760880055058589,7.970865468801419,19.63192108399416,4.799982597946897,1.481079399228903,1.4605997278036482,5.247157186267302,4.493957598144,1.0463877563790154,1.0142384610701005,1.0886026822665364,1.0999753081222834,16.396244049855117,14.452422168388885
25.226289758922597,84.7629008103294,43.43967876357942,8.388570717750609,10.974834494178419,32.765184572071135,7.435318167231787,3.4825996711427383,4.96201718444721,11.138327298658915,17.32236722193269,10.867366485277383,19.24639718529165,-3.761309140057102,1.5022997288056594,8.699500037061817,13.424907354589251,6.179992071927366,2.1336439926337563,1.6385076374155787,6.813428111916773,4.104515758572048,1.0455281784084343,1.0177650912730742,1.0867049141114418,1.099904416925157,13.551040727454264,11.979159249712291
20.99512600956372,85.16274556345009,52.21329685043155,9.06314315511163,10.10925467975023,31.319260297394074,7.913151477935065,3.591462356400254,6.01199526751954,16.0488287800103,15.54682254527094,11.935492370201038,16.067127965148295,-3.355945052826498,1.4242028351687905,6.752899984020894,18.928090624065156,5.942036868815458,1.8168414561895438,1.3534520779962993,6.635524088570689,5.445628606416967,1.0457941533512862,1.0173151488593644,1.0853186849218857,1.0999709020381692,14.85170485044587,13.131564810326847
17.947361381292012,102.03122646361768,48.632450715591396,6.328445051070205,11.013186874048381,29.319416188134557,7.796788344587793,4.123977405800394,6.953939906412815,14.412720621577185,14.675281543563619,12.251768951249302,20.147398350347252,-3.9708737162747725,1.319854787764407,7.5375079463109955,18.634520018426056,5.7054365160249425,1.4774087358390735,1.7832180476057813,5.10716397455546,4.5172416697760776,1.0463915787084288,1.0148076734729086,1.0879439243625328,1.099973647289397,16.210035170655246,14.280767010757753
18.78965114779233,87.80250364435803,52.7090887887667,7.6589330128919695,9.877868108195193,33.95839492219408,10.366494677825504,4.01880979506441,5.462662755770956,13.236692458577336,17.790538350599615,14.081823379654749,15.406472401314256,-3.2217191623663677,1.576916081159893,8.72766061758468,16.856979938406024,5.794925018639553,1.515941063968774,1.7003392670235482,6.547279332592523,4.760840015015125,1.046069570943606,1.0169926807524818,1.0882893790844255,1.0999645089746084,15.650405425328378,13.794619148014796
24.09231086603184,111.70148031898259,42.136014698521414,7.670922078832013,10.246378052218898,32.95568214459931,9.279336117172166,3.688415384570425,6.826910549462781,12.938240552377255,17.373936807705977,12.867786645610389,16.400456653548645,-4.2056026243433315,1.7876872642804829,6.95028503120258,18.971670266471722,6.742252351056577,1.6393712309120225,1.9094537425377422,4.96645074507312,4.40403133680498,1.0454890816638225,1.0122956929724114,1.0887854311363092,1.099969578250418,18.31681493577614,16.15883274381538
18.959071604586068,109.04553227309655,50.75007360045326,6.54239702099571,10.932648914290203,30.860516695823666,7.500470705961781,4.035382915770274,6.840792626477345,13.528116577313845,17.684074626944653,12.282225774717507,22.679238424677383,-4.161955198133659,1.6861896148825224,6.497864685887356,19.136000315142837,5.631776075975827,1.5568080521633851,1.288068812784486,5.938633186041048,5.054799244245353,1.0463187889496404,1.013235843066275,1.089946231813196,1.0999919387671229,18.38154632394306,16.12139380891035
23.603989442164295,108.90492343771079,39.758253898374726,8.3037493306347,9.799605509557168,33.72648922725453,10.148628649901962,3.557111256979762,6.612992428640879,12.497490611192243,14.728160677639575,14.333915440369195,18.690415498516426,-3.678165293907689,1.596295966240192,8.484747757311656,15.505781434542596,5.043126896074926,1.9526500946381622,1.8086260561331724,4.873478950174597,4.47974822551189,1.0459103264546983,1.0134466671264253,1.0921948360684222,1.0999672277152586,17.191959752722475,15.11930117011519
18.592316871125426,88.47043238841604,46.850710716671486,8.356432064368452,11.877141180269899,30.926957096245488,8.468549807794755,3.978026574318664,6.029940688451521,16.087166665281835,15.699487144242593,10.801424887147673,20.3389494717733,-3.6271622640734504,1.7192494058791024,6.208923444487217,14.441212742848371,6.625310440661424,1.6035692810569309,1.8157063201554817,5.287920525214233,5.285763820117415,1.0457954840644483,1.0168231922080662,1.0859676980037591,1.0999995587615699,14.718804428988827,12.999796947095797
23.385226978065333,94.67683109850559,44.0775401384415,6.726438904168132,9.10868830843967,27.18656753464054,9.551386045912619,4.113626745827876,7.005738936721847,14.936749793290634,16.619146165789658,13.538123309658056,17.178180117501626,-4.535224247901095,1.7092686796197338,7.6813218929413205,14.016970075577516,5.677168861630907,1.7714579552653869,1.833320710094509,5.908223870835669,4.76080109794082,1.0455503416728824,1.0159734055189134,1.0876354352962787,1.0999994966934306,14.932399027837748,13.188727419949199
25.838626851472522,79.53195195653558,46.31912594932438,6.207755012521073,12.274770461035848,34.43330331594997,8.208134386381762,4.001678347518769,5.593012482327031,15.718158872877142,16.41361294543683,14.248926426354508,15.336849822563455,-4.621984157035481,1.7450694349250069,6.9142532861584,18.787180574662745,5.293129180322637,2.068382764487612,1.35205144986364,6.272551467709046,5.08139695328982,1.0454246351537615,1.0184349102799701,1.085462811980154,1.0999656850456856,14.067671705496704,12.395820015255008
18.197919201296425,84.47455944879306,38.47716517362226,7.505054615012098,10.3096683682048,30.660618314713552,8.270056107751023,3.2198867561097786,6.693391404905111,11.059971314283109,17.301254171344244,14.489500481907202,20.275315592520688,-4.045425649367519,1.8510735988093776,6.555990538586143,13.804355236947105,5.195663594190129,2.0120963606641373,1.3021889707049494,5.992111857393696,5.99087503238262,1.0465470974929099,1.0190196374834044,1.0870506621390854,1.0998972782512635,12.56411977947197,10.967801279811553
24.78744209450984,95.00807356316245,39.4568141855606,8.607375483732557,11.643423716633903,24.95620936530289,7.537886225364083,4.07347754721123,6.512848641568911,15.27814871631048,17.158714245682315,13.064603548405476,19.13259227333831,-3.791466760100745,1.4828458161863165,7.3037878825761355,18.41856091404824,6.036462359955106,2.082616768767489,1.5637632092026803,6.04844782262751,5.262615106183977,1.0451352931888565,1.0153743977655796,1.0821368780958223,1.0999996418258335,14.601579545967367,12.846411121899605
22.495931368818905,101.83524056986226,42.77972791532629,7.637585883739203,9.426927116581396,28.13723366620879,8.955601447036551,3.7131139633636616,7.199295768310336,14.04351575936112,16.351819740412296,12.73183158223563,20.01919063846012,-3.2306542571686863,1.4428106117387822,7.085559279615416,16.417355877243253,4.745905089565531,1.5408173502383888,1.4571611569864358,6.8939558428904375,4.662694014206101,1.04610819897289,1.0149710705801631,1.0906903025812726,1.099970047345323,15.896501485449718,13.991557430272163
21.544116384412874,82.74896181598265,49.91811495896869,6.933276975168561,9.887326751404151,29.69555701566255,7.219820876977515,2.8107296457089155,5.414527894208533,10.998295357504436,12.563833494618923,11.881412098640856,21.299651164806576,-4.012395883656109,1.6081073446121064,6.8804664696243645,19.466844697033903,5.561074895670284,1.5027067920929558,1.674922570315393,4.904105072865715,4.690446285603384,1.0461951414265789,1.0187414478254206,1.0842149220646264,1.0999612086938095,12.545136213441776,11.010099265077779
21.76433562807058,108.30070473013744,47.67661061610306,8.21486664873626,13.407819438715835,25.151571614796186,8.189033491870271,3.352406505836705,5.909260755634748,13.019513806433947,17.32936157523707,13.787285833891628,19.82007962708935,-3.60262143986594,1.8072258459016286,8.865181534454965,18.732756596133505,4.643631044044217,1.8982089865320533,1.3127266441229446,5.237648751174235,4.119049400695544,1.045935977156357,1.0133740708400463,1.088915908279524,1.0999725854303724,17.401403548107414,15.300780417366267
22.600944531600685,101.23070794040143,40.42900363982011,7.246870204456737,11.003939560120829,27.954825656778816,7.6356900017466955,3.3865269062624654,6.712874436652539,11.183441388479581,12.397872883928144,11.962238162526798,22.35711540830383,-4.162973328887746,1.7143487722704416,7.0857599725135945,17.221907653624697,4.663504346944365,1.8979891534148705,1.8645036464487916,6.061170446559981,5.74739718693269,1.0457711279774269,1.0146640317945939,1.0846139373497083,1.0999995432388838,14.43151506621186,12.677699139317852
23.644086121445692,79.90264113009106,55.49490723530529,6.281989286841556,11.352174277013981,25.277218060762802,7.242143798631255,3.3908479641786946,5.599899326676141,13.424402666507056,15.360111324937924,10.382194487329452,16.134825042940466,-3.991482138462663,1.4996271060305013,8.187520462648344,17.61121654665048,6.601802122136584,1.938594835201842,1.5551558895296949,6.2012825639550835,4.550762348510837,1.0458758744949774,1.018946205655718,1.084777625270039,1.0999645919707695,13.167089662972293,11.67256462531982
20.018801169394887,105.08896082581549,46.77554115359825,8.507076235175791,12.644452234033887,33.719235584403144,10.499886849028346,3.403379308718615,5.658035036703579,13.943873231608213,14.13218764368826,13.213456767345182,20.562452556093067,-4.1939118288477335,1.5197138476928778,6.500580605096259,16.13871480738906,4.9708184142700285,2.080869865332342,1.5013615748722289,4.998346613558112,4.050895519811502,1.0460727789768247,1.0139416450314276,1.091571438634206,1.0999687938868543,17.551058607233053,15.460131502614711
22.965738312966682,99.35847932169473,44.75235166503429,6.298004142096858,10.795137449130639,27.272366441748044,9.637634303046035,3.6480909492337665,5.769608696801997,11.976619792976948,17.808694358287326,12.466328235676263,20.4308841919298,-3.339262629422243,1.5907774077820147,6.082610159608397,16.636221982925388,6.876520384513069,1.7166288333497761,1.3049574480479436,4.711817434932877,4.775973519893739,1.0459587674333533,1.015177581332417,1.0888559120438372,1.0999701094400676,15.53903279309593,13.664057006260114
18.749016448500523,76.23990698964604,52.69880429872738,7.473909947000948,10.255816578437493,34.22098155959447,7.618100256721893,4.138286360537447,5.646078790400741,15.59737983046688,15.513539543817592,14.359673387486755,22.678500040399527,-3.569912482997243,1.8951267106608594,7.168445684707262,15.839799047453164,5.429698081870453,1.8298134772902612,1.378652827634232,5.924610646030586,5.083409624820008,1.046355553794027,1.019950267725121,1.0888405473092986,1.099967370958208,13.751259690426384,12.022134093329857
23.97330773341027,106.77193056580822,46.661238617973545,6.99909307802854,10.121820339980584,25.89656127311749,7.40753129591649,3.2794271703685984,5.539404368799111,16.0186538836786,15.243944604450263,11.924167358274978,19.611553767552092,-3.337146854099285,1.56418799948941,7.878702964263191,16.52628160310188,5.572126817518032,2.155570840007783,1.8434014477753131,6.0863018229299,5.138754722364566,1.0459370014752947,1.0138141390035125,1.089339367430711,1.0999728783139013,16.633562799725464,14.673115665729409
22.74733296487739,82.9454402227493,45.79503365121377,6.199956979988333,11.090446247940982,30.007690090700425,8.019899049971555,4.149640386031719,7.0990692506868704,14.699573471461893,15.098984307441564,14.57944333101024,16.19295781305832,-4.35319527906882,1.3598853209387831,8.382631987648217,15.111096653189012,6.674850147962198,2.1197103075542865,1.375229420419274,5.713407403751713,5.96197475632537,1.046058330453727,1.0186626796436684,1.0867909986015394,1.0999634747965008,13.502192065392613,11.882963920603917
21.555976544246914,107.89847064834807,49.496546703150834,7.221002920075589,10.240310328755898,25.99803247481583,9.94247348895971,3.341156709552239,6.127512127769832,13.458557592006382,15.36058301422946,14.557131899772724,22.653619011234063,-3.7558313653751543,1.809612110148034,8.293583383964153,17.088232237665007,6.858029373179684,1.58434165118045,1.349929094598158,6.621191763336579,4.878299633267496,1.0461360364561376,1.0135565136721119,1.0893387152507237,1.0999928214782098,17.333488863692494,15.157565534400659
24.711689654517283,109.01163893176324,39.434189189996644,8.765732879477623,10.968469368055011,29.623103370249943,9.455733039935557,4.096935649422122,4.926643270408625,13.374954728916212,16.01882337288614,13.831351345106999,20.46324647968202,-3.3297188018766706,1.4716131765578762,7.07614657625104,18.621463058991914,5.2867229040017625,1.5917075739843864,1.8927667321843815,4.660562821463248,5.995641711363956,1.0456544641861374,1.013061349824961,1.0883446584169791,1.0999746079991757,17.060059240770393,14.958228270081172
23.234808874082194,106.57672320324272,43.87312285813921,6.123518444107862,12.265655443155653,33.442906244607975,9.865714075032669,2.999990402221174,6.7183641303070045,14.952183023381263,15.844901473393527,14.051868938601578,21.629002941550766,-4.077222418210435,1.3367070169405948,7.462883429001632,13.79559158221946,5.585499831995239,1.733116672170452,1.3222463002497546,5.4492636388091915,4.22199619758263,1.0459066454605859,1.013800101469071,1.0933679958799036,1.0999642107025969,17.743794679394437,15.591885286312557
24.37548162288005,111.06888481834126,39.62269100693179,8.983550230166772,11.301143165028616,27.13487499985571,7.476703470994188,3.500873975298585,6.818617928557427,14.61826697724017,12.219347028325284,10.53034132366895,18.261836948008042,-3.5806531707147915,1.4287259667558707,6.843013496726141,18.615125415491313,6.7958090844259,1.7316739400598478,1.8599110413647981,5.385870026895086,4.952873972687583,1.0450444868011657,1.012097708836218,1.0829675859255503,1.0999996618525953,16.499141590180923,14.594882225608242
19.321931701042878,99.4931372691858,56.95811892214235,7.914619011971872,10.563007096828699,31.244245862688235,7.642514442475395,4.044122712371559,6.1075248399028,13.226488607014067,15.411754139182975,13.333902022970165,15.7454961273215,-4.1848828651085075,1.434836275401939,8.14185789751977,18.741631034711066,6.505183737521847,1.8378006965336802,1.612908731078881,4.971472230307436,5.550692300806271,1.0458342634178974,1.0144001404800869,1.0863771934045436,1.09996983128712,17.13788027533363,15.157838233705553
19.71583342227748,94.07548353178024,43.67532065677412,6.486838223519067,11.78041848207498,24.241118010910267,9.89512284285432,3.2446215133655634,4.880328650930944,13.56009735188104,12.199237374824516,11.562941353730169,20.573021304663442,-3.2177958097301107,1.8171766351078416,6.011459767975749,14.918910491500633,6.358897410272806,1.6677145078051008,1.3452111283622488,5.4757426916169925,4.540786572769051,1.0465414905545953,1.0171007105745284,1.0882553394105132,1.099999984172686,13.379759478978642,11.76791362454123
24.67473931075362,87.1669495346082,53.32438886035725,8.791291320224634,10.90350203970285,34.33732909748183,8.558344994267493,4.149709783086151,5.097866439842398,14.509904039117512,14.863131681123296,12.129255931714686,20.008610278489368,-4.218017062949556,1.282792492576198,6.500859266241596,18.014625776211876,6.186014159501438,2.1355542036926476,1.7670641857605014,6.845792681936704,5.405081003069614,1.0453817759019302,1.016516494557797,1.0865800338532194,1.0999949049546136,15.70711325601991,13.878790332472644
19.947093170990364,79.33015027041228,53.18847226715516,8.038213633286784,9.175873335521967,27.848595497631543,10.64447933574343,3.5005616039942815,5.935859091888079,13.271577867860188,13.164941035070775,12.03303242799316,18.01058074550254,-3.2016738314924567,1.7712432822514679,7.249513295711637,18.739274448461053,6.612807362598158,1.5926357193830338,1.7007062285888823,5.735693785658118,5.7603134758429695,1.0461182275273355,1.0189988663102791,1.0839296441120745,1.0999695463350299,13.116913089043916,11.536220358497967
19.23262909525162,100.90000138768247,49.86022057747205,6.977716491818371,9.571972048357253,31.289349173631866,9.858950849276392,3.24187828126869,6.453391553814445,12.933706901102118,16.170713024364403,11.17201359646179,21.965634020034926,-3.568358970486304,1.515383032163938,6.174275856241049,14.020441089813277,5.836799614292601,1.6326667272441395,1.8147073444750044,4.674088661679493,4.758188097343872,1.0463895758938588,1.0151523025595082,1.0930020729040661,1.0999663844829985,16.5347884247949,14.578050046973887
20.288159345955723,76.08826513297521,40.617923788889755,7.337473731752651,11.16803333832456,28.370619017607456,9.111375642283539,3.6331843448679537,4.904214123551919,13.306113861048921,17.662455475690027,12.796683983058108,20.349321232688045,-3.6065076183503377,1.775354482017768,8.318764445628345,16.741405756423486,6.904352070007775,1.5303961546291105,1.2908465055293321,6.426767051276463,5.614311074729765,1.0465852017839146,1.0207340595056074,1.0854544704844458,1.0999703927530524,11.892152762091012,10.37485716028902
18.4033987487666,85.36716114588029,38.575601187569944,6.971658176772917,12.423675595155647,29.71193422700843,8.453144135405838,3.3204350128688627,4.883302846745742,12.418922848852274,15.772894100162066,15.108907774587093,21.637662285077635,-3.1568081448470253,1.8550787869918972,8.349595239895878,18.46169746051131,5.702550160888285,1.726563810927242,1.4738660664532433,4.792412072774129,4.456470726987398,1.0466296475929542,1.0187486297951345,1.0858710299606622,1.099967873955514,12.576799879529101,10.920544269405868
19.500519551609255,93.6000239866804,52.531137054128784,7.520381878329757,9.219143133523279,34.901919651660805,10.593807548738804,3.899265360407772,7.298840079816697,13.740204597121421,17.65809936750911,10.544073606333093,17.97917368678642,-3.4715947780905547,1.405333173845933,6.422408846678028,17.412826579998217,6.452666705333748,1.8563748475826598,1.3740561341364543,6.521807146245652,5.271909414327457,1.0458870112762118,1.0154788270527977,1.0882878090525667,1.0999670345995625,16.88262971530007,14.939641108169784
20.72927832918232,100.76122953579886,43.20938320312297,7.1293843138224,13.070336577231314,27.02795316692276,8.891957765368572,4.04619759235442,6.606840094652767,11.135897421289394,12.797926143902664,10.199835281121338,19.99500560574164,-3.818370543640252,1.3659359045774566,8.87380236317031,16.796940566998916,5.2011924423419025,1.8004345712313894,1.714957012950469,4.81687498569867,4.549407630095784,1.0458373747704945,1.0147283987459264,1.0849067999995412,1.0999995318681806,14.805568871198245,13.099911456901191
24.364460460873065,92.68017231677229,48.69055495565747,7.395760646716786,9.156671743040663,25.55584740187784,8.803949899470808,3.092859651571099,5.001948829929616,15.355708185879848,17.76790747381813,14.189165799903437,21.68876540495547,-3.4974843232945907,1.894801264328448,6.590777113360286,19.597493940802565,6.947980762001007,1.952440420137155,1.9079319883467662,5.96133228859568,4.5190835663521804,1.0456100003454731,1.0159585028805571,1.0853827818445363,1.099973872571504,15.085942845817717,13.197825232359005
21.15312428757759,97.72537604507265,39.63731946595653,7.971923524436428,13.355676708695079,25.843270267447988,10.05334241863818,4.071058311291467,7.182631886481337,15.984732263789414,15.027899446779974,15.124724172596835,20.955557574221736,-3.3722074405296607,1.585216068139501,8.154993526116012,14.922339697038714,6.126227225833418,1.9199523449135658,1.3841278360374822,5.950997924890394,5.543253821957215,1.0461689055656913,1.0158270766642952,1.0886525027643257,1.099970618133393,15.267498818544508,13.369768131171949
21.690414368171975,75.81604544012373,38.41281552879607,7.165369205668837,13.109349426574383,26.298385999322583,9.483709279938074,3.1109062189706487,5.664874774769298,15.379427283848013,16.264014195928883,10.64462832875111,18.458135359496893,-3.1655048312866128,1.5877696938259258,7.9873020351032045,14.066857420691727,5.310213058269264,1.726442370361553,1.8684998557798718,6.944351635781277,4.0898225979912315,1.0466130952241617,1.021168068396414,1.0886798952349799,1.0999999763210184,11.620700668263332,10.215378236428876
23.965548775940004,89.3665628220403,45.74380052070765,8.372965518974949,13.074550416011428,34.82095741513007,9.277641309737955,3.299969623020704,6.801619769495421,12.15540746961642,15.281881211847766,11.981578584546355,20.190396160179855,-3.495022304113871,1.4026194852702887,8.754717260026311,13.955976454784928,5.813822345945041,1.5990140037333664,1.3049151765284273,4.72356365843611,4.350443544211656,1.045154490747208,1.0161230293156451,1.087174589202852,1.0999994885895696,15.151718039734284,13.390794620440255
24.883566677112082,86.00379907305437,56.412779341399656,7.848131770687148,10.91603157016407,30.445048249099564,9.060114186814562,3.8622867552602553,5.56929040097376,12.706472114641633,17.248802043098173,14.967999086804056,21.983442528897207,-3.774338870573409,1.7794339219244044,7.429007199903296,16.583664618250122,5.114857853012898,1.865613818346132,1.3991269745621429,5.409230101835889,5.71006040323987,1.0454381744880756,1.016955276337403,1.0886932256046327,1.0999685971798496,15.637125715499858,13.72395589915859
19.157418023950225,78.04124418533495,39.55942517075705,8.939984942329447,11.23100356206902,28.431062447440816,10.119162891628505,3.970156299074722,5.6905461208020744,14.545537510358493,16.515891982477243,13.48562548927905,16.352122568480755,-4.486377610286609,1.6250205137510456,6.847417279110012,16.10351515130629,4.727164929725466,1.532064096880141,1.7699499203301512,4.64002699263245,4.833131656964584,1.0466714134286133,1.0205377418729553,1.0877383087244066,1.0999999705568368,12.235928419792593,10.7462202935479
21.895388371822904,77.41862494563665,56.845254476030995,6.767421006999003,10.322810263970538,27.18652164460932,8.02949998362246,2.802063350920836,6.65960129757471,16.020965698916143,13.256789160378869,13.528279734361385,20.838412084886233,-4.443543591381218,1.55048268608871,6.908792716921288,15.439959689912927,6.293281492788549,2.028081215884058,1.3962329393642259,5.500583138926015,5.8038803934983,1.0457133933337324,1.0192175363984959,1.0838247953109073,1.0999994909758057,13.339002734518646,11.737066387825493
24.362099750950335,112.4694646160901,52.661226725121374,7.275313411124883,11.606057496295977,31.39996820011838,7.482440938741647,3.562295742745411,6.610742821473167,11.703535041605727,16.572565035856318,13.125565725011684,22.43688557130172,-3.186178785202751,1.449808728035499,7.804661637899471,15.249157817047381,6.2974640606452805,1.9864838034157901,1.3456102170025437,5.832142356959701,5.017781111182112,1.0457496503980441,1.012260159351294,1.0922747943224693,1.0999910274244953,19.310605448826607,16.943166171345162
20.565357085470897,110.51260882162524,54.06192083597598,8.199516521005295,12.160183328092788,29.048250496994804,10.515580275947674,3.772433598154599,6.658713790440191,15.453130880451663,13.553466672479459,14.25992019164285,16.683828582469342,-3.658733445502025,1.4947906907326995,8.93557640516742,18.967407165686236,6.266714078889402,1.963480868363081,1.6397265884176457,6.837250347691763,4.992517505764723,1.0449060652205542,1.0119355854170577,1.0833844343510695,1.099957840023505,19.196004780413073,16.918959191443435
20.662893721670684,81.50317149558235,53.27225207123142,8.312709553509798,10.681910572588125,23.89728228471891,10.220390379784838,2.8159851768357034,6.597027462294883,16.039388392520706,14.528461515763293,11.353664897379439,20.5570196763297,-4.394719901544313,1.6297154022898224,8.901105825768438,13.623080311808865,5.811125788066506,1.957286842072236,1.8320899015354746,5.055873019626073,5.600006963527363,1.0459964081371504,1.0187368816695022,1.085681138436002,1.099812285613129,13.577507775563328,12.00615531007489
22.157497417236975,90.30214273738181,40.75839134643227,8.710499107083093,9.664583972645126,27.25549673866737,8.244163915064773,4.0199796478671965,6.521395305869711,15.10207954483341,13.412788676803293,13.334360426003553,19.545269471892492,-4.419215387789703,1.8598957187080067,6.036470314432161,17.755492262550383,4.760259053957771,1.8351782388556963,1.4640849465879542,5.3517217108913675,4.705917006904713,1.0462259538630014,1.0175532186969016,1.0871288429063728,1.0999618675729887,13.445425188909548,11.817372897515963
22.752818457750617,87.94700270639922,52.249205847286156,7.309763252144563,9.266222337388614,32.84836614131246,8.228729968533742,3.405873631438968,6.5524830750614385,12.595263248603045,12.257250510634426,12.059518918825093,22.377809228476707,-4.1211056597857505,1.7097466551470124,7.8968464609129185,14.601307802690663,5.610534564717289,1.9806766548215893,1.344878654434022,5.284618440528132,4.552638216931707,1.0455352174221313,1.0167829869854619,1.0867921377053213,1.0997636960730983,14.407448977181307,12.701582165286377
21.10992429152031,112.30029415870155,39.530648692594674,7.656851022917008,9.763553775414703,35.05398323583498,7.607892617018871,3.3650414033062277,6.680439362996438,14.604593911348205,14.439462675887835,11.920342773199808,18.221854077001815,-3.5322709705274775,1.411413080772352,7.44911909267667,15.063064140288915,5.30691106256162,1.912864365701681,1.899863892287931,6.04043830529775,4.153958934129933,1.0463354525316186,1.0131957162185408,1.0928495307487565,1.099968794869273,17.510499241867212,15.45531198232577
18.016065768253302,111.20962696146093,43.924199910676215,6.359883637690726,11.643719750433709,30.95905558382514,9.534617352427276,3.174362839000558,4.916870069483319,16.011082995054146,13.41532255231897,13.59421354330694,20.570387011078193,-4.071611570643998,1.480260732296735,6.813288761292197,17.24851739714595,6.649341869979124,2.1216482848248446,1.347779714818405,4.99920238122671,5.889472517566158,1.04657170452925,1.0133237485013493,1.0892938987491987,1.0999948252224587,17.412985005428265,15.268809383210638
23.753125781946,108.63120731958585,42.11433596466776,7.866261048172581,12.101105382990282,31.625320248274274,8.669346087120113,2.821552848367832,6.302339578602402,12.166748311569888,14.603515307011627,15.024511556625791,18.232668414082504,-4.430090506396505,1.4006659876795209,8.017381494075087,19.767326177474583,4.876391994025213,1.4459903584035785,1.5574929872848733,4.854891120679172,5.4967686993524625,1.0456523462443712,1.0131234021539783,1.0872708413564809,1.0999729346646132,17.039195378522905,14.975690552616882
25.29828240220549,91.71391025166604,43.18656659801203,7.400586089780093,12.201046223968003,23.70683910664838,9.32203436214491,3.65860835884233,6.435959322426083,12.106919231896738,16.175754231333634,10.624268750565424,16.714454557147686,-4.488853272780991,1.7527828164650026,6.041236662034036,14.929218368855475,5.1374230405441415,1.6349805561866202,1.4384382529791273,4.785061006123402,4.917881033193641,1.0458956498937542,1.0171082107318683,1.0887979425981051,1.0999999686671762,13.791086398351398,12.241577940454482
23.720126561143914,98.221651387353,51.10530630359528,6.326693502750167,13.222678381592006,33.494203639347695,10.098325146584386,3.952177327058475,7.155813639843937,13.738971417013968,13.113680826491052,13.293260727890907,20.845899351876337,-4.271151133632279,1.6137273754668033,6.2053761580007345,15.744189911176049,6.776178531634988,1.8608032150253466,1.6245324436836566,5.263740153366689,4.736897839833158,1.0454933335095276,1.0145415911047075,1.0891821218178555,1.0999710419150734,17.05686861229397,15.036891886084575
25.131604053849507,100.47232763081118,53.2948399515046,7.461210086125671,11.783507543163585,26.53092658316985,9.73965898902055,3.398641867184672,5.959811056147979,14.30634055271516,17.500232503954802,10.485152240771795,21.468048603837257,-3.576117652243021,1.564108450884082,6.065739986325028,15.27894595681984,5.806104482901903,1.4804467756901563,1.5943012668052257,6.79089665895155,4.210786436215611,1.0456038620160941,1.014421547106771,1.0913536840368878,1.0999702282523844,17.291737208524083,15.302523941576249
23.99534551969538,90.7964052912074,50.76692142170534,6.871119257875097,9.674525336185285,25.493458848400476,7.453771004315321,3.0599053868617405,6.500695299373082,15.561129303954944,16.772189086123323,13.640482294162378,16.03928216192438,-3.571132416221682,1.4782764002063802,6.749870839192864,16.69963758047256,5.88248485052084,1.6969579021231993,1.506425061591319,6.562248987142108,5.5785856966393705,1.0458235499717459,1.0167508984978113,1.0877072224745619,1.0999682071050716,14.766844184523311,13.03479826330257
20.031667818988872,109.79154856514441,56.457823125087906,7.073297327771324,10.547823770592885,29.566483010379116,10.588034925121224,4.0268472063992355,5.130265828703959,12.920746013665648,15.21809229090864,12.715912960561823,16.673359316320386,-4.459754163022321,1.713242101117976,8.51372512455541,18.982194814880497,6.376185580504516,1.7562316328997964,1.6707499232098717,5.0120477421978045,5.347290834949815,1.045600630870296,1.012454576960444,1.0872292017740186,1.0999590653568636,18.787633176374946,16.60056616747737
18.915918259816955,101.50802057042272,42.62991683361588,6.437355952456668,9.70047451584045,23.62350719558503,9.787462624272708,3.8253614686817303,6.136437373788352,11.671359125699071,12.417983851563712,10.257175149501418,16.45968614493568,-4.509734634573709,1.4345835786890764,7.062813981651646,13.979494016956053,5.155878227015755,1.8138416909617479,1.6689617171812179,5.209217368865609,4.115464318450234,1.0468762142729429,1.0162961848555414,1.0905256892286992,1.0999998928756352,13.903436853418249,12.341621543642193
20.75416530402582,84.18478301650428,42.43787101215381,8.997982920248905,11.721026176947243,30.17116562943073,8.696790372683958,3.4005220668022016,6.199808209364917,14.560720957994977,16.104790733243703,11.032205051143684,19.000856915782364,-3.7626546282531987,1.8371372584124062,7.894256763655129,16.815827001002123,4.907715569855088,1.876059280312856,1.3550104996353496,5.422319255312544,4.285683929628664,1.045799040446143,1.0179692753230314,1.0848825997025349,1.099999508557681,13.47422066121064,11.889906412507607
23.36719925617152,83.13157964934624,45.73235121535506,8.802851323961086,9.875337397627387,29.592099754713594,8.70937798019768,2.825373657464022,6.814329797117663,11.17284789409884,14.746559925022645,13.008245738289865,19.976041070270863,-4.1942653417202855,1.4420943254545378,6.029936329975349,18.083665918036615,5.882723310486383,2.0420047463092192,1.8056885522564443,6.596516709267888,4.97018931995908,1.0459595549555225,1.0184962527861818,1.0850284226004536,1.0999661573955573,13.069708984772346,11.480566547659167
20.255894475863993,105.18591307364282,46.86874344111935,6.637664277066441,12.790283607635404,34.014206545913694,8.878715122104612,2.9059796182337028,5.826295659397312,15.139103361098057,17.29457321013552,11.193641531887787,15.708999451392064,-4.488666706887228,1.5292191609464802,7.625282892802689,19.70795699201704,4.794430168760997,1.906788965365509,1.3274274704479152,5.511087914042281,5.607629090386893,1.045865104064994,1.0134634365527078,1.0873953014984257,1.0999679349381994,17.815137395695306,15.785142354939119
21.122538980318904,112.93383109506317,48.92921352817903,7.056332944013298,9.946098740053293,27.73614230457671,8.541119785534383,2.8961991488135457,5.781761046601327,13.306888006591814,16.227517003343277,13.496185782385767,20.58661897974157,-3.133047343727897,1.4193071357315432,7.985052865199569,16.49368940471352,4.652327263550562,2.019236142550912,1.774598126905816,5.912332458145065,4.132926651552545,1.0462238719326935,1.012925231758858,1.0921313591432358,1.0999685068311325,18.002673465866387,15.809218974269175
24.013350629942835,97.35432798571779,53.191074763260175,8.365310856883355,12.557449282371108,29.712495183574575,7.7051682654966545,3.7396204627315637,6.3939560355268075,14.808167210875071,12.932490796062384,11.150474015493469,21.967112330866897,-4.28996536558523,1.8612662327682068,8.27614596349176,17.245111231775606,6.1575879499046655,2.080172105236807,1.650436322887642,6.107147872441859,4.312953432007202,1.0455101855758302,1.0147376594970603,1.0870133124445416,1.0999683460766834,16.487327737531047,14.57424811147062
21.47363619060777,102.35384317858116,43.42042439180891,6.694852708794586,10.36594410084538,26.449707410315433,7.9736854933310255,3.394791180015322,7.095125973875822,13.53812209238908,13.040005469659325,10.551016080454842,20.49078670304823,-3.717166072520765,1.80597180581463,7.978532305922311,18.56704323159469,5.270914811450801,1.9384984241719616,1.44899967020398,6.818638872324676,5.272748563066749,1.045631873279456,1.014109746940248,1.0830409204996163,1.099999630971347,15.039485213082832,13.26120834539574
20.176762425521968,85.51520697117284,41.89051630656982,8.19170851503693,9.939845946230713,30.62457853794437,8.152686096931287,3.7267565227114163,6.868452937638915,15.001336312981126,16.454673932347458,11.11362982091664,15.871725597082344,-4.210360172440321,1.515742216828385,7.297038679210043,13.486829976148119,5.242217362318114,1.4642470107896144,1.8426788944647985,5.204680305066991,5.114674339146016,1.0464706905953514,1.0187626436370119,1.0905987854263313,1.099999968220674,13.468042926275261,11.924757755601863
17.698340503338613,100.48680970439719,44.41628285081828,8.809674328351305,12.93876948642448,27.438429296668623,10.443459224485682,4.19462074289829,6.894014220462433,15.362305277878237,13.404092067210176,13.089648186197403,15.711144946151997,-3.2680719814418047,1.919291271701306,6.979917748277733,18.24794117600434,6.511462923022214,2.057776755125205,1.9184821103373801,5.200271845795933,4.0807016537194,1.046241286814492,1.0148888902904771,1.0869615716444885,1.0999739349492959,15.908370196020588,14.038667067394137
20.929142376193006,80.26143963915473,38.6687830007785,7.175697554510117,12.471147364817057,30.280932156455833,8.326000761157275,3.7160788076898075,5.446124359953497,10.87765980878926,16.475546183161107,13.328614871109165,20.993499946207294,-3.180743306032759,1.8157565618116174,7.858578600108911,17.02094512873193,6.089104591625713,2.0623919377452222,1.6556393641977007,5.987804881340576,5.981358314131531,1.0464083695839614,1.0196446998395043,1.0852975507645721,1.09997053078557,12.11864439657203,10.557211098940574
23.928417850155167,92.02563058939879,51.765430640629575,7.263260633943037,9.985362071926076,30.64285214727556,10.541455553210227,4.100795328021647,5.714248878577396,13.649458317597153,13.181349955476373,15.217806036254325,22.65649609979631,-4.133233930343617,1.794824998193583,8.1453004838511,17.21857057442207,4.763767353014243,1.767430326637916,1.7118632333871429,6.211873344210148,4.746245236844767,1.0456450273976252,1.016098891249785,1.088589933692032,1.0999674736790321,15.506893585710895,13.586877019605295
25.533886444191705,81.66601297468192,47.80687261164151,8.180287288714501,12.083168410395306,31.253939689872023,8.191037568426696,3.018689196161271,6.431694397457173,14.036231427152963,12.988961821323878,13.74210685949846,18.65930713717579,-4.161706522900918,1.8159149310528964,6.50918528573077,13.407121923498998,6.447518000438225,1.8789821461098837,1.7277693245581578,6.58451954197365,5.605621869649001,1.0452949684008226,1.0181295224548137,1.0854025318106777,1.0999270598172208,13.563119654196143,11.956539241733289
25.7007868753422,95.55403377114783,47.58003649645739,7.301737087667819,9.648535871942036,30.35676534800787,8.197245087573524,4.089830517098166,6.302985562436117,14.001336974743795,14.03535097882698,10.424105908046755,15.441252616834714,-3.780402824878988,1.3341218419822323,7.8205408666204175,19.12966075744733,6.688362374323436,1.9145126952952074,1.415188372142676,6.6421526487525835,5.772186870626417,1.0453635220808726,1.01503420643892,1.0842522550528129,1.099972394908543,15.364174019334222,13.634833384364608
19.066953117391684,103.14621491183912,43.718253775486595,8.520026549552906,13.427625791568138,23.954306862886835,10.430517116847355,3.671682747038121,7.255053590762163,13.311051394642709,16.970432066205387,10.476961868479247,17.74812078059505,-3.2245457988918877,1.9042196054266052,8.450921721815511,18.940914877073247,6.816079336926635,1.5012745100062455,1.5267824592085333,4.8048009425820855,4.421586203100057,1.0461976415057228,1.0143989360546524,1.0864737775473088,1.0999770644804172,16.155898373315374,14.281508731707273
19.350894944686996,93.03595971227277,43.374908641713645,6.386973444725994,9.710360079141603,25.337851649914672,10.703076472484275,3.863009509685863,7.24133797525773,13.174598627142707,13.579076150709435,14.215329441822668,17.679529777112716,-3.587038062980343,1.4288038350130121,6.389036934672706,14.982914725151328,5.464341816459419,1.9252758298649257,1.3200414990204492,5.128376100023595,5.618047280583353,1.0461075854528619,1.0168036283968944,1.0861595460798097,1.0999994758384153,13.697186885441901,12.035541240031595
18.635282296707132,88.27086912096861,54.77227858592763,6.550972945876065,9.33066102356949,29.31754834194413,8.28871024060273,3.5887717102773955,6.841283932779679,11.540601836024814,15.380966543943538,12.727984502780508,16.294998773700318,-4.093437637425212,1.455129867430894,7.463502955632038,13.826288233199692,5.706235012735605,1.6606536969908308,1.8063239751586266,4.772190646633894,4.83721454983666,1.046477997464576,1.0178728998276279,1.090706700764667,1.0999999822035267,14.34628033199012,12.695496804322033
21.33918476146088,102.67822895495078,49.22037843572483,8.10832550507031,12.441180799719866,33.773995089166625,8.329951788200894,3.5532317875094646,6.929863711391647,16.143036107211305,17.22153509382083,12.047053694131833,16.683265530861743,-3.8834523583542784,1.7546505291750671,7.477707212259893,16.48832093240276,6.584694576909777,1.700210720928374,1.8302685918794532,5.583787138207998,4.656466211356679,1.0456443804053612,1.013742048362939,1.0887710525250516,1.0999667914862519,18.17907623299404,16.090696154602504
21.300632429213387,104.08900140286904,40.64915877275957,6.677114416250933,13.222472818970651,25.670801203100016,9.243818344551796,3.611040253326713,6.0746836874025965,14.28162434231482,13.289767285753806,12.967524320305879,18.02851673987642,-4.152200925021535,1.3703830677588158,7.712632250518428,14.510195159745273,5.286451906426884,1.5974710562329801,1.3970161791160431,6.555649407620748,4.5714151353217805,1.0458628521835556,1.0145173006202952,1.0871175270904223,1.099961829546212,15.295653440616867,13.512919690157506
25.407434426583418,111.90683147500678,49.162500185197295,6.514723412903808,10.637976130340522,33.01324070750892,8.522606623309454,2.9218241056239043,6.238555182664779,15.363652598078588,16.663721267375276,11.049625551862194,20.313011069534745,-3.4639866509596096,1.4196528221133904,8.622215319915556,14.93780184619513,5.250733843921785,1.4404704413481357,1.8372281818403313,6.478819966645193,5.254657870181356,1.045790306600857,1.012379877449889,1.091071547495835,1.0999930212331623,19.254422106053042,16.99960136916981
23.87230683098915,81.08919002055485,47.003147128514435,7.147706937540293,9.380118837631434,29.336339725536103,10.514662741233487,2.8560827666709723,5.591164628924856,11.9207210555108,13.33935405584755,14.774847523547226,18.757324812180606,-3.8474270841861173,1.7667684111713808,6.4634766120147775,16.51544195122434,5.637565696760858,1.8697756971935924,1.9197169300802805,6.425121434270349,4.795731406034855,1.0456207637973816,1.0186352816429618,1.084345660766514,1.0999994578449082,12.71456110768856,11.1349498855887
24.543160493738725,81.79229112961426,38.82246568222732,6.70152305229139,10.485043771391883,29.62485293802281,9.41446490594832,4.074848004100191,6.124043783303117,13.506888480978938,12.219448338544975,10.337350687493617,19.38881571056443,-3.8035586366674177,1.8170754527873911,6.482038754135536,13.44581183645721,5.681769941597892,1.6109845608616256,1.311753198936856,6.321068025486499,4.223185999914495,1.0462006733758558,1.0195525392701639,1.0890928756020015,1.0999999001372058,12.000820559964112,10.580618325358024
22.64021326006746,85.94995458628838,41.55724448278802,7.234444629674725,12.550477077478833,28.226704207473958,9.9027707371598,2.9756808155188113,6.765562263982792,12.079439954495903,15.95726305413768,13.03417029859226,22.261499850808825,-3.7242231280414897,1.3223457208540421,6.057466456653759,18.77034084485908,5.857386679374523,1.9981757173211634,1.4300323840073697,5.440594289590702,4.060207744422638,1.0460069875111644,1.0179601675554792,1.0852275489750685,1.0999669331223327,13.35260017125831,11.690685605558985
25.705753377303292,100.52526272448664,56.08288127795793,6.88710907858438,11.69935697829096,31.60629962585313,8.343178920927318,3.987352929021882,7.191073969476603,15.578217635558422,16.324839176598662,11.569520573002766,17.340281920002802,-4.622842099895819,1.286582077398843,8.148149919726434,17.96947451936694,6.08463973500353,2.1528783691825435,1.479602838888784,5.428734724000336,4.1578788058931115,1.0451340383791172,1.01363283657075,1.0875529580137016,1.0999649998135386,18.33376345133227,16.27849978231552
21.20348782519964,85.19630846852908,44.80555374563655,8.617098242377107,13.150970620603179,25.791650249661192,8.541032153592477,4.1000827869615515,5.030812644081704,11.298746851801445,12.890234295669128,13.183681197364523,16.343589259645583,-4.630199155063144,1.565897297445453,7.504553881050499,14.917813208947901,5.732627785648582,1.9165778154986481,1.7607533676505875,6.388973951886997,5.155782225388177,1.0463753133455638,1.0187883940776037,1.0864108301699145,1.09999995601175,12.589778756487098,11.106822723960983
25.209842846946678,106.1599276864942,52.714759953037714,6.2490407859086,8.99081327074403,26.106877870906583,9.588684938088427,3.375676484435564,5.86187127269032,15.576769196439916,17.257554574865758,14.778610341392215,17.58547338151421,-4.198047067873247,1.4538452360155967,6.57182949922335,14.505959516786534,5.433689680403538,1.7495694862414717,1.8118074694752437,4.918147336856692,5.469851694789788,1.0456882694039944,1.013772276519529,1.0928528217096785,1.0999674970686568,17.819261713334658,15.72398464804186
21.973028655163173,86.2097805120314,47.662710456267604,6.991823892122149,11.630447159467609,28.719358289691883,7.791859904683964,2.9632163043779753,6.213937464255998,15.673030379744956,13.969987811883806,13.883640544690923,20.205826297542227,-4.573225666322791,1.80542785107145,7.699815776716388,17.642682508274476,6.72425660247496,1.727653524902593,1.4891486117489776,4.665081714033655,5.653102148382928,1.045453383042365,1.017194881473646,1.0821138981806466,1.0999995620079295,13.841670170038356,12.156247229478819
24.312512479501205,79.29584624201371,49.26951312725722,7.4905043624273375,9.491816747880819,35.17070507931654,7.97290519486808,2.894127852126786,6.331427605984659,14.789880056518378,12.113362938441236,13.506285604733272,19.245418257231055,-3.2810934138450754,1.390415281245672,7.703922891948242,15.247814553728237,6.816892490471053,2.0294929652285165,1.9094830121687445,5.24243634636496,5.939447265595954,1.0452589325428427,1.0183396964062434,1.083693009134301,1.0999995214895946,13.43309523991018,11.806410236563696
21.10310998979072,88.45450820742228,39.20268295565403,6.240406383893192,12.060210426641012,29.00356213432153,8.01547785372998,3.659558428855326,5.496973808530271,13.919211473459882,14.060884132016835,14.34364531118804,21.43729082182752,-3.864666621070946,1.5045242299744102,7.087679389677283,18.62994445043697,5.40137640009046,1.5905227490689293,1.3342005388001965,5.722728040451828,4.964264197839684,1.0463208077110482,1.0179102541617,1.0852939487101156,1.099966944923315,12.993256375139987,11.34012130989158
24.659087606297234,83.6962740820877,45.5245531525398,8.53755344623682,12.649833776155399,28.138410696549464,8.852846483832051,3.224600247188996,7.155433903343122,11.440676335004534,17.48514656108876,13.634041575323543,19.23994836041916,-3.1709481348238135,1.5843815627660853,7.223244315008197,14.350492911514817,6.162870280121523,2.1392286533051657,1.6398008390812961,6.2982276013499545,4.136900905132034,1.045333536418051,1.0177409690112729,1.0857721036313677,1.0999995035601768,13.783264710689693,12.126488791512951
20.985349523691514,79.7443877209982,49.95665637545808,8.932985760971029,11.92476424147294,24.506275970110178,8.476798337946297,3.5709287312171925,5.863826924965135,15.301677656565932,16.775439188071537,13.268101582124364,18.038280383008562,-3.518324743070661,1.347759563656403,7.064693050459662,16.023465514259257,6.20790918624145,1.913875073494253,1.3248692093704046,5.557001611800286,4.363557734434725,1.046254565194796,1.0194718265354394,1.087230184303643,1.0999648516493825,13.289780381249248,11.704285620795876
18.721134282149873,106.53274500209943,39.04141894361484,7.354315942742448,9.713552377834,33.976096545005994,9.205345847790127,3.1239328909275876,6.1059225806859585,14.750026342396826,17.630383333159823,11.27986570156673,21.93498146818302,-4.577514418101285,1.8665091485005225,7.906243070585729,17.46200914544646,5.575448668986469,1.9817264752587271,1.6200281717445966,6.211656325249642,4.856915807697591,1.046554009277163,1.014325776177967,1.090929948152669,1.09999427008084,16.868968501636473,14.821818395718234
23.709389307894444,106.4260867833394,41.03986122624584,8.612106335345652,11.380528462420575,33.56705772726465,8.752686142827653,3.330656679536249,7.112748187342022,12.156314044761366,16.951505458705412,12.618824508347773,19.107125363389574,-3.6012105191235952,1.6467470083961702,6.975633588828634,13.540748910564572,5.271036764398906,1.4445929112527456,1.9061470637163884,6.8805335267818135,4.79031059494461,1.045942506269647,1.013900376898867,1.093234632920005,1.0999659872601648,17.250183278188164,15.22066961845309
23.682259015668123,88.38997378810483,51.07130116348385,8.528507330859775,13.201467976221238,28.32250485502613,10.019872738641773,3.1722998308849664,7.296410821256501,10.939155833327497,15.51703168674668,13.510290386788741,20.42914623376338,-3.3078046229109788,1.8806590614228036,6.543549837150248,17.415082597512544,5.1566085035655576,1.661195820255315,1.6297334667059997,5.607888731069817,4.320451201953013,1.04560707969114,1.01674080753744,1.087876751925693,1.0999690812446379,14.973047694329049,13.178381308242773
18.843727973012964,91.1156956179743,52.71925054462756,8.809812526417275,9.336891926922036,28.238626109200933,7.560884029402356,2.8232294728856373,6.494593585651254,14.053226986619574,12.891593918336723,11.347769192112766,15.380178927698342,-4.422517640883269,1.903801981471073,6.406378610384073,14.816995419401582,6.654710095556887,2.107053934528453,1.5485615249963587,4.757444135664252,4.07878366738564,1.0464490116755814,1.0172810479994705,1.0892454142768848,1.0999980265036826,14.314922980905232,12.70826306172946
22.341884837479007,90.16428770309498,38.787834415284756,7.853087272630172,9.01063536391882,32.89098910616142,8.303158161732137,2.856361204212925,6.315579419198894,12.947495837938495,17.72385046360861,12.924529205518807,17.291817775881263,-4.226724628829,1.4537548816273353,8.712729874222696,15.76815388416898,5.915695065640796,1.4764126347534448,1.5527175922894276,6.5710834120135075,5.611297610726684,1.0462162128949513,1.0174951403728671,1.0887162343769359,1.0999668088747256,13.936327791956133,12.27053764493304
19.30708509084861,83.878659395678,53.86687756951709,8.908411197314749,9.387216927303056,28.91069194522946,8.414835404271225,4.018963837640415,5.083800791819246,11.940080089813401,16.404711292015506,10.420572752824576,18.9432688934286,-3.809686974100363,1.4940167545527991,7.183716945956771,16.798805497216748,5.014372271461049,1.8518370323641868,1.7954766907519912,6.403573357113169,4.307799809387547,1.0459123839923403,1.0179285572315036,1.085252086043939,1.09999950056545,13.909821748327122,12.311246605809023
18.655485397355996,85.46481017662835,45.14374876764063,7.321704967481787,12.005043531413387,24.26882909955686,7.324821735213839,3.348674788121473,6.581079408816672,11.844550851965007,15.74336670828726,11.479926940736721,21.934254426982726,-4.5172763130559215,1.470263810740049,6.689981261889722,16.011058374519777,5.198033277617945,1.9241163671700265,1.808681398110903,6.2015737437140235,5.648700894498699,1.0464918326419363,1.018646812153873,1.084234714855142,1.0999994675303995,12.589954956152837,11.06582870646174
20.805891967960875,81.25002345630988,52.34962211424196,7.175842495630323,11.967293297026512,26.793598515384833,7.492426685304022,4.189614513682868,5.261131679350662,16.137473367402798,17.744588398096028,14.19259596785284,20.211614511823182,-4.021378998391692,1.8343049890418144,6.8683185648584635,16.385403250899586,6.076984728930284,1.7360571426260336,1.5535913306177715,5.406260428604836,5.128463633369073,1.0461573088710765,1.0188882238252497,1.0876959852073713,1.0999698066097958,14.075200852755504,12.359565526520546
24.742986903171207,82.95358928327788,56.10635970096579,8.174826467394617,12.648263992806536,30.163050173034136,10.006260125126628,2.8226805562752544,6.876848236462066,11.01674983906098,17.22388372312266,15.199170755972307,17.43491271254351,-3.4480969478058383,1.769832552869146,6.75907902276076,19.02733422426343,4.878594813805345,1.530687741393138,1.906656995264394,6.20330624398641,5.693774448857906,1.0452854877037436,1.0172587287089894,1.085926669401373,1.0999685306095215,15.234556879338761,13.403726181122014
20.175178995411176,100.84990768193639,49.60190373814037,7.913576365173758,12.01774541872899,30.389238242923366,8.744624529489597,3.1862917721327655,6.755338447428212,12.021871122017206,16.04643166468031,11.34533073905858,19.95250929165385,-4.285442096721285,1.4199768889001851,6.179829902583925,14.149665653481318,6.045912964068779,2.0516014124825293,1.3087979655906716,6.343230920976619,4.682637291900104,1.0455341140612804,1.014256322982217,1.0875763016602928,1.0999995580332342,16.502660818987977,14.606404039795265
21.513626250901456,110.3594278381809,44.58729517054936,7.494624279176037,9.021297218127852,24.562864896057096,8.130929728085222,2.838993137149504,6.420555795557732,13.102551126728763,15.186945408259012,11.047207704353353,17.44908342371828,-4.155566180770251,1.897793743123456,6.1512503208066285,19.192151890478968,5.978364387042004,1.846022088064049,1.6001782625329668,4.800994279297705,4.179753703472321,1.046298104125238,1.0135570621928576,1.0879636369671017,1.0999704857967108,16.274551326906526,14.388661611730612
22.575916209120866,88.20731897169183,55.77816543296525,7.316035233572795,9.601900934987832,32.03368223532403,8.256072317187636,3.5356584302982506,6.5827119966326135,15.661426200491182,16.64145952101799,13.595914224793438,20.36521218620309,-4.595642444690054,1.4693274223977832,6.003336282588562,15.085778274404042,5.145508000734046,1.9165209012820785,1.6855754238499387,6.016830407874958,4.032486886418908,1.0458799484912986,1.0171040579624164,1.091547351202125,1.099964532032478,15.919715283646578,14.055381517162877
23.68579351263162,87.55062594245332,50.955870509806786,7.771998422646545,10.495434545917023,25.187999951828473,7.539908031577732,3.9641256663571127,7.120890002679,14.308855452527219,12.536467324568482,12.202298261792262,20.739937920799193,-4.336520579055706,1.355659918266297,6.000092156536148,18.00858998464722,5.4673031282879965,1.6232265587651473,1.2882543806652964,5.89349462368668,5.702301470851964,1.0458484866500037,1.0174498246440822,1.0849966024853654,1.09996600562372,13.826461128990307,12.195302400285613
25.672242689646062,96.67726973910874,48.07650058638677,6.338571411887293,11.418950150910847,28.083753131791656,9.385687011180877,3.3442168870271654,5.466329861218895,11.312812486233232,13.796913929749818,10.650955758181782,16.544416826262278,-4.6602444073840905,1.564226276420236,7.59561529951505,19.08082703081511,6.949719849138395,1.8595544035281706,1.7999832454682698,5.3985031764610865,4.611487914894582,1.0455164797789378,1.0151641617697524,1.0845856453932223,1.0999704600363696,14.944469034445605,13.260172569568986
20.855468298232783,100.7000736575431,51.28350509855749,7.038327881334331,9.556780460132096,31.062275826293,7.661973103879553,3.6098895115210623,6.571949992457393,14.58330208053004,16.410693779531197,14.594125861553575,18.999688338932394,-4.259188735666131,1.6762705506341355,6.559919819393048,13.450579241932873,5.300136014770486,1.758984268563086,1.67494780443434,6.611905646767437,4.3924914334123315,1.0462202573735186,1.0151802544420414,1.09348710246675,1.0999618860399885,16.81801561791312,14.82162985113586
18.44977217631878,111.66392442083266,40.3058119752769,7.5346128531258545,11.583325504993992,29.988218166707775,7.509715765318596,2.8798376796050675,5.137379563004926,13.96217349291211,15.164295530300555,11.34740322354666,20.047083478026494,-4.399305303206813,1.3066105343018202,7.494389830644128,17.857021136361862,5.2253636708016735,1.6615950518110674,1.6727282579132057,6.72320988078947,5.619848840605799,1.0466661110481135,1.0136136577099364,1.0886928788556076,1.0999740101554132,16.677180526639386,14.694566466700651
22.421570301784385,102.87475432509315,45.215405630373105,8.028535205420223,11.048493528251454,25.84124641019922,9.726257785958126,3.579050492288351,5.755036659966763,15.721231626424606,12.044767342247331,11.76412760834744,15.632298623110115,-4.315782613305738,1.7293487706328272,6.994056656208951,17.766401670654968,5.5585743647746035,1.9845027298241529,1.570677544151492,5.596488968569464,5.869459830976602,1.0452535362763287,1.0139177117608213,1.083437906462607,1.0999996049474023,15.67371584581363,13.89450680552174
19.53763058705128,79.8984557710706,49.416464325520835,9.026738309343903,10.652719677497796,24.332033810819624,8.421498962314443,3.508304316047382,5.275092136182601,14.353751977505055,17.866586358500793,12.454836537985733,17.895937031149614,-3.745098500261768,1.353693554172929,8.649820804278672,16.03444235266178,5.538476634505631,1.9149769965099417,1.5629013893959192,6.143901647634202,4.122892580261575,1.0465680522335707,1.0198670538268024,1.088045439468738,1.0999628475350114,12.96962917437062,11.428461687495346
24.423118623508934,110.79818894449589,50.64439418336745,8.981880423730784,9.638416768377436,29.233511035868172,9.366504242203609,3.6144313063896614,5.859566740977265,12.625655810577811,12.675871174400497,12.150051648856373,16.436222194801687,-4.265610455327861,1.4136517987165378,6.175695915853602,16.947711155106436,6.020932979909012,2.067777404121964,1.6492682319473166,5.441515580638393,5.606023763052641,1.0456674514874889,1.0126134063891785,1.0892066558534392,1.0999724402784823,17.88612253744323,15.851460396886097
22.049620792866815,78.34728112490332,49.05906271318927,8.840376378081853,10.735480562232027,27.09664446241764,7.716490045264873,3.0120237307095,5.935962421794038,14.016671050472262,12.400467814810828,14.93300843224784,20.939015492583486,-4.035133312522514,1.8102007494009542,6.24056027043634,16.446210148147948,6.101816054319059,2.036630092405168,1.7814205184315313,5.282800659335087,5.881760339118408,1.0462113307659717,1.0198067965129178,1.0850828708694935,1.0999625221910188,12.398527839713077,10.835094335489327
18.439321903619955,108.335034749645,56.8043775724403,6.618546710596782,12.194855967632957,24.075369121580383,8.659522170500958,3.5227966188767437,6.296774351219507,15.854061140542221,15.9266140962734,12.604891992193723,21.35353027562076,-4.602831200688878,1.2941223351566664,8.947563816768115,13.85191740338284,6.529377327903527,1.641841021837017,1.364594980962478,5.660465084136097,5.287913158895226,1.0464506789707004,1.0138004630044013,1.0906748361666763,1.0999656429847244,18.21363410114443,16.068555611646133
20.666662014803762,77.41602458409211,49.701696990274655,8.82330595937645,10.676804839443687,26.152726776043757,8.793278445358135,2.8677077954682932,6.881989706131869,15.262240379131006,15.424482762040585,11.953762675807019,21.278353569787953,-3.985311758669853,1.8085966774720104,7.8943763777490625,18.488452342132973,6.028666144265203,1.7381815691152795,1.8930853503527283,5.895384073718919,5.210179037081076,1.0458103412417021,1.0192285235550413,1.0813509902575382,1.0999995700769132,12.92031588535879,11.34665113213627
19.273832710120026,98.93452174561978,49.16913825811388,6.641908729758956,9.226950196142084,30.731439972634295,9.949292169661154,3.5327619192908113,5.433325205779935,14.399218674142388,12.39743013059323,12.404515220393929,16.441587363827995,-3.4077561196534183,1.4094681274612506,7.160121171131934,13.619637365319443,5.562880782955507,1.8084293619225849,1.5893083423784482,5.528059112935054,5.678293216141505,1.0457848934454996,1.015041215907373,1.0880271112112847,1.0999995151869664,15.47346600064387,13.690745916655215
18.621435690209974,94.41465330568217,39.426231892209316,6.2963132637888455,11.53091900655339,30.279017413676286,10.360920646240045,3.5810231459241026,7.221890089787833,11.062952181359622,12.504125801293217,10.383854576777537,16.608104062534906,-3.9643813730690174,1.693166196113554,6.136755473846007,19.56124670857478,6.593823673828883,1.6535609871531072,1.3294000193449396,5.0341380098682125,4.253888827509946,1.046418674095359,1.0165471608280499,1.084559145575657,1.0999655102559485,13.600064816713122,12.008837234917713
18.43010320431486,94.89940442892487,42.94060310047381,7.168744738248599,13.392983893561764,31.67490813731907,10.616330401369204,2.9995791770463622,5.812420318591468,13.795551737724711,12.37747804885688,10.181272213630026,20.29530093685657,-4.1212384462102385,1.5429048383997515,7.468932228096098,16.038541523931475,4.695691704040143,1.6814675564765729,1.3933326434542657,4.868344118715176,5.913440867778698,1.045954088618395,1.0157893645282832,1.0854676951164517,1.0999995176413964,14.621825462340047,12.929476144738672
22.562442413365996,102.81576879003518,44.26975477124817,7.275167273661806,10.021419492657321,24.744194917392015,7.844513894789702,3.9165196634150803,6.533211764648413,13.753415930321575,14.751535642285939,14.845966160973113,15.75278560311788,-3.557737268651149,1.5039602262852572,8.347277436638363,19.87029707787549,5.198355594236595,2.0695012805786983,1.8115985666763466,5.161205162528899,4.798665160398445,1.045984209722973,1.0146071689991984,1.0860146926559204,1.0999735431349904,15.37676285876621,13.529533028197086
20.915960505459065,112.21935479008071,41.698653154364536,8.509440232158537,10.457183359495533,32.22427008015869,8.712039615464386,3.609703668363156,6.91157272691576,15.142494050912974,17.083882173896615,10.46285601275087,20.45958420310206,-3.3383803076859504,1.5461238835317832,7.645765245164065,15.954190178718958,5.845499087862977,2.157498942335006,1.3665390807762272,6.207058025180507,4.79200193277123,1.046315559680139,1.0129306000393448,1.092046083538381,1.0999938430214664,18.33998984065455,16.1685975188566
18.514525054515612,81.34120124394398,56.39010179141619,8.753988550003756,13.023547982659297,35.30008675476316,7.949935404030665,3.297615072309686,6.512894433016673,13.412533715247495,14.413601618934868,11.977681146624812,19.712732802770233,-4.017925748678528,1.3833330138011137,7.415219512555317,16.955052594033404,5.963065697856825,1.5912771788968934,1.7550536910414636,4.698461899984881,4.709663711086326,1.046067966429209,1.0182722189892888,1.0874197270004964,1.099968601599595,14.923348003093231,13.191568279625045
24.1322457892893,96.60748526536756,43.233425709607644,8.192657482802865,11.501911429819208,32.99567459158536,9.846090670283363,3.6541510908507284,6.071153527758386,11.519183478604626,13.477544786596887,12.289025322418793,19.754674581248555,-3.921384254135875,1.464438096614099,6.019393073369132,16.575028433421405,5.302652293464404,1.9689179765115852,1.2953256097731096,5.996800522229435,5.882948475012131,1.0450642286948486,1.0147124733025221,1.0848599498272025,1.0999995595106753,15.287614379533974,13.485528624252627
18.873872438527815,93.13175281148244,39.98798848354368,7.982073013274512,11.426381929071091,28.40691318571142,9.07695727730547,4.055204521856614,5.358958097639003,10.921848363208875,17.055522712806642,13.091754778530564,21.969004261510005,-4.0512345485245485,1.7985030975742096,7.289020090065444,18.259069943754106,6.758256203184465,1.8519285338799887,1.395702496359923,5.26361046687006,4.397289153794811,1.0464675076696983,1.016944230253462,1.0860646052570082,1.0999704802140058,13.87976455460418,12.138866462092942
19.502718999530963,86.90573413154705,48.854158002720965,7.867494553570051,10.870718867643538,30.861965201885855,7.493669732200918,2.922903531881424,5.299263883272687,13.597618489417862,13.19540828504195,11.599084769742293,18.242377554914757,-4.386511153456192,1.2888717669842307,7.9481364607098675,17.721340166110153,6.492881410427397,2.1115821161234254,1.2928882233275456,4.996778196790662,5.772342588111986,1.0462618513218473,1.0177900348987508,1.084682036404741,1.09996771572105,13.601574386256171,12.009645209618249
21.339941119783294,96.6337752750129,50.91708013518657,8.144362477666737,13.134197006857956,35.3640031254577,9.792566859351385,3.2021096928872113,7.026595861598197,11.065792938520113,13.297241883132,14.718719444715669,17.147055509739097,-3.4642156530099277,1.3684001876097582,8.57733527294075,16.60038684102882,6.205752231085639,1.6121277965340215,1.7651458694471787,6.403212864312069,4.6251960498166,1.045639322615476,1.014880701660297,1.0877622915382579,1.0999676303905297,16.56733395418677,14.60600264854784
20.924725254529253,83.26112965356998,56.91184676593393,8.04263183425757,13.146756585605509,27.17994941482377,10.014807286788802,3.872202101438639,6.56763979055436,16.01445046644072,14.265589803193642,10.824044003835967,20.30498733025486,-4.257723288744441,1.6480387670136414,6.620453679400189,16.629587452684518,5.36428018884038,1.7477759002800162,1.692939888540585,6.368898203042736,4.4644493818026865,1.0454022004728227,1.0173612765099054,1.0842614701094946,1.0999995564679474,14.969094429926756,13.268916264186991
20.878224130415553,85.5020079949646,42.037836457038935,8.461497148787348,13.033452071077726,27.968739791078004,9.90460412774556,4.055793405110176,6.944543073693764,11.78719229811182,17.61949961381963,12.073516317381669,17.778229024921156,-3.2173928705533377,1.591151138627125,6.327040846922786,14.93030441095811,5.375306882500093,2.0223549529140126,1.8403127362533738,5.341721856510609,5.717396242489148,1.046257775441141,1.0183398757076807,1.0889276882983878,1.099966403391338,13.66414214530083,12.043887011978
24.800764536369787,104.17204781050205,41.04481057997027,8.178581454578216,13.193707809320946,31.65397764945245,8.393820656788202,3.5008110444031635,6.455569105776571,13.55708020713392,12.63491953271658,11.745285346832265,21.298209832207604,-4.463812151909007,1.3678720209379651,8.857160257196174,15.463382182514767,6.17656787385527,1.9813141050888106,1.7996455901682453,6.834139309164157,4.625839096057645,1.045105623751391,1.0133034515265502,1.0845924112807583,1.0999995713289488,16.246943655219862,14.346518730416646
24.81183602550749,80.32196252147628,51.7203821294807,8.335612297722516,11.996200120581914,26.577313886394805,10.342955329254732,3.036401848718553,5.010868891310827,14.674310949304324,14.753835262787092,14.473417941390071,18.113818272042767,-3.3825145980720324,1.8153230031807166,7.646728894920215,14.536260061471959,6.311290876720554,1.8080018197124403,1.6667603086338048,5.70928414463927,5.657417967636013,1.0457134705282498,1.018751772030264,1.0878741735659185,1.099963677481348,13.709830429342976,12.061917648925247
24.56060437212887,102.08977080634287,40.25527433582036,8.63011574018837,11.966138152787435,31.82488515885073,8.506738225453939,4.0309913786198095,6.649906704573051,11.40798851925765,14.35035708506073,14.662812238757517,15.558694932900082,-4.619809926641597,1.7146640437245204,7.89412793293013,15.076513463080264,5.21719694987489,2.1182819180317884,1.4708943707098385,6.439172288388078,4.786243596414158,1.0458452914185776,1.0147807467185292,1.0901294681055624,1.0999631306632578,15.782779114956604,13.944020230986077
18.56872533441123,75.76375241716113,48.646200283731595,9.046367608388755,10.613730148265235,27.81486954111793,8.43872982425799,3.5287613722268016,5.955222315555276,15.551538984325877,14.932903918672002,12.73940981799793,16.25162411987623,-4.653073683820201,1.439982650156051,6.220092202378808,17.68329109319539,6.021249978763944,1.738904870874777,1.550203029683634,6.46134829682772,4.391425280199298,1.0465983714018319,1.020619466187365,1.0853292716293874,1.0999616500027325,12.493882343910483,11.006786923276646
24.479798808441643,99.80479125156428,46.2507020746645,7.4724069944149605,10.109779488193709,32.4749491258243,9.046349072298964,3.249196359849781,6.334362282456718,16.176966041077144,14.514163186753061,14.837112315955386,17.822127983426704,-3.205383022802978,1.4107149480757946,7.256085429983053,14.73837592586794,4.640526728666353,2.0988011071782195,1.8200828231877946,6.362117977049716,4.335629191292058,1.045694594633665,1.0148287374205187,1.0920835003360905,1.09996542357897,16.570887571746702,14.600761976328835
18.40475584150268,77.9073469601194,52.08343808933825,8.903576200491171,10.888800477690406,25.005859929553367,9.044614154635584,3.288364670442082,5.794572815413995,14.155185370440819,16.203559955042728,10.721866282275656,15.470485754129221,-4.671155272189715,1.4289461433059534,6.161491574725378,14.54077218519691,4.730382203528436,1.7221038441243637,1.7935371420488477,5.431687123437912,4.8883668137567335,1.0466820782004007,1.020435929831433,1.0887180937281675,1.0999999179972348,12.783309861710787,11.339423961894061
23.224093194565366,94.53512856023309,54.71084151672772,8.712748452139099,9.004399915800368,32.78094641650175,8.858640960870027,4.184376757825128,6.059086265136061,16.129238105096803,16.41723339278619,11.422912813835596,19.291801842580877,-4.667731597586589,1.828819588961231,6.292100681373664,17.970310058818374,5.441744639220286,1.4450272285538508,1.5382278201772799,5.184630258401933,5.637738541040943,1.0455367070415986,1.0151740337423216,1.0889453580590622,1.0999716857663726,17.131128716514628,15.167667809329327
20.288029684781243,106.54109278817984,38.25143259052129,7.015770216079402,10.040420160098773,26.35609486060961,7.445471831155666,3.0619739785747027,6.235540950520913,12.37334979332382,14.407672902681723,12.074483752163717,21.8568774299992,-4.532266438456404,1.5954924618597506,6.990467850946813,13.989156674575696,6.85189468016646,1.4833634003282141,1.4704961776436996,5.33151358671441,4.64080257228043,1.0467248906031397,1.0151480711482688,1.0902486364259556,1.099999974679637,14.842847658406951,13.049277509780158
18.786009799604514,104.86952271720492,40.58215912078971,8.010116243825614,9.514830199642063,24.43232052359689,10.473946213269155,3.066180272846188,6.883850377125677,13.741006703978533,12.384024856868269,15.01367681250538,17.076904869138385,-4.461046738750066,1.3880384037021214,8.561828646425559,13.367839317691155,5.827330659241195,1.9939986571835209,1.8782691311953812,6.749348955999049,5.63924973909529,1.0462476086821628,1.014919930408028,1.0869354848073112,1.0997813662108042,14.919155393950538,13.134076366152609
25.06950091506012,82.86659776234104,43.67360373400825,6.958464315760018,10.64920161088761,28.241183910545224,9.16039916875683,3.0238316687130182,6.566641859637814,11.704859312244336,13.769438553343104,12.71699326347926,21.252948267578425,-4.273572003852414,1.6931419881027343,6.46731978174051,16.912381094887436,4.842875884175735,1.7117014872935885,1.544650579385574,4.732362539514149,4.547976198939944,1.0459284446716324,1.018821808883854,1.0866581963926232,1.0999999534748865,12.563604993147875,11.030787981851079
25.655037375873125,111.2928766630227,44.97649327730855,6.211024331202905,9.762345328190253,28.22816996251577,10.612006912689226,2.997678688952059,6.742978658550437,11.386885712623338,17.76829516125201,12.098611815474404,21.091782495632827,-3.6544420891853657,1.6817080813816376,6.576048254220111,14.249579568131832,6.816308803798064,2.100706040091192,1.8479801217362448,6.091005604386496,5.6165364224325565,1.0458137530489435,1.01289190220479,1.0918223508205407,1.0999714478281621,17.861533395450735,15.713372057444866
17.959240612390737,87.9748510984408,44.23800374535683,8.012361778735944,10.55469082514847,25.352380023395433,9.347281471488758,3.940137488936714,5.812381326482334,11.514251061531802,13.092261655984426,11.36641519026047,17.479221706758477,-4.122760309989842,1.6646051101041401,8.088239584701117,15.687013177289248,6.551674552361549,1.5869431160321474,1.5801860784116186,6.4981778339761185,4.360317295465238,1.0464920431398819,1.0181322998223576,1.0843233184219543,1.0999994500448027,12.590746016677352,11.104752888984684
18.313611827269995,108.65721190248347,44.79681515195582,8.158965179723456,9.073561747102444,31.74255328323151,8.337964721569094,2.8780371950224186,6.367943138177405,12.100340606795136,14.225371162629205,10.569350526415489,16.318440708321585,-3.5848444873735166,1.3374460803585007,8.732478794058945,13.320152366741619,5.762555707765202,1.5287381698554372,1.4769146172658871,6.7884581787783755,4.323389106547974,1.0467526893325274,1.0143201644687834,1.0932057278436516,1.0999618819383732,16.465809790722183,14.608646595941899
25.743424535155125,83.11433212496141,52.41874399388578,7.741898885287828,12.922464699633482,30.137120414936945,9.124413188962711,3.07364120051576,5.285599643406047,15.749041416023777,13.873915665146203,12.05017785521151,20.974659804055754,-3.6485646325795793,1.889319965848962,8.213783306996401,17.246930170687513,6.6836767724638255,1.4757162540116275,1.4445201230010936,5.718884295392511,4.453957078943042,1.044798079514419,1.0168781392617778,1.0827205806284665,1.0999995817807318,14.584648583552987,12.86662276449714
23.81709702578268,109.99575861010436,46.34248469307925,7.120083104340161,13.267747279976296,28.84925870736498,8.96057424161742,3.2923098212786677,7.099298274149618,13.872359609721993,16.462560539602602,14.283978129222502,17.798052718571164,-3.796563156859793,1.8230219356200097,7.089766055027431,18.551729286120295,6.823102188372694,1.888711468608965,1.754641463969209,6.507825763935433,5.690079297793284,1.0451363509154326,1.0122783283800172,1.0856076862918733,1.0999630695301932,18.319498598977585,16.109235865761075
20.789062972596987,77.29160714175161,45.92387430604646,8.128218938543633,10.97756972829795,32.4377651801527,8.485136746087191,3.6886417975456416,5.334864323843697,14.846594957882767,15.172347974125636,11.19664709381673,17.418524918583337,-4.287829585387658,1.5888647908233733,6.648094321179217,19.70268070405878,6.29909004597518,2.1291370794286535,1.5533472290306198,5.742232790404791,5.795910432370039,1.0460582161456697,1.0194565183260254,1.0827732627314537,1.099969497498385,12.921496775615042,11.382351959759198
21.917428273329936,102.01026940060555,43.06154541771453,7.438048464856027,9.51305539883039,26.03056442334815,7.203396294963472,2.8549710723081247,7.2645725285517075,12.108709953738517,15.873331828643853,14.422626469902026,19.38501949019789,-3.358905420130972,1.7459945198951468,7.80075423029875,18.13550391326657,6.425812165028442,2.1422954647330164,1.6470804992170944,5.432607381442196,5.2969291138004735,1.0461465081874184,1.014962984442379,1.0866489649408035,1.0999746094996643,15.097790521985837,13.226040470330972
17.954065356225996,109.17393095435737,40.522564936786324,7.076642227172887,12.61453930520502,30.648286064302397,8.617087872998791,3.46280992312503,6.965095639413319,12.636023684723417,17.10311212148054,10.607722909361593,21.103668122785592,-4.442174307565388,1.396363297815897,7.291039597116601,14.378918503766675,6.279321579266585,1.8254503930043928,1.6866069418933254,5.09584976333841,4.4234917241048395,1.0467398140134294,1.0141793593139308,1.0921471130708322,1.099967940830528,16.904230017072212,14.919727613153704
17.720196785425987,87.4955047261751,48.942317924699864,8.68812213855188,11.94783496461489,28.737676616117067,10.631232411818896,3.8069432808061645,7.149603094984622,13.648975055669695,13.463069477767112,10.428359566732787,20.718244871277264,-3.3092326768886333,1.473776082094059,7.597412723651693,17.027726142857524,6.033353017010156,1.5597038378517845,1.5230319390858553,6.071890606911363,5.939637729267569,1.045820791738312,1.0168605795688177,1.0827820277979963,1.0999995980794777,14.321376214577064,12.638217152269235
23.675838275233296,110.12370956730034,52.81349455496706,7.878819585432896,9.820264693730824,31.466890692331653,9.444166437455664,3.6434568386401733,6.075077517891307,13.654745661542087,13.9132774616239,12.798108478622899,16.701424883156434,-4.376072059882187,1.398897251007173,6.2548988696684,16.176673615011527,6.167273259654063,1.7551561139521497,1.4571226444488377,5.934957146625822,4.6940046708244,1.0456224536693395,1.0126716088769918,1.0910980382813673,1.0999708023685257,18.60252283035012,16.47094171589352
25.457291550299175,110.1252688602626,47.84534919786647,7.076767341815506,12.262353214525742,24.033212733100186,8.909168421757144,3.2708527519784667,7.126107559650233,10.864816347272487,15.214776659281359,13.922570991818459,18.886136705182714,-3.253228727053846,1.9023752896178572,7.554031294128294,17.358196662278235,5.188934695881417,1.788118621276899,1.554655674853326,4.8137583534446025,4.212320707094935,1.045680968092811,1.0129980480641436,1.090000453812282,1.0999710809339671,17.168754501537588,15.113451035815949
24.629261470290963,84.39641579914432,41.96760215105382,7.614930811800423,12.403987148504056,24.33096891923206,9.276508510697722,2.9668946199768027,4.96896496401451,11.084817341675976,16.89161808492231,10.759300216830553,15.54315036953342,-3.803123823942943,1.8201558220428957,6.787225129467906,16.080171780372087,4.7326202755479025,1.7633365301771107,1.6496723716077657,5.964504364704976,4.6648533843487305,1.0460704321819205,1.0187848383581422,1.087387259368899,1.0999999663304314,12.464270303744046,11.018011904657538
20.098828008156016,79.37757796153102,45.253183890756645,6.382463793373813,12.39434983230999,35.002036713428595,10.692268044000144,4.011099539125551,6.3459328443886704,14.58467476511695,13.61982658397527,13.364313734476912,18.662936575743068,-3.8719470500520146,1.7649769986401012,6.845755066791755,15.391783021651612,6.7851689554184365,1.4804814922927,1.5908059509845378,6.757697856946239,5.220726015636314,1.0461711616415812,1.0191875578931164,1.0874144938219348,1.099967727652173,13.550300708229916,11.904333944891425
22.102813404161306,84.7703606733621,44.80342735091225,8.670227184046265,11.465297230322692,29.67395788633,7.558486968744105,2.8224394190371727,7.2313918603964,12.835725303348946,15.515149850113046,10.564952571791409,20.391668571495156,-4.574804065581299,1.6484257619183484,6.378345967126232,17.142630942423885,6.4179255344027935,1.7326199063332934,1.8430961586825394,6.144944451789085,5.798497836578404,1.0456545194055842,1.0176759899497438,1.0824301790084656,1.0999995410172276,13.453097169383451,11.875363662362862
22.772026101626885,80.30693078514179,44.16130551633121,6.693456642687469,13.031542709771541,32.572720793992296,9.63503412807602,3.2213528474842703,5.329069243802521,14.884835875140123,14.745981357439316,11.307010924925194,19.88632703405609,-3.182920809335985,1.4887489626420825,7.405670983773404,14.262443338486458,6.924398388010748,1.5905501025045223,1.3634260032276901,5.112200907417599,5.538122266319449,1.0455499170226876,1.0184393782150416,1.0847790909143853,1.0999995051551563,13.307110829269103,11.723420622469293
21.053389122479594,96.66487260987563,38.641695081579215,6.184671178062876,10.957298463225031,33.23653186977916,10.386859963347234,2.9213891946338966,6.193605969126495,15.73144030590806,14.232317616211402,14.37419442365611,16.216086973435715,-4.579215403881766,1.7609109232200337,8.824003178360705,17.772738430788642,5.483097122238671,2.1154904442177997,1.4563627368378744,5.410640251183219,5.40161683600348,1.0461159654339114,1.0158392380523986,1.0873205427552926,1.0999705893840308,14.987335399604122,13.187846707749802
24.00294547988035,110.37992327143613,42.15582206115472,8.50591402706644,12.268686319218396,24.352775763792458,8.594003308356745,3.195871639884138,5.622956635423834,16.107913149595387,15.750953384340368,13.805794881590977,22.622294043594067,-3.708434780633916,1.793177707809796,7.303592889913486,19.05370358085147,5.059125495842223,2.122334047486281,1.4200138933829631,5.396831576195761,5.51238446821356,1.045927664614092,1.0131003355458286,1.0883057272585976,1.099994161940012,17.273547228719703,15.11611922874753
20.77779462878773,98.27740467655971,46.74024534044747,8.336804608752937,9.982924010611375,24.28980424939515,8.279745830903039,3.4640321308158026,5.289968927350136,12.715905364144499,14.303898789029668,10.45155056593643,19.633135086199953,-4.499575747635209,1.3771154642899537,7.793424040204543,17.693868320608022,5.6128564585727485,1.9447902629022744,1.5428681878342478,5.810758508107648,4.014706089108854,1.045919600694115,1.0153892239284945,1.084245350656427,1.0999995172183885,14.438655008296553,12.780154806963546
23.364130590689097,100.2793921426372,38.97422477447971,7.199480326481204,13.346062646746669,28.564691438309676,9.00700345847463,4.073902221423606,6.630118977112445,13.943178708070807,16.67491590079279,14.550980633596343,18.672349345203227,-3.8611690492936632,1.527072598817175,8.900118420055382,17.909183928487927,4.833077513602728,2.0613309287853734,1.5875583621352116,4.799509062900171,5.099434510326622,1.0458571955579588,1.014970876514141,1.0878602023730575,1.099972752908298,15.690226169509849,13.788703438495713
20.980985941509093,108.43359757522371,42.140376821011486,8.592452412856236,11.45844533651083,24.244401577918936,10.698643084771742,3.51766134174448,5.5897395243250605,13.334796946741994,17.032832389764234,11.708907871876121,16.664340613298922,-3.321351145212175,1.4706300149697353,8.34014426112013,16.41159906489654,5.167757320569012,1.5596531997190195,1.4929468649666426,6.820624545094844,4.686053425180049,1.0463380765039065,1.0139488660485243,1.0902025306366532,1.099971631679911,16.57507887892084,14.66023328026966
25.93691697928623,93.64348357323863,41.66561411770768,8.789065879052268,11.022392071644024,31.974121853353388,10.741361699552945,2.8702454904479637,5.115934725881663,14.690466403898883,13.599677019641014,11.096251096506503,15.499150286629945,-3.1540808706984746,1.775670785996666,6.40330028210865,16.385664890048442,6.045680611216401,1.7484132964095693,1.2973482574951893,6.457723486003949,4.0210264490833065,1.04549277653386,1.0158245553337772,1.0887207450647423,1.0999650186540109,14.86998234211454,13.178620599858302
23.97320428319656,109.01971332593646,46.51589929061313,7.708049118217306,11.096885598927088,28.192661699756577,10.394728327333297,4.0515069149379865,5.699391929725344,14.121376671679368,17.44436907038935,15.047257174622063,19.06808870720756,-3.82640669624355,1.4583643621942566,8.87661561957123,14.228286981699842,5.985204616430722,1.6434361926134202,1.45856530582259,5.579527122712757,5.997585871631309,1.0456264892518234,1.0131594498618797,1.0907657400415873,1.099965985463753,18.169703834564917,15.973746017651848
17.837107543369655,97.15945570990907,39.8187796616345,6.549743323171178,10.929241979142585,29.62342954988801,8.131652670112286,3.2430399832241825,5.092199529424477,12.437386832758953,17.68068829870804,14.959113498896206,17.745075005041084,-4.010532140594868,1.8621410503110043,6.01855146792269,18.662938907041614,6.840217362470291,1.5057545287201612,1.3833265190610697,6.868931422429545,5.075080287280692,1.0465739673627015,1.0162123190604473,1.0862564782436095,1.0999728546112146,14.43289572563619,12.62473044180268
17.483226787214562,85.06757371340979,46.842923052020595,8.186443089515294,12.244558494052862,35.34597385252038,8.235040317781532,3.5535081426158652,6.181309456777436,12.990484401015083,12.928204887300826,15.125479340973918,21.685210618666055,-3.89739952413901,1.666077070517779,6.681783160678987,16.890746147401202,6.252330708841824,1.810920260438344,1.9137825091743623,6.058312642494724,4.741947425184338,1.046374459893868,1.0181112654820164,1.0867658533931928,1.0999692354407102,13.984498921591761,12.221126493685723
24.062279599705473,81.78302743639628,45.59194235806382,7.134755209147861,10.89449578608284,32.825001945958974,8.943022915788267,3.9116202303723475,6.286632923661272,12.6471749471508,16.747473312353495,11.370511526409706,16.905310646478444,-3.9070245615255432,1.446943517415737,6.027261104853649,17.584695581264043,5.825737665815963,1.760772826435076,1.898859849355722,5.96518210679396,5.726863155578768,1.0457352467179408,1.0183541274937884,1.086253345911109,1.0999677451599759,13.734007825050558,12.130821176041156
18.57042805026079,96.80769953071683,54.83577046309485,7.85264150213089,12.176703518008967,27.990114100184048,7.53281826133344,3.4410604131779,5.842529713646812,15.482124984846314,13.374212002020736,15.07100987587835,22.48184971051417,-3.5063053631914443,1.502753251505485,8.686667222621656,19.698371546750156,5.668778718579622,1.6711178728614466,1.616700168480987,6.235624558768505,4.54694903074996,1.0461209175004895,1.0152899364669292,1.0861445563852499,1.0999933740738241,16.143132301667855,14.124163476132956
23.75258715569355,77.30644921607968,39.182510701655644,7.254314623642458,10.543559900432028,27.324471941332394,8.967671145608076,3.2490270152361997,5.349109321062144,12.471135565078445,17.730429465949,12.24845615833383,18.57981710412335,-4.019410184323778,1.909338091785105,6.724803829307289,17.80371321393536,6.3010844890168,1.8772735800910074,1.3366901373674525,6.210343679919977,4.128189422072351,1.046286725398817,1.020397795980493,1.0855422072082221,1.0999626128029012,11.728614850569375,10.267149754670463
22.534518198093103,103.22741875771527,42.27374430865345,8.638530902930032,9.09598504878786,33.55699179116801,8.857184582313954,3.1046231159043023,5.206418673785282,15.947858704944812,12.353086901983694,11.171394573274503,17.84344984049115,-4.087566364379348,1.628672694576703,6.376930477236942,15.203793812021747,5.193904108919575,1.593750855233046,1.5431323753471917,6.2733529700126445,4.434905864434472,1.0454452758738129,1.0139794611017545,1.0879782820512645,1.0999995272933412,16.0033243834349,14.178487061996083
20.54277267582188,90.089768643375,56.90984884280504,8.982185724912368,12.5446163707293,26.45157526566639,7.44493433073001,3.2436657928088746,5.530978700618547,13.531999320790527,16.55525834400405,14.520280529504596,21.620967049119862,-3.6810938755079854,1.719829979814837,6.93850259257266,13.684412807081614,6.267631416198825,1.4470758378502473,1.5418768559734328,5.4041599047808155,5.386755077037705,1.0461002591924056,1.0169622904049027,1.0903953623911524,1.099964661723714,15.495771581598841,13.628164342103375
24.01101070356009,86.81828588339798,53.75830851618559,6.973506951934998,10.959542092739794,32.17881861876678,9.694512825209237,4.182315861237079,5.429392899086873,14.376516733113746,15.553704173323633,14.80870014880935,16.388352276501053,-4.292805135195615,1.643691914412012,6.823997609363716,16.430247829937237,5.41436170520193,1.8571056500076917,1.8489603909213863,5.960787563836308,5.263444836653168,1.0455593941933956,1.016956976829489,1.0886046123142006,1.0999655879112393,15.46937493592542,13.654358140744872
21.862731312955678,77.28791628286554,42.69225560747092,7.575685257473531,10.349854071176278,25.744810453582094,9.014878230906378,3.2519337108269903,5.509782649343132,13.305521254178057,12.714374178169752,14.872948324023069,21.79453594418622,-4.223888113755235,1.347976849656612,8.327631763409078,18.644836658643886,6.421213913097263,1.5220554387258538,1.6921010925233695,6.575633526138604,5.154706802439335,1.0461573492090503,1.0200696598776655,1.0803158933774941,1.0999994942684423,11.380802362655437,9.88752756736043
22.970816016979814,92.63113590478322,48.34888395618308,6.184505649389244,11.822554338440314,24.56107711211568,8.766052539624805,3.209717136734371,6.21084419851658,11.520448211825318,16.042194675760978,14.198658607596627,16.44149381804799,-3.2827284162689363,1.37312990898391,8.631382685695504,16.787176698062208,5.7240455107374055,1.5168325097536952,1.6957158443244555,6.653759053196608,5.6563717386469055,1.0460008866558967,1.0166204533563803,1.086841834006039,1.0999679476610462,14.263504888475198,12.558482747111928
22.794154873953353,78.19650204343506,40.389031159605366,6.229899320813867,10.113506889886262,25.20080531249246,8.136172944908763,3.339081278006546,7.18087799313357,14.096030722821137,16.896443762670454,13.768585623618648,16.0550237920024,-4.26803583394336,1.4560632841978398,7.917323540984118,15.543987504989445,6.954599650774009,1.62975706523768,1.4586435012955326,6.799159632904764,4.049288809272645,1.0465572255557964,1.0206749766611518,1.0869107575888575,1.0999999921096735,11.742440639739797,10.290643237172306
23.407260414739348,102.6902984029279,54.23155840008683,9.042295504340965,13.330696597821802,24.370265739284275,10.158621561910449,3.7048339071203342,6.459514807870343,11.493089603719353,15.795115512016094,15.151011509454339,22.1298211284998,-3.8050438308555665,1.3055667029031006,7.086880470000614,18.767231669027687,6.267477915399184,1.7707274320276485,1.315264982501652,5.630395768550062,4.938049879435767,1.0456074921640643,1.0137795280355404,1.0869827678795272,1.099993316973274,17.41490771867287,15.268358658681652
25.4198620255211,99.51612438297576,44.19880376643689,7.676967523930193,9.255927779043278,35.07630518066689,8.496215646950613,3.46901429687839,5.746892897138091,14.48556334262748,15.866903663644372,13.793837337488009,17.2378885450506,-3.612442830615943,1.3601607879015731,7.966529915538338,13.544252925508735,6.0266230184144245,2.066181037093177,1.8501325749053656,5.681767604058311,4.918607376426147,1.0456612883595033,1.014887019546054,1.092030439586073,1.0999655859244903,16.419850620575325,14.497292954128541
18.02809250850959,100.6344261586936,53.942480117528795,6.823751365998327,10.847427949717474,33.49830417383019,10.357633683584236,3.1404519723699167,6.223392348280928,11.839463013433466,12.52719743427176,14.788492147071143,21.43585703216403,-4.305654446812952,1.31121044404041,8.531186378130771,16.18861266401175,5.434356686046394,1.8334629799382711,1.338466075343076,6.395419994497566,5.164870153776592,1.0462553303341617,1.0148317277102894,1.0894711506122854,1.0999659153130976,16.77388904764922,14.723942647185666
18.979602040859096,82.45258928729764,41.762834218069536,6.253287258157879,11.593337053185147,33.516108495544394,7.262993570354599,2.8686065029597834,6.277559475116147,15.225276701084681,13.867363787789056,11.936041145943229,19.732233380975497,-3.547772107033669,1.297029354289718,8.205685554304788,17.43431542193125,5.987353917809129,1.9740125728741127,1.7121477360397042,5.117646212573705,4.704962093886702,1.0464917526810829,1.0191058764852852,1.08609418115647,1.0999682326999936,12.77003324990938,11.209904730334877
18.454636029770466,80.25301226558577,51.16886267033702,8.690144325226795,13.273041975697902,31.014495987083443,7.862764764099445,2.9479104836285033,6.863356370549688,13.925284972343995,15.604978725241772,14.129827410873922,20.54490693076663,-4.421754874455511,1.3159768994943224,8.242561910239514,18.929662308618717,5.303833298503289,1.901122037275142,1.481063720855662,6.862492874239293,4.066847144871008,1.0462553629915117,1.018956111224734,1.0850528307052543,1.0999701420487853,13.93198200630341,12.236744862471891
22.392601884470047,81.63385365282574,51.857650322987276,6.614706461592733,10.014517013304642,29.433575570339944,10.49340581998876,3.0964001210071594,5.231945651528172,14.898474892011766,14.903692412710228,14.791868370899397,16.314270634414804,-4.1276475131159405,1.4290426535371619,6.470281285954918,17.817971316644275,6.017348318188261,1.9834757700208785,1.4780560489255568,5.67929424280668,4.810943352660837,1.0459146466747122,1.0185040764562632,1.0862002239062112,1.0999643159798658,13.837526810383336,12.173971830266538
25.901896547229338,86.37194068994015,43.87690559719018,7.157826554838966,11.48938148418064,26.577408382312193,10.495043785365386,3.171959790812769,7.065790385006874,11.358765343691559,15.833113706301928,14.767486433666278,16.482495731826546,-4.630590057754837,1.5698453506659276,8.837145325323073,17.774085089703515,5.339681538106639,1.5755778179403166,1.4743904295840637,4.855800389489406,4.28773593268666,1.0457455894236398,1.0178264157693284,1.0866292136981972,1.0999615354004915,13.504736739272227,11.889251965690002
18.26845262220746,91.2965127281819,53.45145855404505,6.5098060048176745,9.543835540612065,31.1924616043045,7.909858735085039,2.9366540533525884,5.287110530821609,15.788149537734592,16.815968666546098,11.958647976763878,20.184237831688183,-3.9581500509221392,1.7133595286288408,8.048013457388278,17.454793859998354,5.2573551750065555,1.4680846229492293,1.5715627404736698,6.707059412482433,5.138994517037152,1.0463291116904914,1.0167570648469615,1.0885976812110065,1.0999704656455653,15.436480232043113,13.605346533256135
24.585154241972557,112.72440524277906,41.36834182312384,8.183004022991625,11.980835210176108,35.163474278827685,10.748162642230081,3.761350056413781,5.474420092436554,15.112201525905235,12.557893639897788,14.125952465191874,22.11749054349969,-3.717220095838759,1.6836065887891714,7.290428196290479,16.186759965121176,5.360060462730838,1.9887333267242335,1.8791530010665634,6.8225419934239495,4.349562569749868,1.045746993769198,1.012336684630689,1.0918561712235406,1.0999916239611585,18.66255657893954,16.345656362997964
24.952774879018992,103.14641671297397,43.07425110119833,6.2845452232814045,10.160627755642013,34.364057194022,9.47944322962478,3.8094765252570206,5.507451736706194,14.68469604010403,12.087604177416427,12.066632436526909,19.963325448921715,-3.3479106422444596,1.8067222876460383,6.705093896435756,17.611146589114487,5.580057370774765,1.8691513887439062,1.3487683536825015,4.679237695818129,5.819128854760603,1.0455602493459486,1.0138683065872995,1.0885414987352395,1.0999728038886036,16.33901812065623,14.386479055324731
19.700388476099146,106.2454294647677,57.34757774502846,6.72275102431669,10.147964920501433,31.421745494089052,10.675615084562237,4.0821400874670415,6.107016268960027,15.093595525644314,12.729045284475411,15.12538597575638,22.529084578673494,-3.3754171742915067,1.4716307998739884,6.300464992520301,15.084204856683915,6.5330174314432785,1.7123872371589868,1.3365740589739254,5.433963217487058,5.96276666848256,1.0460367826387418,1.0134752983370199,1.0921419207665817,1.0999917948186448,18.655335713346073,16.325028945699565
22.82565360684988,91.04094446058403,41.424216378067804,9.077977463742432,12.637403561498816,26.92143216892085,7.452247304596282,2.8792757803285816,5.1737226847935025,13.936150351517878,17.455429990384737,12.6834566142704,21.606385666667098,-3.8155831269813003,1.7334934692914084,8.195618211859502,14.43511900719817,5.478021256823883,1.8988575527073772,1.3252458292379945,5.478773235610059,5.069598932562385,1.0457290694626782,1.0167421603735458,1.08634659881302,1.099999484709969,14.027329695588955,12.334203014962629
26.00722859962746,93.24042463961356,53.843005196025864,7.393484546602518,12.527830437336295,30.62589465911728,10.391743589408634,3.3753195732901538,6.354502784364408,14.202100875341669,14.407602333130821,10.893105181932405,15.911051492533751,-3.146007618935428,1.8390619291169372,6.709424736716084,14.684404815230941,6.347602128988472,1.670411601422922,1.6038686031435756,5.0170256714900985,5.919491442923938,1.045253570574092,1.0152737473500977,1.0896083151093547,1.0999680838595303,16.42498155111737,14.598036706423919
24.75172655214962,107.90759299332133,46.01751407269674,8.397578089669805,9.604565176146215,23.70170423058301,7.271902557280902,3.621242432366384,5.991163568804975,13.597282884106008,11.964480316886627,12.307248027859721,20.65731802512654,-3.8106021750692,1.7486202920398222,6.699056893190504,18.67926290975866,6.005160477852009,1.5917494315895326,1.4315011045464532,6.0970306778013255,5.659879186424886,1.0450804617420575,1.0126465544910281,1.083031078949934,1.0999996348119556,15.917231298466644,14.009682282847681
20.967649148013066,85.09276016952768,54.817261924130676,8.114575606922537,10.967422983028182,29.35722230429576,7.9353232845710275,3.6775236820907815,5.7553317257246475,16.176483954041487,14.781893750960853,12.628298879443234,19.500473584321107,-4.550139364865244,1.7925235839102402,7.353390209393524,18.052163126059366,6.0000663571713675,1.7945042750648992,1.4030820945819844,5.716332131215347,4.49163717404515,1.0453361170292212,1.0170510054938744,1.0831623243493442,1.0999995754571705,14.781485081880188,13.051613817096479
25.300829860712362,87.99812873254236,56.447287957878075,7.700488081887921,11.789318816469198,30.006697244974067,7.665770221080123,3.326149706611117,5.121916513957402,14.16395183859026,14.583370203394615,14.112163655580359,16.875575655595213,-3.3767230511497623,1.5400526278168114,8.779756149655142,17.997200851682415,5.611902809519571,1.8124359622231037,1.333896327153343,6.924216079592581,5.332814609389837,1.0452830030515021,1.0163034190882512,1.0854679105947245,1.0999665620066892,15.385992204484129,13.583078337505448
19.837307314262507,97.4332602940304,40.33330283923917,9.016143473175052,9.743036745717479,31.246757753051526,8.08363606514015,3.8045859357079497,6.775444136066285,14.436466536121735,15.582416783120948,14.693742997276217,15.797563003522162,-3.636227034617104,1.4389039869637417,8.964041886196263,15.865548136988041,6.339661462237725,1.933002117994323,1.4157319919855218,5.194474618090799,4.562569127106068,1.0463172647485905,1.0159639012118908,1.0891138264038327,1.0999673879297296,15.055456079477505,13.253789172981127
20.928584775291412,84.18936847371185,38.615736350119725,8.753354892693874,13.28593204458636,27.630530566972503,8.418624765931703,2.8099285378841197,6.539811679526112,15.257375437042596,12.79378547014562,10.971105054785125,21.204632699782927,-4.081413567432466,1.308710756881739,7.867640971386845,15.331213679682607,5.495442360692363,1.9942066211737537,1.7989985233104708,5.568827374268407,5.894305872012709,1.046162091205575,1.0186187964753488,1.0837344866876906,1.0999994688690524,12.484024192622403,10.990613224959622
20.888096391823986,104.44278180747054,47.49173329846863,8.808498272627135,13.0267703715528,24.63151833287879,10.571375992716813,3.955748778128582,6.810798142922907,11.884921234301823,16.718510484177806,14.478674292199987,17.39754254185155,-4.605525722245225,1.3119104936954653,6.449727759741419,16.849538756662056,5.975838533003758,1.9045080599766504,1.2908602427618987,6.868050917123342,4.089176185468288,1.0460911297178506,1.0143184462363721,1.0889270119439909,1.0999717567268026,16.824938314540503,14.85032809442695
18.601777749639133,75.88806702038184,49.078333244583085,8.914091327119754,11.943443304040478,33.30735812806904,7.247812332450888,3.5588214178716164,6.001333665113473,13.494426898792282,12.35039058459772,13.63693163423208,19.02447515292562,-4.313632205783572,1.5905860057994978,6.448144908679297,17.58442617507674,5.039936360083986,2.068124085615467,1.6723943930043146,5.004713009852134,5.924676114962413,1.0464344290360432,1.0202399345972586,1.0850288380974187,1.0999614314361836,12.609868542418472,11.068573115153528
21.859412221750585,78.10681366652396,50.225045132416085,6.849724677318943,12.560546664410316,33.25030046808105,10.724210481076783,3.5026173434343053,5.990094786535678,14.868768269410994,12.709525111797882,12.93833081006907,19.351481760994467,-3.259578071584204,1.5475098147244246,8.559854395701604,18.964860050044546,4.87023138261366,1.5053190355784383,1.4481251052812387,6.669457265125264,4.257805170146998,1.0458062773116632,1.0188968424300389,1.085603173491787,1.0999700995007726,13.708744351180837,12.054841863244327
23.609572246806234,79.17192054702174,50.15439576365842,7.1624445893222,12.494334554087084,26.35754729613929,9.501126585803856,3.129955548406239,6.621331090793655,15.517861386628043,12.67573872279549,14.562306098065157,19.711171933548666,-3.3182923657525576,1.5536267874302156,6.482580880455294,17.93030998207402,6.400574071849642,1.5161734945964154,1.6039295057245724,6.529930129980128,5.872326083101993,1.045761436712147,1.018904652278862,1.0837722821724396,1.0999711944345747,13.188349210286644,11.553265726740129
21.817335083318564,111.16652114567783,48.48237311511929,7.278339103583719,12.75995001591697,29.41719598340545,8.898849038032283,3.4864374851737594,6.9461554045621785,15.292484325115481,14.324979154943659,11.853163288142268,18.93865298269738,-4.01352511518989,1.432535814801918,8.38186525414677,16.51024556446329,5.414985672334306,1.5169111149340735,1.4328609026583086,6.842332318473882,4.610199373639054,1.045916268671818,1.012728723772053,1.089316539760624,1.0999666613760422,18.415346912675858,16.27705809276565
18.82569863170587,92.71815078956014,44.111517653047954,6.1868841208244305,10.40769057341179,30.020481762485726,9.18616453927188,3.2991824896476443,5.9714187252563455,16.013796758467738,14.168996924292658,11.471792211360713,17.050349534907376,-3.834112795818449,1.7660928951788444,6.61796455256542,17.9897262842147,4.689067590170645,1.7416317441484412,1.7765536417297836,5.425860457396681,5.1274742028908,1.0464212088952582,1.0168938003111985,1.0880584871318306,1.0999689600367142,14.298647406371334,12.62511095881247
19.139219740928905,103.31838633763418,39.23957645449869,8.671729640421521,9.847919811169074,33.9178967741583,8.469105268681862,3.811757004264281,5.658909726598299,15.691923024667098,12.674757268089511,11.066880529504802,18.947028951206896,-3.247823964899508,1.405427318209128,8.831299146636042,19.76389135002197,5.512921644046578,2.104765935130034,1.6286877924309964,5.2658025208271395,5.404797442161198,1.0461798155707334,1.01431542847083,1.0858989634311986,1.0999734463425968,15.780537124632158,13.902771502726456
23.07926768106976,112.63024202401706,43.307704135265496,8.123060888091675,9.193066422531922,24.941023256621293,7.214106149823936,4.199244953483542,6.837547821039845,15.04830427956112,14.95796740871755,11.684340781159634,16.349608561916337,-3.564092592600483,1.5206215820346491,8.268930290940881,16.863354278316933,4.81976201360872,1.4529808864504168,1.3454925949018006,5.59235701577792,5.866385834098037,1.0461925926438278,1.0131480669343529,1.0902263796617546,1.0999724196884408,17.057987371907583,15.098872674543374
22.892653536896045,105.57279990730942,47.15708224692696,7.17946489291293,9.44563366977047,33.93600966179722,10.01937610450045,3.0353653366368154,6.129915775858076,13.431823962774722,15.64554565401171,14.966629421475606,19.606262957394843,-3.9627389361746452,1.312206677078185,6.1887224280540725,14.52398269440988,4.715332190324856,1.9752140848104092,1.7429313945561367,4.955650463881412,5.672157801590561,1.045878061069722,1.0139274373492577,1.0932117600070728,1.0999667269156554,17.56768326807617,15.443399034819192
18.70354278246425,86.70829611806049,43.0004383119653,7.211813579662064,10.100893671187029,29.369620931973735,8.666668372876867,4.181197287091057,5.01646029431287,11.5677794324917,12.23484232769527,13.339273270510468,15.61427050834427,-4.424845990306752,1.607640723636434,7.581022873744601,17.008987531208973,5.036287798630409,1.582337018242431,1.484043086638723,6.016911684706695,4.420235551880429,1.0466776852840982,1.0187094669716557,1.0865954040509733,1.0999999615901288,12.415821379445703,10.922002299325536
18.36975939151671,111.91400428024653,38.66029229915999,8.520200112221506,12.490397470096099,27.107126543372132,7.688255817626328,3.003880105387593,6.58173314605875,14.271155591865337,16.585164218538264,14.92240435578745,20.4586479608261,-3.363128397020252,1.4358032747298628,8.526581192619343,14.669792343539147,4.808251775334397,1.9463616389104201,1.537616867513691,6.774492921906496,5.300510142187322,1.0467277876309802,1.0138602812800885,1.091359039700681,1.0999684863553953,16.916408004315112,14.813860401936653
18.144836727231617,111.07523545411793,43.1836148808015,7.105125970835108,10.762126653302268,24.204446697570898,8.987455520030178,2.972645887505409,5.858367597119578,12.693832855157256,16.52612689722196,14.240106199094273,16.36593790615707,-3.6918198523115926,1.5189460230603724,6.454231331808256,18.581731273539905,6.2807697217381815,1.577074886133865,1.5147020215000315,4.885467657667113,5.256413194186088,1.046601563816147,1.0136945890723024,1.0879922102014643,1.0999732698185327,16.4171059510622,14.434703884284499
18.41350830508202,112.50999947378689,53.166641268031924,7.266325190735345,11.551966416611508,34.35383343135362,9.194757409424975,3.0442978809571373,5.804036187618029,15.352982271160624,15.759509575298122,13.465679872415704,21.787843291232516,-4.514597969641507,1.8686672459388391,6.284547579759469,16.89299665303499,6.357982089226498,1.9849873284914497,1.6682983692608027,5.026946617626124,5.594841107883328,1.046060230832712,1.01246697214659,1.0917751474508801,1.0999900506922726,19.88145022877613,17.425884517749587
23.610566374909727,78.6055958719677,47.10804384777407,6.608891294546283,10.471897164794113,23.813356888027087,8.64118752627873,3.5698276896186947,6.391781526498091,14.382847863695034,16.90429622609066,11.254551568960709,16.11566185053236,-4.448397988160764,1.380232201531296,8.924280244008585,18.87445384320695,5.80203372566387,2.146623425943858,1.3423211066291227,5.343112565926235,5.276448830081223,1.0460861864182338,1.0196905657008422,1.0837986646127598,1.0999663857529607,12.471058443110959,11.006636378710251
20.39805961834719,110.34107775863625,39.494770805959874,7.750211969465331,11.607080877930112,31.30219186057124,8.120398403994532,3.31039299852781,6.9385804923825445,11.852690952438865,16.848132369153237,13.018289548345932,20.992625085075023,-4.233227491371015,1.4128073570463227,7.706438209301619,19.041681734625815,5.642509669380476,2.135945354560788,1.5694176640650996,4.971262677069493,4.778869360155347,1.0463480831039393,1.0134191729213933,1.0888443315344924,1.0999950193341634,17.07238402609666,14.978322521891895
25.620776887469862,87.4070816031257,54.83803681665824,8.759002072312944,10.528835629007185,24.58244036499746,9.808408472971745,3.2361172186195803,6.790333618788477,13.190336180606339,14.812189784362026,14.111779786282565,18.105961316068374,-3.811278658703747,1.5207619000125583,7.10202154583184,16.77228527062569,6.516414711242669,1.7004731845842473,1.6155230211441518,6.196087395026833,4.53887889260731,1.044840268130001,1.0163926700071837,1.083525754539863,1.099999561123293,14.766848492882307,13.034023474748054
19.76889794655277,110.53100662624378,52.07398104209041,7.834647495718858,11.861785843804341,23.945733428620336,9.425170676022107,3.513312422513883,6.211629218661822,12.740888664886413,12.405584430369135,11.142163306749225,22.425659820416307,-3.757571317142657,1.5786772197317531,6.158129369560317,13.529439764172032,6.303860957148477,1.8274281581672,1.6055718298984107,5.204048910580592,5.489501463259845,1.0464291097661527,1.0134963223607203,1.0913470393914966,1.0999999863531225,17.214605429249097,15.182094207402479
18.82029350666171,82.51674114114724,47.048816716179026,6.9502907808203,10.068634155924496,31.21380420572931,9.54349828278676,3.9543238977199007,5.899208903414061,11.194659491541211,13.55105165413189,15.138427753039826,19.731565171768537,-4.227189852289592,1.2847090109602655,7.554617196547563,13.529190286011175,5.960614092052158,2.1029550117379743,1.8997882435202609,5.894082206902303,4.916409610504432,1.0462746613360066,1.018943109533237,1.086344649970038,1.0992848249313576,12.869139080475229,11.273455152578435
25.562748378076925,100.74161846963547,39.48087422477439,7.495805756109192,10.03629768272008,29.14369099309444,8.839676059222903,3.6150027239406386,5.750519996452173,11.687060427062011,14.922167830156138,14.377430652476471,20.246492933313775,-3.6478538708433366,1.8787347345656684,8.736622713747547,14.670073371910417,4.731448797479242,1.9737422700125486,1.809670567263458,6.885445793007144,5.779672788176622,1.0459291790489424,1.0153016397567693,1.0903827466398164,1.0999644124217798,15.002262187019516,13.162467517747583
22.57264178803168,95.33237214152251,38.77232090014065,6.829835598408124,11.01907408776351,31.016346020986095,9.20610659994628,3.8396903855543667,5.562631311364379,13.850744081323356,12.445327770609122,12.26142085980269,20.90122233045497,-4.2017053313493085,1.9140113517901947,6.833673377963268,16.587976946515223,5.404510559955672,1.7572342421226057,1.8284480831164083,6.227365054437289,5.764882382695164,1.0456304259919886,1.0156795213625007,1.0844981831554301,1.0999995446560686,14.091172750742867,12.384413806055367
19.126476420320774,108.2682469202654,39.382654682290706,8.781341812528943,10.43425053198406,27.312134074285982,9.04351887611519,4.116966262812524,4.996586529822629,12.702047265382026,17.02516905255268,12.17195674537217,16.71359242173771,-3.782678922877002,1.5267536009546685,8.74624860440011,18.339244254934165,5.8118680893260946,2.151626808039531,1.5777776200165912,4.775111767503039,4.52454864362997,1.046501617973486,1.0140752256337304,1.0884162014988121,1.0999740704169054,16.10799916008569,14.212273581432244
21.145091768303633,81.27209087782582,56.3574452153157,8.41122064936603,10.161926657916421,30.571493495511408,9.79721696559446,4.117790500469517,7.031190251988001,13.582038021146355,16.536929613966386,13.01569534944413,19.400549564346104,-3.2989974550075796,1.3607281011303376,7.588600845067372,15.065240658660606,4.688805613708287,1.960444226808153,1.3007914218817058,6.021042271361406,5.078387588254629,1.0459940452101026,1.0185121002803115,1.0902597415088677,1.0999653471589967,14.905149976411398,13.154145840760023
25.769311514215342,93.60515109061915,39.45605946354348,7.757131422131644,12.728110844360133,35.36282155452099,8.749235425280661,3.2484182394954395,7.092234044562876,11.832707497011056,15.587956333596244,12.221029274839214,15.512225973662222,-3.6617700199168883,1.449746254401712,8.05827346183046,19.579968904674335,5.26186947471844,2.024255476189211,1.3154302828405822,5.888440743292366,4.141100127419789,1.0453552253185125,1.0155063064699206,1.0859324709266331,1.0999696620940453,15.082148770737053,13.334633068675373
25.46740636301395,104.23611625140246,50.8200023022318,8.584645000138979,11.860888684154329,35.03354388665664,9.770248612313177,4.094522053415146,6.141801816505956,11.432147830102059,15.067939219681183,10.804513966560513,19.702950441740676,-3.872689174423154,1.6784482546129802,6.030140943164495,14.57374086459162,5.779886602036144,2.1243625643441773,1.5255097858273015,5.624543100444432,5.429392178013243,1.0454034558155159,1.0133230782194262,1.0917744772277111,1.0999703765424826,18.22100346988986,16.138691632144244
22.600921133243503,86.6235373357052,46.094809483249215,6.741807388525986,13.287776136903332,25.141485702376844,8.53861242443911,2.836174561108016,5.421141960317853,15.014544147252836,13.119004384441721,10.566722084847145,18.80584416681838,-3.135552006185849,1.3342503388328533,8.422877608688925,18.402583009867787,6.763122063339359,2.0552511138557397,1.7172323604734836,4.761412228937538,5.565697235973315,1.0455152877727323,1.017141954756972,1.0802599913009578,1.099999570443742,13.18928725651091,11.635988556237908
24.699033838096064,105.46941525268724,47.962119155089454,6.7880215894944245,12.747078291085495,32.180521154933636,10.730740227799867,3.017969636858306,5.4306215826470146,11.943710009360116,16.643537015023167,11.1094890659666,15.706614706657128,-4.67775485827358,1.2958830153248957,8.505732180476597,15.706035827896336,6.592547866638132,1.8393267536720244,1.8570439868712705,6.7887677284819326,4.018196362561552,1.0456471524688637,1.013493800302536,1.0893840865028046,1.0999696795809444,17.65746051845571,15.694808090260004
18.014577687617404,84.79351693022984,51.03731076087014,8.780347477394978,11.020539941796953,30.762282772036333,7.878599470064021,3.926953567434359,7.240280591702466,12.250434237738826,14.869162671539257,10.597469841372378,19.44943858911856,-3.9043421692808216,1.37243934985925,7.326198639354225,15.49845488985478,5.850647630708039,1.8616711215087354,1.2854371703086143,6.4055338804429685,5.426028583723481,1.0459904544019543,1.017768861969249,1.084597873511315,1.0999995252929946,14.01661787524791,12.400461548597342
20.539365832272612,77.35462605223309,52.67431016069016,8.983732487853523,10.035879150178623,27.417590442097048,7.8617264021345346,3.6077105726827754,5.25781300293979,12.723447294691448,16.07419756304821,13.005389193687488,18.13711548889231,-3.7755893788197654,1.639750964878867,6.017594183661484,13.801305526531971,6.684518717210187,1.4960728721457295,1.7323543015747234,6.774488540733001,4.541367208603463,1.0464173396248442,1.0202089218855457,1.0887897831123756,1.09999998794667,12.84398951737263,11.311047451234748
20.57586567367658,96.79695857222892,55.09827549948973,8.943392985271677,12.273243351538481,24.62211317808539,9.608954959925462,3.3744252106217267,6.0285104387581905,11.065401307863956,13.058730350504296,14.17580912627093,18.650087131163733,-3.590593096944592,1.5257722073375732,8.56319853997704,18.253353475568915,5.271771721460112,1.524601324952909,1.441278861852206,6.776154966446981,5.163177675699511,1.0451884029156788,1.0147351634324366,1.0827416042796791,1.0999996141321051,15.528958211016615,13.684116779650076
21.990608211904714,97.83211083641194,45.23846044107337,8.533605341771318,11.30432239686512,24.97762525267179,7.664634449384628,3.551602805103666,7.165231332092847,12.465101457051473,17.102465366400942,14.041605579820706,17.08337456609249,-3.1766915673733385,1.345182249691125,8.18548180154232,14.605807060589896,5.501348535572514,1.8012233995246258,1.744299627808104,4.902696437961171,4.812732810554923,1.0455329957496782,1.0152948958678922,1.086920186102599,1.0999995321843759,15.103497565735568,13.321506777054669
21.570432851358596,95.73836377044762,53.88705546347654,6.6019017129313795,12.579084904183267,31.775965446820496,9.201134931116254,3.7793390185636,5.885323283042041,11.547346964227874,15.88796083198159,12.825335317962962,20.059248484125092,-3.647278098404444,1.8603946094974952,7.762109605726731,13.847072495691403,5.6835452584342745,1.9845763594154169,1.7882461195086543,5.78746516241192,5.789495141662602,1.045911395141588,1.015499135459882,1.0908648832744765,1.099967185964909,16.426765901275825,14.492242966523161
19.683362034846503,90.83135891193788,55.421172930078704,8.8046204180736,12.031993204334569,33.735970456042196,7.519583761042438,4.010992966690887,5.662312571982553,11.762990167112369,13.346644224598597,12.283280020710546,17.10905923499395,-3.6200854341857385,1.3663862310858512,6.888530296676995,17.07996452855889,5.665100602771268,1.689637508089856,1.7577293624685533,6.712943133632497,5.513578445804795,1.0459353630454657,1.0162645032625175,1.0871927017409235,1.0999697544278715,15.538461692928816,13.754087821777954
20.241766094381454,103.41058088411903,41.145861088903864,6.4761666837975245,10.508409125921991,33.130887954719874,8.086853690072287,2.8885547724581517,5.201371265903506,15.437222830059733,15.697348377093833,11.44626190991948,19.42024827249418,-3.9430242109835465,1.6994790262020232,6.6995626632648495,19.019635834970803,5.357735064025629,1.9397747908628904,1.2903197736782177,5.504564541354422,4.703419635917617,1.046205841042169,1.0144952952978312,1.0882887804584962,1.0999741638246765,16.039643071647504,14.129978180654227
22.077444840100565,78.10070234376477,53.34731186564318,6.742053637373408,11.993129410671404,33.0779030542803,9.222757042469448,3.83723648941078,6.494939161804613,12.719860904620841,16.74079689264005,11.657082959018481,19.541218174911528,-4.282820473060801,1.522531782280005,6.908302822852275,16.330057507547544,6.537675306890037,2.1095436694648786,1.6288533842303299,6.174601596350871,5.806547244477828,1.045844989944951,1.0189650479346475,1.0864705891061877,1.0999711244260189,14.233127767046057,12.565835313004886
18.21538667026434,84.1047208139971,51.79416811953025,8.58418316421339,12.799490046920987,28.498264686888206,7.521623648250721,3.412894068219468,5.4429924001052115,12.372460856981771,16.522714638751534,10.543677597011506,21.489617252853336,-3.7871637738857036,1.6614809159043809,6.268956693707038,15.520064280292337,4.848106132114442,2.1323114804743986,1.7966474555688003,5.706347990106988,4.447205096647343,1.0460957652292353,1.0180630854102637,1.086106166865131,1.0999994760253249,13.847983464416423,12.230075255855043
25.462390313568715,88.34439972699231,41.31802233386261,7.792019740900023,13.188108059144774,23.64519742790381,8.057249435714395,4.113826696574571,5.297449759131475,11.411514638855028,15.318315806166837,14.538166622337734,18.826034614473837,-4.671520240427858,1.7146698877043154,6.222224721631344,19.872405354368315,5.586314629330041,1.6469298243687476,1.637042677489847,5.3459936130244055,4.172915014240305,1.0458258413314312,1.0175796067651883,1.083478125467143,1.0999635469381557,12.956662476136898,11.364052624884993
17.372398017927253,92.30030073803549,54.24082863297244,7.819838164315431,13.436448699266613,26.984790418636962,8.2096382331362,3.023649244327522,5.2803151553674175,12.340007618454258,16.645326669830222,14.761244496433154,22.610662489778374,-3.482371860390466,1.8440304291930187,6.984765267832011,14.029261215592115,6.658457827206783,1.8979960569434053,1.3854277734918796,5.637208517430166,4.5745153897541355,1.046483228270835,1.0168639685218566,1.0902118589725702,1.099966231829496,15.283975635527296,13.38980136923023
23.755376856404506,92.44472356992242,57.155032550434065,6.246424746069169,10.550468392290384,29.286421971897735,9.011280797093951,3.2423101513398915,6.659346207798066,15.523634196840463,17.51476703978806,14.249874354141593,21.664409499530155,-3.978850668967193,1.8085684649131615,6.910511727443857,15.925898980405185,5.375238192059022,1.7765188815225064,1.4627709543927274,6.870938546030317,4.625689256011336,1.0456017032842961,1.0158477804514596,1.0901678868472584,1.0999670236716952,16.761861478374104,14.741821933202722
18.21102659080296,95.21047081677959,39.33173437987177,6.416051225578085,9.942864463599182,29.079332948609274,8.7597033563125,3.9195686068039075,6.684318155477236,13.102118787549788,13.908877077150754,11.767661423032413,21.082362663434466,-3.2012329537051807,1.288205855686788,8.386633175779945,16.44825193656729,4.9436442414442965,1.609607472908041,1.8768025299823248,6.634046903449763,5.419570100447944,1.0462792573146364,1.0162930960648975,1.085007057838263,1.0999995431655563,13.717970146084717,12.039501117646248
21.545714999327995,94.96579423489142,56.88667551462928,9.015942149408232,9.924405325120537,33.17103388240275,7.910073598201261,3.098952469037532,6.529667003361567,12.98700593237276,17.47200466635486,10.612169453271726,19.08759487015215,-4.552893587491269,1.8586327427068832,6.469587640247224,15.714474328640472,6.0763616481083345,1.5547643170354097,1.899534190109273,6.762218442648172,4.333900358068938,1.0458560028869237,1.0154629762282734,1.0907138934009815,1.099970088006362,17.047966361564885,15.126352660399252
18.411629403745355,78.57819163221544,55.628562856380384,6.6686163817782,10.824956479878708,28.896446114693635,9.356439759168842,2.900429481246395,5.433291026457259,15.830048089362199,17.334124239320676,14.128956488820915,15.34744946669844,-3.630130558853919,1.6818935906194612,6.825570635320427,19.319655655157085,6.110623551451265,1.4917728364678409,1.86176357685485,6.862018646968836,4.155424836783451,1.046243336255008,1.0191668455876493,1.085645653720482,1.0999678191376252,14.035725875676164,12.347147401152554
21.980886838596213,86.79076615382994,45.75108314232441,6.62613970258424,11.549763017015607,34.90415636833691,9.011061360977793,2.916080413952274,6.3928032536848765,12.637204170036789,17.021314129964136,12.36816499344767,16.665581027961068,-3.4181247713981864,1.7720090756615428,6.79676279492208,18.37442973721724,5.11765856097851,1.671614185464943,1.5779116623614078,6.828214371288805,5.863462849507649,1.0458100431021249,1.017167590262524,1.0867901218593436,1.0999710244007534,14.616794146478979,12.882053133440166
19.15564787866546,88.85769347403898,41.09651630723612,7.630354641113031,11.023409827112106,34.22896991691864,10.548019360047862,3.336994347410209,6.0798405809663345,15.639675745389118,16.727978534160567,10.178574061630817,17.632452687795226,-3.7779678174203566,1.4270184215572685,6.598714847687816,13.530889123795315,6.1326177621618445,1.6290074091478792,1.3135021941960405,5.175872000425108,5.603827905672253,1.0464014433632876,1.017673825973031,1.091249380091927,1.0999661527849556,14.587509733786243,12.915219053088283
24.750926096692023,93.56193611888365,46.19527121821408,9.052675228245416,9.858529674954553,26.14123953768438,8.25072183733104,3.0418602455935226,5.8056520596182155,15.71850482574467,15.587473130146302,12.2526884669503,22.301522038741233,-3.195604202662283,1.4145767538571914,7.697665815305276,17.36726941800271,4.731773415225263,1.7301879056931353,1.6954585374917586,6.259523667655891,5.276279805032539,1.0451716034119498,1.015367696072715,1.0844406552655101,1.099999589543594,14.88373118857313,13.090398809973289
20.142488787452823,78.88383825716923,46.406389975537664,6.471413489598889,13.205353990172588,29.20701621906701,8.342133027684724,3.8728256995664605,6.094994565900723,12.47418372966723,16.75932774464918,14.565132927085699,20.314862063793942,-3.193264498955961,1.6424466433065807,8.289884735991844,14.186380000234989,5.17051614321228,2.0753964756490584,1.2928779019859675,6.386326959756264,4.947546585028846,1.0464842631630054,1.0199754018380356,1.0893599799105367,1.0999610769554256,12.906054442719885,11.290707146342058
21.237982338727786,75.62739734440736,53.90689417607934,7.173867697935162,11.382630028226432,31.592148098760784,9.729466475176498,4.138372082356501,6.176469485897327,12.958485575261909,17.604073613890577,13.421919993929645,17.465942707701824,-3.317284222829571,1.819234880937716,7.086544808382455,17.665518949859827,5.732294092928884,1.5832294414524277,1.6650794295170976,4.780784719965583,4.826684919742385,1.0459393191535102,1.019543798321788,1.0873002414456645,1.0999666511310724,13.94725465166297,12.270436337405815
22.104617676280665,91.79024998478806,52.55461199079894,8.596891861817749,12.415168971668637,24.057992784179266,7.8988635736054995,3.5512505129692835,7.160965778682875,15.308766585281429,16.94150566977674,11.700297624299148,18.46380401779814,-3.854301277812862,1.3807178133439428,6.093204390733369,19.567435252417834,5.198453198739336,1.6127632106810146,1.3333625944120062,6.794137984509566,5.159474229879544,1.0450935314263896,1.015568852312221,1.0821059459455666,1.0999996452480094,15.500613633098993,13.714923211424708
23.149879919848072,109.70821711207182,44.84825762938309,7.969382225859774,9.133821557185415,25.803915833127327,10.192484898323793,3.8734756988736696,5.735568167155438,12.834777389980747,15.099984423979333,10.161224303800482,17.03345695388901,-3.4448416214288144,1.4403090859198489,8.417717527600324,15.137034407468384,5.084329467156344,1.8030696917709828,1.8340128232785486,5.199931312903,4.157072485585598,1.0454994795999146,1.0129181570475836,1.0883706253388472,1.0999995534418983,16.692413985551653,14.818274388989154
20.45359310717509,103.53152074960836,48.76920321456447,8.563051843506015,13.258972821289365,32.953417225669085,9.373691083837512,3.4906782232733327,4.97776857068977,16.115338685595823,14.205547490547254,10.933319326697683,20.26698730101307,-3.5634897309889166,1.6548980933958708,7.760303723533773,16.239646010795052,6.579795188064498,1.6307762843199192,1.5671248586353501,5.887445738331054,5.327249441534599,1.04598637837563,1.0138788167811508,1.0896783347633234,1.0999938530107243,17.64127525593275,15.582407703822362
24.164875662388514,90.23633841885268,50.592417571126916,6.537857297328298,13.138263490430305,28.12009391576784,9.82627711911518,2.8284775146350487,5.380656628687729,13.430245739347322,17.154384707684784,12.83845616174944,22.267015665433483,-3.874723158669162,1.593887421911008,6.359240365501596,18.60963746117074,5.212959756923585,2.087720992348067,1.8629275010114534,6.828479459548027,5.04046097820618,1.0455677394648921,1.0162997312969375,1.086345035211453,1.0999709576930685,15.314882059504143,13.459649453711407
23.23717405192203,104.69447836072348,40.744999508596905,7.906909872792392,9.113654597838837,29.471279783986965,7.75743365383282,3.0560920963469185,5.770716062729948,13.135160700269116,15.634107650211838,10.538096365667661,19.02805738540458,-3.404895203194838,1.647344112020315,7.9122138367835495,16.97654946351095,6.352845584309673,1.6816386558534488,1.7696682186452037,5.644019629563009,4.968368996645194,1.045394425784088,1.0135790259444715,1.0850423193944125,1.099999622653382,15.628551794886947,13.801863863883284
22.9855264646261,76.05174390909077,50.74436951355514,7.96049885317923,10.348115083054694,24.612372561813977,7.527367619686948,4.09251324577932,6.561841543791042,11.486354114362,14.046070089081082,13.169813609020109,21.55034495868893,-3.1881110487922935,1.4314452041408057,8.669246970886139,13.340859253220543,5.107245918481819,2.1304974067005356,1.6725771817741895,5.247077570599015,4.133982188791696,1.046371095603956,1.0207633649122576,1.0890225904940993,1.099999885963324,11.93319375914868,10.464331702009453
17.60470083508189,84.58199460071943,55.094008870539966,7.3443775090644285,12.187093493863648,34.4357634174835,8.66894566177014,3.0677883194523563,6.1417677512908835,15.703651910123213,16.714071508260695,10.494415604284821,20.463553280589622,-4.012160135035967,1.8607764328617122,6.367444250550892,16.82599979167892,6.6803534489475895,1.735217126454055,1.588476747349035,4.803468772187344,4.556287280897822,1.0461758043885847,1.0176709988647434,1.0885083520217398,1.099972245701396,15.530607730188796,13.728397499575877
20.176717714786463,110.97221386870734,43.64459993354696,7.481040955219742,11.967443817567972,25.513763794412956,8.951192593710749,3.8339546552662704,6.9951267197860405,14.181800083177105,15.907558951289012,10.801520040729612,22.38790137907224,-3.3268155608757928,1.7757906797963507,6.794448965334956,19.47905847417631,6.310306131337192,1.9827458733444259,1.4201978707583254,5.667852745793573,5.235626389178573,1.0462605508711749,1.0130413477375075,1.0875396436950686,1.0999939875506903,17.34155762203059,15.22380143560563
24.043371006033297,79.27718928437885,56.64042485061058,8.78627083848585,10.171161685420218,33.30857086778151,9.065966122943365,3.446529074186826,5.647219218179829,13.9372303678106,16.270139141513443,12.247539157210811,19.982065866863017,-4.210928157002273,1.7351179628897828,6.155898294393541,18.988725429748843,5.7031476902549105,1.6289395788212744,1.4347292847869964,5.760592741797964,5.773663078937918,1.0454185303829548,1.0180947246970233,1.085569054065449,1.0999696160562735,14.916241499046166,13.161411925158657
20.644057009005373,103.60966613880392,40.09117413647562,7.527212374539228,13.402753908959454,32.69116607294958,7.957902558386207,3.5020180631770748,5.450044423302502,13.01162900721755,16.569300781460388,14.07782206167525,16.93356287205813,-4.558668376321582,1.6592436369694892,7.139772872886043,16.612852256384915,6.043765307975565,1.8431211829289655,1.5912992227431542,5.811444105487409,4.352823820855773,1.0461802668735516,1.0145911308204967,1.089384668327642,1.0999707895858422,16.213249980950902,14.292431209404572
24.414521609364616,95.77352885537746,40.74624695579392,8.409117588811645,13.13734902313053,34.77822141099615,8.528463836680222,2.9897236229850557,6.144895088984678,11.408089838485791,17.4865650143352,11.092584506964142,17.121020535628848,-3.7543529819405537,1.5252252598778406,8.383988677193667,16.30994368845839,5.036182363207742,1.6323911247499734,1.6058325665200142,4.982093088428633,5.223311351292028,1.045673756033864,1.0155289927214555,1.0895358789936702,1.099969310433484,15.557558029577148,13.781152582585989
22.27068662086395,102.28998328128347,56.1689122460535,8.853253865747513,13.198418768948363,26.487644044879673,7.6736351039016775,3.2231873806950277,7.064007821549807,16.049088762966836,17.04157670838004,10.718890023327921,22.400452785254426,-3.780438522667226,1.2859585860879066,7.3271812222445805,13.585899286645107,5.901796777093792,1.683758899754677,1.5829983575001911,6.06255523692403,5.73760219163564,1.045867296237429,1.0141968184812518,1.0907051863129957,1.0999651550878793,18.15903119179839,16.065293407507237
23.105305683776336,91.71496136425786,53.90746056217737,8.832969698222321,9.496524649616243,29.87680913512294,8.2242430550728,2.865885677027727,6.511253936078123,15.458962198279817,12.890899820685268,14.287061380729414,21.685807574880755,-4.546371090559713,1.4497824570150737,8.711859195569668,15.409200691449911,5.921424191216767,1.4763653789992432,1.308083896555996,6.3112658535387105,4.888959955955582,1.045199772406957,1.0157709636623125,1.0854542162291272,1.0999995234179696,15.46256086535426,13.617159179473967
19.58461781820481,82.53478053021863,51.04951074522825,6.081220693837033,12.570392438001905,24.535145352333164,7.88936261366923,3.340730953418725,6.0630553249072925,12.716973625395285,13.831444503306392,15.056693341331796,20.0760055774498,-3.1565554103731257,1.5553125814043605,8.62502609923191,15.281669077766837,4.859370719876581,1.986037035544741,1.6678488524390922,5.963125018157489,4.107153119214816,1.046163760570481,1.0188216506937013,1.0853408099014066,1.0995438882438011,12.742056766091824,11.15296880388778
18.57953140502509,98.81766124931012,42.213591848692936,7.61237304243521,11.401069953411682,26.945384845197086,10.614330559949375,3.979449749569805,6.642591358624027,11.22116687861081,12.552534915081758,12.663329236993974,16.421421453851494,-4.6460941231059785,1.3814529497775423,7.462403506391922,15.697763817427598,6.123376497773507,1.532906214400386,1.5554025139471301,5.277315676112573,5.775503049343376,1.0461041334151138,1.0156068799738627,1.0848354837658118,1.0999995041189692,14.342201846201254,12.676152315357928
17.712283981329154,109.78925197416339,54.16684792913337,6.984614977980079,12.496022132953428,23.96832001199722,10.680715981056217,3.537232919625705,5.620005703599686,12.757949348011257,12.315775906624566,15.185895531333557,15.498618783145263,-4.1416551121106595,1.5633509937321335,8.846748654566145,14.913438275637121,5.8744414315361855,1.7872964701795822,1.7298345241920652,4.797783738129616,4.38757826004671,1.0465129357282117,1.013762682503944,1.0911806786503968,1.0999653128021685,17.248194295291466,15.233265661496398
19.222422638405938,103.17352044243486,41.85633187376727,7.8234149622285685,9.924292315844271,33.76717441099095,10.5918676361627,3.5258901649191365,5.739633677470395,12.063911985094496,12.216694769077343,11.523980387083277,20.172191927584414,-3.952442412842369,1.8841864180997936,7.1888317874751015,17.887252593060538,5.775228774142281,1.8090548754654323,1.4513755613466355,5.695485802273439,4.941569994025414,1.0463020568571904,1.0145987405623897,1.0882781258423968,1.0999719671872121,15.695353875143192,13.816769338095657
23.493657088780743,110.80331516933276,44.53662282546548,6.208289424487147,11.183402162242865,30.024643719360192,7.806385984074896,3.8646504487864934,7.283227024597238,15.907183471845688,13.094751991388968,14.606845258695863,20.554151636728804,-3.828000639538782,1.6259910363678267,8.548800524947374,16.4680959991988,5.505841096323895,1.7951381949787097,1.6506430745824314,5.078660156765769,5.801815460533981,1.0457643893527795,1.0129130337677608,1.0894447057601715,1.099967929726227,17.68244151218402,15.512532421815912
23.211942715841047,99.2215728052766,40.1423678445738,7.916688772044678,9.501903766828445,24.52863256730571,9.098319224312617,3.363899747665093,6.316697059181184,11.281799707509089,14.488659054569661,11.047916512429403,22.701960653023285,-3.9953943313988716,1.719959591002155,6.976254842047823,13.909066394134848,6.904020401657804,1.6461065054758919,1.5512372385110877,6.147684298349974,4.049394595372223,1.0459658232715594,1.0154767736786032,1.086953156862413,1.099625897500983,14.018508154372043,12.337534334165902
24.393049252890048,95.57826620027842,43.55951261675588,6.267288275289107,9.687992901325497,34.161399534470554,9.669687206169208,3.1498624102916457,5.040065866465873,14.529322686887834,15.331550046767882,12.214959184247833,17.963447013844487,-3.458230270449409,1.7085512041840112,8.91200408338161,14.446749232356526,6.025310558435967,1.745413240137103,1.5658807819165856,5.229621689896529,5.650269751322838,1.0457865469792622,1.01574389211173,1.0905911848381407,1.0999674582006493,15.375062985695351,13.571852451853054
21.572018643998053,95.83553251083059,44.06702865268486,6.632697735627527,9.344878539148636,32.02660586291401,7.906443414076281,3.766105495864317,5.8325185283545675,13.045183925344118,14.71629787671292,12.027959221287919,15.964711826891687,-3.6030256236044393,1.7047899908441206,7.997353204406613,15.180529400073564,5.7074380936138365,1.579282004168595,1.414638132179095,4.69346924510333,5.793493099815489,1.0462008324133725,1.0162005670221483,1.0899881452264981,1.0999642910572687,14.667040738188373,12.964873038831824
19.188933852850187,83.93347648296594,43.58597939217492,6.467320537954104,11.823897716652503,24.486686847495523,7.683128734774861,3.70265941722613,5.7087719139747195,14.62291826418642,15.242251478234047,11.460587559152486,20.14629242371889,-3.301386941256894,1.6233026451712196,7.3114443151351045,15.058680589907809,6.0412915947556405,2.0673601864850037,1.919299007848369,6.050009623484745,4.8094117486583405,1.0463913362782897,1.0188660778761485,1.084769529918267,1.0999994854407602,12.402271744900107,10.893765817244903
19.31479762987663,85.04738064840781,47.407179182223516,7.1965242118933554,13.05388906135975,27.94588651833737,8.544400528123568,3.3369483174075674,6.921353313297085,14.31425693257327,15.5804463479006,11.85744655371002,21.416071743926537,-3.1798476237148936,1.8373101902963924,7.5382496993817885,15.924381559493062,5.793428091265031,1.9205391819843582,1.2881698729714544,6.662000306983134,4.893479050622785,1.045829305755645,1.0175953948852843,1.084133354676127,1.0999995630610708,13.830709503664941,12.158670312610328
20.33694939099668,80.56909291309127,46.64257795773341,7.588821224704511,10.76833719133078,31.608189107157383,8.715227503533214,4.145984608985203,6.342237143489563,15.160380852520307,12.571761182532494,12.1782397681652,17.760042530998362,-4.0083925254930834,1.8311126528393125,6.2350146532860204,13.761896659016882,6.612737082925629,1.5932520619476174,1.708002082847881,5.899477267077068,5.665787189774458,1.0459688383361236,1.0189221790295988,1.0855588748684388,1.0999994549898668,13.072109688490702,11.528780901386222
18.445771737379985,80.250222148428,48.88636704852124,8.956991106209447,10.81918995750098,27.457916783005402,9.384081563512389,4.102628040763043,6.922103912140881,16.175611497959384,12.054508755886168,10.733319375140832,19.831955001586326,-4.400099245360805,1.4625563790763307,6.717633264102656,18.505519307891173,4.770805900939497,1.7059555062594614,1.603717902459091,5.9400089244927505,5.457230313585554,1.0464429321831574,1.019396424438171,1.0850005748890665,1.0999670826588925,13.032967357359318,11.506658748639966
20.440060879378112,98.44594610733921,49.43237808376308,7.744752945987392,11.829365153277111,26.6615002186033,7.504735512904665,2.966980340855641,5.427981013675518,13.501068851823042,16.92903879325428,13.72257017780899,21.196708591935558,-3.667521973324703,1.5389783946550724,7.181045657971838,14.554037944445893,4.782022646893087,1.8654595868356034,1.913098677389175,5.02704491548461,4.0933696397985475,1.0463669371168707,1.0158913706571508,1.0921486638725175,1.09998282796001,15.63458172830653,13.75561190318633
24.126334998231737,84.87744073188041,54.102789558347986,8.219967467784926,13.196617445987604,28.42534138192873,9.583091422022283,3.450796693138579,6.418636421432846,13.227834092441782,13.044248188687487,12.740118873297174,19.21723993092456,-4.38454200328585,1.750733251707892,7.991374871824331,14.032890314469084,6.311829794339818,1.8002197125752506,1.852223703107942,6.77410056718286,4.110313181203571,1.0452645403377627,1.0172089275342704,1.085441196418574,1.0999204576304547,14.546489901481333,12.878278691100828
24.483168743876874,76.78043767112624,45.260283243288825,7.72859192588808,9.623491577849531,32.406502988315104,7.230076935019699,3.036038667807652,6.29714426484248,14.65769283500138,17.38319289205574,13.743922991827887,20.30552245393698,-3.735172188307036,1.280822032337153,6.360477776206866,16.829442177180102,6.206301335159053,1.740562764405453,1.74763456737817,5.850720525170655,4.148352391188625,1.04592668326776,1.0198388848913864,1.087358604547075,1.0999657255579507,13.017880272241403,11.410258525554685
19.026701058401795,107.01113305183178,52.100331715459276,8.800076440517985,9.486656476061794,35.28462590845787,7.953864170219761,2.816491826801299,7.3137119712906715,12.31779898140361,15.901395936974858,11.057546156015631,19.609736844713478,-4.530294578869112,1.4849159471542008,8.010761928133077,14.527679829621487,6.0895253250274415,1.6822442533086073,1.415173285496289,5.366582357632433,4.3576821370155985,1.0463224690973496,1.0137575907834846,1.0928597466064558,1.0999679332516126,18.201577289398703,16.11019882879063
25.188631816032824,90.32600187642942,42.9297403111099,7.4431598366884355,10.396002027293099,32.38414719499725,10.69639168278778,3.4132471193767056,6.980921495932266,13.855660597221945,12.857124563961634,13.668363529773215,19.10210217815623,-4.1349461762732815,1.8493999440458655,7.321303711968138,19.263819418163244,6.381552113133439,1.791795546632149,1.6660621668210969,5.3953482274441065,5.967194599477548,1.045416169750745,1.0161869801089232,1.0841844936083824,1.0999729907920797,14.562158686876078,12.792392568329626
23.152608095277436,77.01214940207302,44.485010837901925,7.974875878627534,9.212373084540594,23.881833457565886,8.82008726230009,3.265766251569738,5.949448603600924,12.21854387335203,12.901717771780167,13.660848253460113,19.110740483635283,-3.432240569549012,1.484537232806399,7.775423722989978,13.759602872529255,4.982090981497537,1.492736834957321,1.7998830929370362,6.385589421051861,5.506625863758514,1.0465901207240318,1.0210547606743736,1.0880285772122518,1.099999869803947,11.165377010993346,9.762330902951662
23.577703981371922,100.58244276388066,47.3600854220307,8.032525617061628,9.131859765450125,30.933280187350057,10.000359739932756,3.500501704538147,5.752332521362458,12.298104367925287,15.751100218966013,13.679430089039936,21.819353758955327,-3.654041168639145,1.772654276726775,7.684067472568014,19.142034298102445,5.86452409124584,1.8126934764465363,1.6498413321221819,6.378411623930448,5.929380957656923,1.0456946578878865,1.0143430752507423,1.0872781637098623,1.0999933064611314,16.444476433510346,14.405236290833525
17.998529914592847,77.37341581809353,56.16596245122831,7.690821901575346,11.714765505259873,29.2925984988178,7.5371668293869085,3.875325129786133,6.703228134016151,12.483197936061185,13.745185901561266,14.416234215000033,15.749915158834083,-4.494524031436242,1.4442634815333852,7.778954243266482,19.495001348571805,6.213244203565019,1.7383894649762663,1.721301893699466,5.438032756253978,4.554516832698373,1.046331082092852,1.0195856148882454,1.0833013492620274,1.099963904537774,13.196338326099704,11.6145190619823
26.01121085247302,103.6497759108544,50.567045967540345,7.160080515386729,9.180240514614615,23.96647113721484,9.195052519615675,3.8668458094546714,6.1912052246830065,15.34023938847122,12.119222137235601,12.023100548243775,17.001734972923753,-3.8177458303251104,1.3263208916442384,8.862394924713218,14.762415863100557,6.779754039121916,1.746643071626411,1.9107354452833396,5.925415449627689,5.861665728351615,1.044976664124703,1.0135498317948133,1.0847377789593708,1.0999995874056805,16.15409644404045,14.325496157295316
17.406429221865857,103.55363821689632,55.50632848732009,6.50475052361602,9.390643815760038,28.609956764794276,10.561244062078565,3.5593411842666143,6.166993771481026,11.562081038816338,11.924705486115585,14.275511660986941,15.86556667869541,-4.108805717227105,1.8653545308897226,6.625955739475294,17.697411632613086,4.822580697961421,1.8747037035630811,1.3849163014100498,6.347412260395213,4.602462589587816,1.046431336488227,1.0145531428303596,1.0895808054688496,1.0999683913918086,16.429070306426553,14.499174320411312
21.38223395642433,97.94654282360078,41.514747611938496,8.334578968597567,10.315828726052928,31.41598794697049,7.769818982517746,3.7633647228888907,5.192778897657527,13.096925079857911,13.393348199483707,13.961746267095167,17.191466034252247,-4.495478997976818,1.8507649353002322,6.589323945668358,17.35593707485129,4.843504928790317,1.721906711713173,1.7365259068808143,6.169861932691806,5.2494013388132155,1.0462107240410148,1.0158519884307315,1.0881623965330134,1.0999668493946893,14.64996413554151,12.903063036415528
19.81245469659001,89.60398009468827,40.20833028666947,8.265829374118146,11.217421809624906,31.963434461678723,8.096196689268742,3.2542135200890927,5.695485422914679,10.939009012634967,13.952645322070516,14.24078723347161,22.019468567698013,-3.9284205723920462,1.571521084940301,6.092473856098111,19.117916801566942,4.670183695148025,2.1202200577513524,1.593098399160378,5.433288025093366,5.848436869685321,1.0463453224179606,1.0175220010273562,1.085079854248631,1.0999668445502826,13.287892054342874,11.592433726945764
17.57171382019564,97.26809003866721,48.73558986842733,6.746734019682601,10.881415692448943,31.296715270136488,9.817672308774938,2.801003602189212,7.165922369422077,11.688437010921188,13.312139387965262,11.498445104124748,15.48743303779547,-3.3119613128009067,1.9112639506842637,6.945650212131858,14.04559923985129,4.888219725925126,1.9580111767223796,1.82692394498089,5.236129334859649,4.04181902467047,1.046611996198206,1.0161829648591723,1.0926065406999312,1.0999705936807136,15.149700361791112,13.42466586134072
19.29642136010569,77.48951122922182,40.216911188366396,7.391784684336833,9.990034301460113,29.688161366599996,8.112577511725886,4.116752221544127,7.090503281740085,13.860752967056518,14.032366992244821,12.096226160736457,18.330077351898176,-4.255023742530513,1.5690489571320563,8.570189839517692,19.548789378577624,5.419395075839127,1.8437000265904895,1.3408361835728415,5.105088190817953,4.8269315334203196,1.0466424877447493,1.0204609463080558,1.0837235510561163,1.0999651510519841,11.68062760154651,10.23175119223438
19.14983957402744,108.38879929291889,41.26643321584996,7.465208897521399,11.673532597260241,31.76399411629796,8.579049731015424,4.01673869621462,6.266698728630138,13.173342014416779,12.32075417895014,12.520622499701437,21.437592390199548,-4.078683988425252,1.812583970386636,7.482035011797917,14.066585721827362,4.671644442339244,1.6583180736373857,1.7267139017585873,6.473402977144729,4.591505669240659,1.0465348189599446,1.0141923139271187,1.0922784225952402,1.0999999786385446,16.379264369115656,14.411482586196234
21.662276033266583,91.2277603190762,46.089195636799296,6.783300088128457,9.570942550531973,25.920924987128316,7.399196593788046,3.077383038553008,4.902450190205926,14.187195363434283,13.805597428030591,15.103575134048693,16.672249585899863,-3.6594925696829663,1.5090183415305813,6.025354488187381,18.852340808182007,4.714227147534833,2.116929481005054,1.8509275846999174,5.882410845319436,5.087191149822584,1.0462517099696438,1.017263974301388,1.0858635320562144,1.0999639784887676,13.407951900833458,11.759636968037562
23.03479237125944,89.94404444970654,50.61489005856699,6.216095901613,9.202133370526774,28.995318951510622,9.178640283981725,4.042944696470147,5.135371946735266,15.242298806847002,13.171882130260736,12.161944934430961,17.606178504688337,-3.7442422256700225,1.376317118766455,7.510710223210665,18.60290679648028,5.66435890407904,1.7932417746467033,1.8232112545800412,6.278054825960231,4.98090881703957,1.0458116083988944,1.0167069918059222,1.085999103654201,1.099970903213543,14.435698011146851,12.747826347912543
19.59679822628208,108.70403982111836,49.272630080323474,6.752288734736507,10.165656491818286,33.0769704494477,7.35892402351484,4.188929061840348,5.1980580985040925,15.098770037143463,14.272860887959231,12.66045821110033,21.892944388730793,-3.7641414557591726,1.6239960023508702,6.14789898722751,13.29558722647989,5.2079357053640045,1.9300198269015125,1.3576095317498478,4.9039277444265545,4.821921216071806,1.0463428900816976,1.0137041209608177,1.09411873202809,1.0999999867752714,17.72506673811926,15.592927764331854
22.983225495119402,102.19087266790201,41.65197688876093,6.321947968011009,13.172978712076038,26.6758633142328,10.272047391391405,4.008888030647945,6.7649551239006085,11.71170147592388,16.817936697155034,14.06779284094726,19.73509472480725,-3.646035174863566,1.4480055067305884,6.365667636241077,16.664786924221787,5.997805231182844,1.6987240731713669,1.5842298033157558,5.483353541096699,5.282012114641402,1.045957251701052,1.0147083409068711,1.0886493801636594,1.099972516098403,15.877594034879317,13.946932380978167
25.182929923674166,81.53651547392889,45.532536445347716,6.508240556010619,11.759748091427086,32.20067201196543,10.554885837350842,3.190420696765351,7.198515342311649,11.141618427831643,15.513962625652946,10.450234214264116,21.99268382699078,-3.9465021290292848,1.7083829444881893,8.494721777731357,14.278062533293554,4.729532423696471,2.0727944250572534,1.4815572655737168,4.939231066391024,4.936922474174173,1.0454635641961558,1.0182043343415066,1.086861964004964,1.0997608247389372,13.515579964761368,11.931910679142977
22.55329673704144,76.52697233696018,43.496004985875516,6.179711617801764,10.843102543595835,34.162180342981685,10.73754868137685,3.6918665749050783,5.274395972834403,15.691586705996249,14.996837026272361,10.941046505482824,22.205122687832628,-4.30165171912804,1.7482913745428172,8.127542111383214,14.61025641208038,5.129535524761461,1.9355709588676238,1.4206225600706541,5.657718336583073,5.564003651187884,1.045835161513178,1.0195841245600648,1.0859635360763444,1.0999994537402236,12.954569669802845,11.395134893560153
24.164707857089258,92.4389035887744,53.386671619822685,8.629410260442091,11.893395365753484,26.29542505723936,8.186442409387972,3.2407776175722294,5.165002022870843,12.275061949997705,13.168734576902692,12.473070049027697,22.104125363829212,-3.2829892941361747,1.7409714713263331,8.061849013239383,13.915807879124696,6.780367979381456,1.8492999855529102,1.512784333526838,6.395169513709111,4.514730916803268,1.045294794350349,1.0156950351717955,1.0857930764428085,1.099999496497635,14.833068405364163,13.07375910994888
23.379665385562063,76.85631830132228,54.28948167908927,7.442439374944808,11.812384256323577,26.210606273718867,9.637465365570412,3.8811363862505868,6.034640175997932,14.135725389933688,14.639702505981496,14.701984155829853,18.983805771908827,-4.433221586084958,1.792865317292959,7.23151446404507,14.807761025933635,5.582110547538668,2.0348765105581585,1.4256848229244112,5.8566923223899785,5.6121934959214945,1.0455569675638814,1.0193149602468574,1.0847735507018155,1.0999994700105604,13.346207763188039,11.742018785148051
20.42818448411433,99.55845912226162,42.93647569581333,6.412209513919207,12.518841328415995,24.767829756222742,8.176973022286505,3.997153190796416,5.725385060471948,16.05444488737647,17.759216635252205,11.522842183904068,15.51143448909917,-4.219898723360391,1.56863136169494,6.302258531878729,17.977951518014205,4.7123257891396575,2.066541617154414,1.3687376186325144,4.935363558692402,4.351344595937169,1.0463431547949449,1.0156635202189586,1.0888866353314426,1.0999690671474849,15.331468029447969,13.583621064912883
25.695111991711133,101.47862149436492,53.562223758064725,7.288810356627569,10.4666810192222,26.366911280041407,8.930332901924672,3.572560226947836,6.421530618512723,12.18843992159295,17.573978322181823,11.022373170892251,22.538964128224734,-3.1431755511117063,1.5879204427627813,7.000103514349688,16.262179468496868,5.96394182323543,1.7536241937691506,1.5455019841930209,6.33991832375887,5.371752550172929,1.0455012675536866,1.0140658778251803,1.0894956928571222,1.0999701622976032,17.11646077374604,15.090205147913114
24.59279472807116,84.7784544131042,49.89418510649769,7.858992147594274,10.616425392709646,29.335478994451634,8.329615715900623,2.9985821566637796,5.401674954017068,11.369773690566486,15.99109466813314,13.516495156994488,22.42460842400703,-4.258298325289696,1.3133093368039244,8.652735521786862,19.008163081959623,5.668503144192661,1.8618213963801038,1.9046901327824122,5.874946124127746,5.810643656752179,1.04566010525523,1.0176583691625252,1.0842581395692374,1.0999704886174861,13.875538003448485,12.165155368704372
18.08077641779242,82.55883441294318,46.66723451859799,7.8576606973454055,12.616700776345345,35.2614929586896,8.599865387306819,2.866381890596119,6.834858468040593,14.063655883047165,13.103315438854484,12.673728559636814,20.841557866056306,-4.321842387827084,1.5997557836792078,6.915643590386577,19.7456507447356,6.179001257419063,1.7339310139293351,1.4594964634909777,6.336158920568264,4.484366891187536,1.046193667691764,1.0183033917181215,1.083868066512787,1.0999713154446318,13.787920191756903,12.104890536698719
18.850442704291613,95.32414093609081,43.78455894735599,7.99187164056779,9.488365263436565,31.328305033894395,8.219867500791727,2.800340108208318,5.18972398072499,15.841523040309506,17.089433649127532,11.346733882744083,21.115626474545735,-4.069371685351399,1.9013790153279164,7.1208169786021775,17.80489846711402,4.787402876023491,1.7252980897078123,1.8968433031604357,5.89043562872428,4.575759006669689,1.046424605144204,1.0163631015176873,1.089488533116176,1.0999715712784055,15.1034752905344,13.293692555822194
18.40395195995631,101.86894785804006,50.569647550376374,7.216773689355474,13.220217256358938,23.861993193256637,8.293405865874574,4.089497280819414,5.663082469499434,12.16216530281792,15.103953643190232,14.344912889596333,15.983915382675544,-4.591112307047348,1.7888466439559452,6.543750766654656,18.0077328623558,5.533104236519132,1.7296521682149495,1.7813056591608747,6.8736607545152975,4.253311745694388,1.0464169252206639,1.0150733621769148,1.0874987640503466,1.0999703609718758,15.74066238180292,13.89580128087428
21.01107045610815,93.48187979261657,45.43508194017955,7.184094936097324,9.194163630675952,31.68935572263895,8.770371901632164,3.0727113237014976,6.871121745617046,15.133828040018791,14.818894103409807,11.676129358630623,20.04950471605304,-3.5695173318127487,1.4310450754071757,8.19154396207898,13.547759591747115,4.859862852800258,1.4448874852969849,1.3778836393442728,4.800056820208266,5.991604735559837,1.045794395213263,1.016117397091729,1.0884084806763237,1.09999946959621,14.8923295249945,13.147909167453989
19.866870539201496,80.98441871737724,42.84784845288195,8.925821737482009,11.290317799149292,27.90485353643271,10.344209248473188,3.3529863787686454,5.697420910696778,11.919325621768571,14.171669070500094,11.768756528565984,20.34751009066587,-3.571749019286334,1.6494078377104395,6.1976764950959184,14.550160000464858,5.585180230138329,2.114603462814261,1.5214412708580451,6.1806519611836155,4.5101744448427965,1.0462630805694904,1.0192874419413884,1.0856144852784446,1.0995954446788854,12.296376418071953,10.80412813055157
18.46265143944765,77.5656590910163,44.0795060921374,6.559289521462601,9.739566807112237,32.576959838966005,7.257017055401548,3.5809341760296087,5.805885768648054,13.535369999506155,15.274468213799032,11.751907887842972,17.44282733740057,-4.264106884962453,1.8376172723975406,6.577744897375584,13.92818856995339,6.7228862708295,1.6919247338261272,1.632843130024201,5.474140095286408,4.251604672692103,1.0467999616624644,1.0206954154072894,1.088673217386278,1.0999999574133363,12.065980668501648,10.612134451430851
22.47539867814628,95.14730729467963,42.12123685173569,7.453681895742925,12.530324817990092,30.567028016673117,7.548902377441182,3.567230096120789,6.594681450266591,15.080598391216059,15.66954076866023,10.935503475867181,20.597316826085223,-4.176653279887165,1.2956332050820054,7.23524300277073,15.49078963983016,6.193035989068452,1.5956177848638629,1.6581580307035253,6.75863783140888,5.595604744417216,1.0454646348470402,1.0153832980785193,1.0845332288667309,1.0999995788361334,15.088969613808457,13.333036613734496
25.358253150359484,112.23010483402375,38.44401282835783,7.973133480187531,10.8095205019599,33.74628298595444,8.106532927232873,4.173441284761106,6.377447445686743,15.085101972035686,12.4301733348237,11.091966054575034,20.963867915059943,-3.154298974381345,1.802801910972021,6.041847056075735,17.643269091366857,5.4870178949377895,1.8802762939578233,1.7254601004730326,5.434542508512226,4.215924896221671,1.0456711089486892,1.0124387769645138,1.090198292844223,1.0999724129813115,17.560774304137755,15.460496760731832
17.964526132054946,97.5511093301568,48.19493036339621,8.336291067728242,11.243615084817637,28.584860322364374,8.633113841650431,2.8370256636367346,5.698759572139843,16.070508850632265,17.12639123431345,11.833240580533825,19.66724507850443,-4.44178292303537,1.562415575520044,6.053873591250453,13.774749466475772,5.824111113528999,2.137996350486633,1.7236541070200755,4.8045255641374816,4.378721751583726,1.0459440669865359,1.015412378022415,1.0885997464030814,1.0999995231217605,15.899696300691353,14.06120984018446
24.05508488312226,107.0654501551513,50.05032048792585,8.039046435674642,9.086951777717564,33.376657063061806,10.037790749414986,3.162649201744686,6.609171196715837,11.96021487469499,12.160367759867018,11.181773636359116,16.557579463332676,-3.6468868749063614,1.5478076781922931,7.525616674493124,16.4456457333753,5.267965085839471,1.4610028813733338,1.6672650382317764,5.558128005245862,4.597344314775099,1.0457296323013805,1.0132700323989672,1.0911610856807648,1.0999690224546759,17.436710357387227,15.46891717193099
24.885048251768843,103.49728783783466,54.640477284881094,7.584747695925881,9.546572009527964,31.81541294623101,7.94186560777383,3.4177215367284033,5.038601925035288,15.256665373084106,12.670606220643105,14.747735335810493,21.768152577187834,-3.8447491125252236,1.7563956507545542,7.858335221454459,18.612422265122625,5.641787833823316,2.0057821086559318,1.5759723629216946,6.823040627795281,4.972744201650295,1.0454734929890672,1.0134705790976688,1.088235139667713,1.099991961053837,17.608030824426574,15.44089324674937
21.37553528038477,104.94150774371316,53.94856546646722,7.765646907536358,9.765494204457937,29.11954712529944,10.685061010474842,3.854180670254859,6.8592367534650815,10.977257693623896,14.708442397299594,13.444835358980379,21.508248395573368,-3.1968668995891236,1.8255608868107989,7.645202810225736,14.59016476462504,5.376032102163304,1.6429892772611239,1.6197497819446245,4.759910777393825,4.317072316999847,1.0460177112381392,1.0139624543024344,1.0931036860145407,1.099964755349797,17.50552270850641,15.392277414720812
24.41417561650179,80.35651837133985,42.702536672039386,7.458246641036638,11.276701578747721,32.61060365944707,8.810396735998276,3.9058104694497544,6.388764989190915,11.410738592888642,12.851735372821318,12.380131325284836,18.2163593874767,-4.2799290606341795,1.6516717694703051,7.1643992430067485,14.413848282110564,5.166262077395149,1.8543607332977226,1.5510008351358673,5.834631820556759,4.341354870604468,1.0460149614232228,1.01942286707282,1.0884803769349065,1.099999935431455,12.506910243796806,11.025032669584096
23.11402627035083,107.48365975545285,43.17180336976554,7.574203246528752,13.330362434013638,27.532252538498586,9.34216684172554,2.9262739802803424,6.358676606049841,11.284011575844938,17.63704319452998,13.795566272527342,21.19001438983137,-4.2184028028037535,1.657426583088938,7.349738343256516,18.979599241613453,6.859858748699906,1.7993060444909386,1.8761824314593676,5.993332351173361,5.076768373792866,1.045894399709944,1.0134117215711729,1.0870178231311132,1.0999935781622898,17.05658234568693,14.953018406223457
21.304910122052497,83.24596285445492,38.31111991484129,6.814178929642425,11.24355980878397,28.08352743666508,8.81454682080948,4.172907507389669,5.734664584433159,13.241787872544583,12.715752686062807,10.403625280779897,21.09311231090296,-4.010265753112287,1.7668510758680929,6.449588396659656,17.07694304065307,5.228450540471991,1.6042045081680143,1.2873766489939107,4.942390478680247,4.618536222999391,1.0464567597217178,1.019311026857781,1.0857763502767794,1.0999999443717312,11.855625755740219,10.413517970448272
18.374507641929352,112.50714603468413,44.14105623977793,6.476184797975078,9.851888761469251,30.534898094429423,7.430556685913239,4.00740778219762,7.226059217338639,12.132436071603857,14.602567800801523,10.272443011229845,20.069397707926882,-3.7657246505620385,1.4528374183049957,6.620511331849825,17.62271323565417,5.6056235119949696,1.5693546881015368,1.7210298121515675,5.950967696645129,5.717344109858993,1.0466102289424926,1.0132360041436732,1.0895476025531856,1.0999749250138253,17.125058998715733,15.102435356863888
18.379690802247957,104.9639175612671,51.11764096394599,6.429633247957417,12.072796869825309,28.810258008781997,10.601945228001036,2.998255890865059,6.448513473590401,12.862692245499908,17.62261543672163,11.836272468074604,22.51261291213768,-4.526317927717169,1.4530452705988202,8.410625330479283,19.89081189997528,5.226178165037375,1.7544795619127902,1.6129156714027262,5.324240235064965,4.0305296792920595,1.046349844899708,1.0140299376835753,1.0889785702754515,1.09999282521754,17.59155984184833,15.466566543103728
19.270721839634533,85.98338180199745,46.72162628920373,6.600151534376741,12.872179517978692,31.91795136622976,7.506721719214784,3.710129431595904,6.474921802429713,15.963594337675588,11.938004393282723,11.4194968450135,22.2512152432524,-4.574128908021321,1.7411753083972081,8.29728996314262,13.88744684065286,5.8321919366855015,1.6067397537280796,1.3959795479127153,6.51990365396613,4.270076273361095,1.0460681036659476,1.0177969412624928,1.0860791980969344,1.0994575730835965,13.743337199367765,12.123221068136885
21.427896209128622,110.72562806760172,41.79310890240935,9.053100008164233,13.414410176209543,30.156282425252357,7.812513864637769,3.242546843117254,5.915762511730746,12.470350811534404,13.592588056064034,15.098926922819095,16.365572688359666,-4.263991537598305,1.280262585241072,7.7885480082071314,19.36186154625491,5.308007098296268,1.573578702185558,1.6970750687221934,6.293235264932271,5.376061037903963,1.045906115240754,1.0129908679734114,1.08653761301852,1.0999742848533025,17.046107307357474,15.007164208405408
20.131670518585526,84.8629865133636,56.517167455274276,8.886830505140585,11.008778412319835,33.58508762062161,8.828364519483467,3.3941446253015144,5.262501592142279,13.102592705056654,15.12300495405485,10.274321983337728,18.575258839333088,-4.3389157006965124,1.715229476079533,7.905470966591804,19.319448044823027,4.681834262794534,1.8410742620584086,1.7839032629822125,5.89589808786694,4.647791105160758,1.0458766791365923,1.0173623533409701,1.086547685129012,1.0999710569168737,15.137589126582757,13.423337585015759
18.54265490499837,108.8033765460341,47.24097694245096,8.74947019883653,11.584617508500592,31.55546697605701,10.09534015576242,3.722817762440188,5.8512538112566075,13.573620273214717,16.706151327068245,12.058143505574758,18.14972307144058,-3.269276581050482,1.8653340385419186,6.273108944836326,17.584108938258414,5.59861119082249,1.7320459609839185,1.7149131754065179,4.795657459701319,5.1874115659028694,1.046118640267251,1.0131361152536047,1.0905385180696914,1.0999745514274253,18.173524329710638,16.021358243747272
24.06123590224004,106.56705671716686,41.50054104520898,8.808153912237648,11.89953449147654,34.00588664968406,8.947010581596713,3.5588466831360828,7.1224533959499565,15.659511534115227,14.591038805279252,11.554016168709264,18.188095302688406,-3.7249123525064096,1.4635947999889882,6.8057388129989,18.997457898225335,4.802079655988416,1.9278800511117078,1.3906048329321297,5.439253672674226,4.123086068269674,1.0455561750436637,1.013146951946698,1.0890558225685383,1.0999741708159552,17.63277326161309,15.589351893567644
19.70337116790541,104.31410595969768,55.16149300534359,6.753442541783196,11.03669431987997,29.149823765659033,10.344871100735043,3.867918674026127,6.131908412818041,14.422034882547578,16.970236121299827,10.208457886449768,18.26196423598037,-4.535299340952243,1.7538003397401292,7.628524123002223,16.79683965951329,5.446826626442295,1.8147747842218904,1.69944524765661,5.610602249154799,5.428306292784349,1.0460907597083442,1.0138592955147452,1.089743442274176,1.0999688451877703,18.092633529383466,16.04754566625417
24.835495732620146,81.18852507960557,46.87357907626915,7.320381077506646,12.03984232214278,26.54843609004357,9.504903293828194,4.028484938424083,5.900241103496438,15.71948477988779,17.839255884043535,10.698947613735596,16.971204228684925,-4.602592412312065,1.8933297193480876,6.293121826160276,13.379590042504189,5.013752053954899,2.157129204035219,1.3951997546308397,5.805910447595093,5.696835452861022,1.0459559772628702,1.0191429986313143,1.0905293066468287,1.0999899091556546,13.7475655369762,12.195650157414258
17.537085980773632,98.13714485149875,43.53672658238721,8.701498145976784,10.229905948703074,31.703717499326522,9.627190676810628,3.110090968403496,4.964910047678774,13.009947698441145,13.643591185716584,14.269606968037639,21.282767832260625,-3.8329573654204956,1.66816782420686,7.812778547960776,18.77233010555942,5.626005600765818,1.6383216094491666,1.4496223476099503,5.883966087934713,4.898296405464425,1.0464460412132235,1.0156848179346154,1.0869248554493867,1.0999725723074176,15.020519159123989,13.139413247987347
21.180248292149244,78.79405493690017,51.979703521996534,6.729759531465008,9.842352263335071,28.47054817927324,8.020002029824086,3.6174015742312213,5.78637054797611,13.224123302001066,15.121529156760012,11.193960454207568,16.38371233377803,-4.493458168482823,1.5575831698121094,7.236280828897617,13.516464677811669,5.795305022002752,1.83900219955992,1.6376581574109867,6.280312312829092,4.354963669982023,1.0463953759205868,1.020004148869417,1.0892171505195396,1.0999999241348606,12.793107713652656,11.329115634339082
19.549296805121774,105.90832392988196,56.3499021940457,6.493235551996654,11.189470004183377,26.127279782327125,7.416263406077937,3.2557046733765893,5.230597805449479,14.63363859654493,15.101003465481808,10.89067911263078,15.27023607188191,-4.380724996477771,1.3927644199451186,7.818649926662299,15.517161502829591,5.998327376890883,1.6672706114272735,1.3356413188430427,5.157244019853988,4.376117132958152,1.0463742460135257,1.0141907125466518,1.0909704513007756,1.099967532129179,17.120794246570863,15.236005307070066
21.075207979176106,100.16413295949762,43.28397215297436,6.116692603313878,11.28483939190611,30.747961974435867,10.666333778406514,3.6252591243305456,6.029661044882666,13.8963687798476,17.45028775397768,14.368160979656361,17.65463837356494,-3.4901168073051343,1.4480855119142872,7.5132631191456385,18.22048835615776,5.807468560664472,1.4888134049962412,1.743091648281588,6.509850698516613,4.5789957302394395,1.0459762691328087,1.0148299407553796,1.0882991972714768,1.0999728131902022,16.23467194591754,14.265845752036807
23.124611416979484,91.43398283172955,55.23996208150871,8.649485696808648,11.313935352427198,31.759765440600415,10.380058923679574,3.4940038141095857,5.644331806792725,14.869797144711738,13.231594878516765,12.133738231870693,21.779527002011633,-4.250098850820131,1.5384390433583996,6.644233507225072,15.643630115126053,5.299121626207644,1.566784287319575,1.7557330646820202,5.224802137492397,4.908334940335528,1.0449780404324231,1.0153142927328227,1.0865081554660576,1.0999995478455376,16.183479322116185,14.304178502295862
20.709259998537426,112.36467562699058,45.717683708113974,6.323146747702135,9.362419371522936,30.570893911966163,9.357708786257756,3.3862625866757172,5.933698609241352,11.091235947340705,14.998617201920002,12.724076534932184,16.33657482103278,-3.2819894423330473,1.3590863939836741,6.303084739473776,17.328462418364087,5.095839753574771,1.6210297095749737,1.3910861722569217,6.862177906320526,5.709234926303671,1.046278676139713,1.0130018398601566,1.0904770025199189,1.0999734589773018,17.330284912023203,15.28661927793074
19.360695188211203,87.70269795498571,42.253151144871545,7.575302916760903,9.047855185484655,31.522142504982188,9.083369339343509,4.058094499621545,5.281118149761331,15.142189928730112,16.640087646221627,10.806080441221786,18.229050103495368,-3.3854381201854467,1.4430211202928316,6.789738524491633,16.973409656331132,5.59447336168428,2.12236761888454,1.3608768908460833,6.898965752852461,4.4612772804285274,1.0464115982860196,1.0179263149469446,1.0884022865296112,1.0999699263444136,13.825893889542028,12.191104724679825
24.068545767794486,88.13238681819192,40.97571628037904,8.687983123148568,10.343696828579354,31.374493769876736,9.239197266311857,3.460458833147224,6.089799513262435,14.754084736098353,12.443126568175707,13.554357762746157,22.0081719706292,-3.210149587350988,1.3700181371095468,8.149895810106095,16.183550144344263,5.576232800287757,1.53861597687185,1.6043328260593843,4.933585121975595,4.953240912621081,1.045413801767922,1.0168512257339124,1.0848750362919497,1.0999995072220585,13.676481928675402,11.986416678301556
23.98818079498718,85.09140100518833,47.43263153559638,9.095728546966381,12.036193896626086,33.52800990140134,8.693451383617964,3.8750052923761977,4.9788423819768255,11.463720385728124,13.13030073380357,12.201915777045315,21.6276610752758,-3.660175039229171,1.6989575638498964,8.12794288441045,17.17225083114659,5.4688013661547155,1.855478406033752,1.4990499793854377,4.834587073440669,5.985607956372029,1.045165045723218,1.0168910688762764,1.083168295370541,1.0999995326026335,13.989849750715074,12.30802069569312
18.463943697530194,78.08608710294264,55.03750792484082,6.997577369114401,11.873330443849314,27.48226761001435,8.609235374860097,3.166958160823515,5.717027374134944,13.017782163167332,16.213679771790364,12.758603866712741,22.371095650393027,-3.1853334143884897,1.6019637264844981,7.752674366495155,19.39010798753318,4.7540477748017125,1.8529197011533556,1.8263231542578926,5.2012723292366285,5.752584697047874,1.0463166107327593,1.0194364782537977,1.0848896984072505,1.0999724483994058,13.35678570222643,11.693595356484117
17.525296792500853,102.95889042575894,56.08112478874464,8.077880891385789,10.926851013032406,24.129595994378075,10.512409727961465,3.4584147117682047,4.950752056179713,14.525033785175314,14.791750031314498,10.791674212607447,16.82846575075797,-3.2206054615111204,1.6475478654134872,7.866088437756028,16.63812886108015,6.535676948566066,2.05992635134177,1.673999613877201,4.669595032921239,5.390459311495471,1.0463566534900755,1.0144194507932338,1.0886404567925088,1.0999740226475796,16.782527139743465,14.875146625938218
20.98823320286865,96.67020596797028,50.650421110601066,7.144719307554313,13.068601303169636,25.18090342764742,9.617442506211734,2.8061034119392128,7.13614869718864,11.407522319485695,12.485510011679546,11.8516787759054,18.03910377389701,-3.4543081128236905,1.65447786299336,7.328742294125891,13.506925911232823,5.381592784432297,2.023511697772683,1.721408982311596,6.321700380305322,5.396233848167046,1.0457622294722497,1.015502309161353,1.0868020353367296,1.0999442570457096,14.87783357575194,13.174343625245656
20.059245825604727,79.11533658385292,43.449572558712795,8.608627312562882,13.352509174068159,29.427394773950425,7.234921277722953,2.9960627369879207,5.665876603771688,13.92436088240193,12.367558128999672,14.952255077446198,17.974635916961446,-4.543631379962724,1.7795339537644939,8.266311817546743,17.30861800975402,6.0941384555602784,1.8993623293556987,1.6823816876963726,5.924649496844197,5.972828036965778,1.046428097474987,1.0198543200604921,1.0836425982819455,1.099965065140285,12.140125241611361,10.62152675721186
23.716282125255038,104.6353399146302,54.92148902439984,6.735544878686581,9.335442632745872,29.298154351863463,9.050690504229383,3.9608544919298847,5.962831933448898,13.88260633793929,15.061342793540211,10.354070141487547,19.875633214136545,-4.411747525807833,1.3808003507685145,7.782995201779787,17.22157401512419,5.020909116610752,1.52889377308613,1.9072332435049504,5.553428473595047,4.454843457447058,1.0457950798845486,1.013750348573286,1.0905449923801598,1.099970574614835,17.604949733973644,15.609214742427707
18.847097045863975,100.51523256781631,49.89259408489757,8.036398453881748,9.354267003251305,34.14370808528156,8.601359028512574,3.238717169002501,6.008161931284484,12.906356755037192,17.06691893870931,14.880645754005291,17.506244445017007,-4.467739859637529,1.780174802901163,8.792423017034285,14.911782072914297,5.978545228280672,1.63767210101312,1.8074204739099995,4.65235212212487,5.129638325772792,1.0462707353132066,1.0150561093103734,1.0916479850225835,1.0999677185671926,16.867283635904617,14.856412413910427
20.304285783440246,87.51872208269228,50.5706089122972,8.66851272591454,11.689195353442102,33.66744114803132,8.152549602771709,3.5273025966709737,5.979309155323666,10.86288245731672,15.238600373118812,13.520543566662568,19.698549473584933,-4.268596642102137,1.6456572982099695,6.200250764552272,14.053198279922487,6.02382101990197,1.6379850182210212,1.3309728825822502,5.636678364800629,5.108645196167311,1.0456412182202288,1.0170172517334524,1.0869933763677453,1.0999994747953794,14.65437398597318,12.919379469134402
20.213515178874584,102.50594189986732,50.548894026895795,7.091767817718682,12.341828929510351,31.254601501889816,9.494803363384447,3.5747987811018955,4.907790790136069,14.5611387907752,14.161209075010571,14.94845732760597,21.416684260186763,-4.036803372468847,1.4413964683643326,6.611152179833,15.540155322178927,5.7456376291056435,1.653167167228042,1.6095548770511892,5.023659387190592,5.955425625650999,1.0460213640867408,1.014405434615526,1.0902210661899938,1.0999699752425454,17.082093234775368,14.987324476445508
18.296785137096148,110.47565518217675,55.707611578019524,7.677095864731274,12.207598017825656,28.745369916076537,9.468124479152777,3.2768063123895663,5.614828008276486,13.922440845315373,14.888852858136524,13.104044755281903,17.378620417781374,-3.6924542176345128,1.3336946948025021,6.156829116816618,14.96295534102883,4.812252713646866,1.5147177902170135,1.8002741794521198,4.730186977078719,5.317885587869485,1.0462618235837513,1.0131869392116792,1.0932040271369914,1.0999670562429156,18.671872223377186,16.50627005698506
19.725801259717677,108.1998412490822,47.51305248112179,7.00895243635659,11.279022431888666,28.107104624734173,9.231483832811389,2.9603460156568877,7.312656826862624,13.098001739562275,13.995454612655918,13.767866029446626,17.965635489364526,-4.419907915844862,1.5707332635906723,8.158675239796304,13.993489357174129,6.602996510487858,1.9697169504802392,1.415498738215658,4.977063542610225,4.632584697451248,1.0464348524196292,1.014056730465868,1.0915210690755903,1.0999656017321429,16.916151229108948,14.931007728240886
25.83229268675693,85.03741372968678,46.96115223505962,6.171261486180702,10.73957933245672,30.341576182110614,10.631248605028674,3.52343046291609,6.878621875873558,13.754489269872062,12.163078680075689,11.760242037964051,19.574176259516385,-4.602926586852553,1.829843430240789,6.685066842536543,14.741529271327247,5.10672128370425,2.1041992053378027,1.8257063379851013,6.43772956282684,4.785470228448455,1.0453664136631537,1.0175229845198612,1.0861170866927603,1.0997863259435363,13.711311377623664,12.122803323809636
21.7380245133133,92.85602014388137,43.0849718165352,7.61528526029225,9.09662453438034,25.15536240727002,10.391722546208207,3.8523516738439922,5.911798918104172,13.592611956332936,14.125193360321466,13.923161725176216,21.159822562163804,-4.310724896716928,1.7424715038940477,6.613513016078388,15.52412066215678,5.7300414091621255,1.6781709538279121,1.7631617281013305,5.404100176259894,4.276464173570674,1.045938174920186,1.0166883109850693,1.086380324180801,1.0998650430109211,13.756030625470284,12.068656772532304
20.823671123779278,112.28317582724009,42.55885261528997,7.940962323187415,10.899719263281883,24.438089898262053,8.956355781593015,3.783030060107637,6.132256741019878,15.509372744231538,13.642064619279193,10.598145790224141,22.31789864860085,-3.709986305264022,1.6488995529303254,8.376009378390588,15.433442728133857,6.301501728572058,1.5375015718688363,1.4664279982115236,4.975728675836726,5.6224611168027145,1.046453090932924,1.013381356506111,1.0900960582454113,1.099968120691551,16.882078984248395,14.866216061681829
19.292595361768498,102.39176596766832,56.275865355336876,7.684427515569386,11.37933078132788,29.040196103554184,8.373204516217113,3.465917043294884,6.350850378730892,16.12435448972156,17.509076773536616,14.539737028129057,21.95739207135692,-3.849844725935587,1.7007643693935777,8.685200168808644,15.889193079542586,6.871288949761487,1.7393659646898116,1.6646929058516582,6.2867469347919025,5.901184026151877,1.0460229544205033,1.0140669390982826,1.0867172379281036,1.099991284279107,18.301089146165012,16.046631175240787
19.483269258773667,103.47421526003204,48.197994007074854,6.896413707486749,12.43919864228783,30.116222906051387,9.579505754338832,3.2520614960090617,6.054308442459356,14.133712955335563,14.33326845304827,11.167732502426322,22.50846774159631,-3.917889362466483,1.7497090369841282,7.233141580668175,15.638074913130758,5.58462117244373,1.734621583525668,1.6282752742028503,5.900850098356762,4.994307631765743,1.0462758956382858,1.0144759247802397,1.0904488636409753,1.0999698673712914,16.733334397205052,14.74189924284886
18.52994061308336,94.05212402990001,41.47326657604286,6.463452790339126,13.138252813688432,30.738410155142912,9.574164209248503,3.3625111384667092,7.097913376272268,14.244824643730192,16.50425242236058,12.032297342660785,22.496090294225354,-4.399919612646971,1.826527016329308,6.516582802277263,15.0791957002649,5.302653711265899,1.6350546407377473,1.8274612237467445,4.713972724883933,4.152199977961549,1.046000821885343,1.0160757647926324,1.087648152741932,1.0999995187035028,14.910759013585064,13.114488973156124
19.737581077067563,82.89121368479105,42.67315581744006,8.505747295330032,11.482807140636368,23.668093803257026,8.745561956535102,3.3710388975905023,5.158026457444686,14.451165658447868,16.104499242741767,13.822137552784653,20.7363791862453,-3.1200824100143834,1.8905093144619025,8.442626301163989,19.282438465352854,4.676292445113248,2.1123783329657324,1.7982646583603872,6.582348411664181,4.186574769443937,1.046059251918893,1.0186058322173899,1.081992506594854,1.0999995676296532,12.471889697867779,10.881329783571754
23.772593291013425,111.52966086571399,51.213825167915225,7.814506670058804,13.196420956315503,28.826658036466345,9.357456838717724,3.4668736108921125,7.15614478011913,11.21085752453374,14.906673416919077,13.649718402238026,21.218489692009,-4.029509090012852,1.8617073562377309,8.825974340651614,13.707079642005397,5.573499651735989,1.4568904956392312,1.4908266607196436,5.885534265691796,5.821589861019898,1.045654412862382,1.0126099345839934,1.0913752840778401,1.099962274234651,18.708451696770705,16.461407720467676
24.708091518999694,80.16418970100042,40.018740765045926,7.871372709820268,11.343888516615346,26.743256168874282,10.438031104393806,4.098312973246175,5.862371909549997,15.607633808413008,14.208335409807319,13.903029505694876,18.817160853362704,-3.3112297241512056,1.8738778887916938,7.36228978013261,18.156993947740762,5.491843249480597,1.453594232574889,1.3443394295627753,5.791229192416624,5.379928714252724,1.045873244777756,1.0191581539902235,1.0851159164351876,1.0999682243666284,12.5507808779335,10.981284107779448
20.26550263470814,101.56600514181386,51.59791246993899,8.219965158276604,11.166497906011877,34.39565657143375,8.961107464730215,3.4303712708952934,5.3664891983859295,12.461337471724217,12.172313575409088,13.378359291570145,17.088871653845906,-3.5944821969973257,1.7733212938651655,6.981663549484362,14.888180722967265,5.032213977990198,1.9978980495710081,1.3630120051136174,5.69270872378082,5.013860232154389,1.0460631479111,1.014567465545874,1.0915719911520079,1.099965841265585,16.706851347291764,14.76538884903308
23.326544442112002,99.22212161430727,53.74097926671174,6.216044359135764,10.2880544470117,26.905582601549483,7.7256608601315895,3.2048495553990204,5.635827366508684,13.618176094408383,15.875678694400486,12.095990609148014,20.6679737579817,-3.644417928184145,1.4657815534814467,7.6235641675710735,13.437476632430451,4.825110766830881,1.7409380713822995,1.8834641352907242,6.313907329236742,4.1762531390011155,1.045996639097079,1.015358575356701,1.0926277516450067,1.0999999816432822,16.063531942682737,14.198766778447649
24.706040350937982,102.95309303651626,49.92129757143473,8.573690600251899,10.770412117888448,26.21371240007546,9.043284200791534,3.5683784578308635,6.193516347704185,13.85139847399257,17.574281312705516,14.743407765328854,21.855449477847937,-4.370210225017458,1.8837939886497825,6.29548392503821,15.040418455999712,5.788529793918636,2.0495048350488516,1.603306055374549,6.375440595272486,4.277919810497833,1.0457104489291238,1.0143141836036171,1.0914682462891678,1.099968218824051,17.224322802705412,15.131037271521139
19.550951896636544,102.9333232610195,41.389714249933284,7.148122041350977,10.146600835004799,27.728367991825245,9.749966576680693,3.314986053599921,6.234842507163374,11.339632136093813,16.71790545167838,12.039034218292475,20.1288596086534,-4.251607778592459,1.4141829901514884,8.65402495486005,17.371729030670167,5.634642328863437,1.5712813321763182,1.8830726002567724,6.39175823358537,4.416049125466498,1.0459030941135725,1.0144133537012923,1.0851180770757538,1.0999995992804443,15.31894705444144,13.487602180899664
20.29132952460627,105.8685260447586,51.54135692067728,8.407984249855803,10.936580937913936,32.05441989917757,8.59137740231009,3.095768083713475,6.423731965012918,16.07047519823349,13.771181789516165,12.501725528439701,20.322410420130886,-3.964749800111081,1.8197937892537916,8.285228119408549,13.667093433646052,6.956337262703155,1.9817297666780163,1.8328981224282324,6.150778692061203,5.7125702560935245,1.0461861330627842,1.0137721826659705,1.0904744977440597,1.0999934225289565,17.986928534626482,15.863176821280222
18.335484222381197,88.46276164387501,54.9971684417179,6.693031842251353,9.310524601638502,32.89980349135358,10.207750160315868,3.0277131054658613,6.964604197989826,14.508546096224716,15.019692791970842,14.377670979329435,18.38629429482414,-3.4226305717085,1.4623057130307928,7.515492054879945,16.80803646334989,6.508947517343661,2.0097739610296808,1.6520745966109278,6.451422321407906,4.383546916587342,1.0461448420813244,1.0169589686440632,1.0882037031702854,1.09997008232087,15.522151617272591,13.650979485461418
17.794560095169793,108.2785224368755,39.68460192074415,6.829932826421752,12.075028894317242,28.43148566400225,10.354730291695832,3.2171717125271773,4.908966085873237,12.423540459028018,15.365327293141595,12.06976694704873,19.26503294376654,-4.487493065382629,1.8639904347074356,6.797922193962337,16.34861274251214,5.914014115360167,2.123360968959538,1.919115084265206,5.186144817312342,5.453959742691631,1.0467416178925628,1.0143740886552632,1.0895497301611312,1.0999716117208387,15.968176028021771,14.061065577899868
20.641309620184135,75.66551685867252,38.41690822897446,7.480120662989257,11.147740410259418,23.866322419566625,9.672938700387489,3.2116047440329343,6.2461391677477165,12.424962995093262,12.916120516621072,12.228442592082287,16.965277572407807,-3.954289523993902,1.4072502593833474,7.5252179299338815,14.324993338729282,6.196661326007021,1.9828351327978255,1.3506523099199577,5.725301595926627,4.141743401309748,1.0470180061807337,1.0218609625117672,1.0865222856473786,1.099999877480291,10.471072566945882,9.162941406876813
22.552223627304578,85.32275394598905,48.328179614756095,7.653081468528246,13.101107470948225,30.079182026310928,9.298794526985937,3.3623143760701324,7.195754231766073,14.996803910973892,13.621015530204936,14.448584695743257,18.486212337406684,-4.4127207439124065,1.8066483637078414,6.566610560288564,17.93557711238695,5.314291688791152,1.654194722394721,1.4696627692035718,6.3233183343390795,4.459652083585072,1.0457925942080004,1.0176264009121534,1.086437695703365,1.0999687679966392,14.389674673470932,12.668982576113425
17.367862649936065,102.31012463922562,41.51305230212759,6.397626481735817,10.02407222026139,28.08282616340791,8.913262778903523,2.8623980569976837,7.248198931610759,14.666740488465612,13.846236629333044,11.778982067009817,18.60892337520029,-4.0969419235103315,1.3736787626169396,6.5667894412948575,18.98664563001478,5.234511423422648,1.7137403985421278,1.8376139846080748,6.1785029642075875,4.683423758683377,1.046698699968759,1.015387602883904,1.0872948872002401,1.099972403369362,15.009293017543545,13.227281827353778
23.294512056889705,76.10166355557168,52.3054876594173,7.560528763169367,12.603056019834384,34.864724293676325,10.532838778180446,4.072971060837477,6.129694692478685,12.744767416350266,14.69161053539481,13.66467169683187,21.918383104221018,-3.4428986326801865,1.86764362141549,8.445540695909667,19.779603940783478,6.682184114013513,1.641554877378173,1.3478117832601908,4.900399287020486,4.582446637156552,1.0454724118671292,1.0187467104259011,1.0843729717887454,1.0999950741197313,14.20898259082836,12.443989370348365
22.6911147241858,105.66678988734147,55.43366586948751,7.976210288482467,8.985228281111281,25.798537962918697,7.559014333872126,3.308654265796614,6.10329642446634,11.03434476432423,13.996928735742106,11.07023274709664,20.117733263567438,-3.8442648961459707,1.5970032940377017,7.283075364100384,19.62797087763081,5.1381854902820265,1.8119982670875896,1.7510511157538151,5.931879038472185,5.8580417714336015,1.0458523472451378,1.013569610313247,1.0865436380368059,1.0999745650853494,16.694178811426326,14.74382441322458
20.640765326966346,92.83130436153336,39.93254666690561,7.931357297597862,10.251189618647516,25.491646666283714,9.16031265445623,3.5452343687318746,5.065126804586676,14.57036344887015,15.637682256279081,11.120207796352206,18.76770495237073,-4.243703749706553,1.618838873946417,7.18646722855071,15.420327361657467,6.056113770614204,2.1161582627833733,1.7099166979055895,4.813410496436252,4.921369946964267,1.046121074921665,1.0168873974311239,1.0855008310903307,1.0999994844042114,13.490134834389305,11.906490950021976
25.092353461512246,78.91934420418495,57.14730361606982,8.965170956682082,9.310669673669842,34.61427718130475,8.507277324934064,3.982592833906207,5.900855344020382,13.180617608593586,15.700088822226155,14.094345289921996,15.45679754720669,-4.045323353022329,1.3995091162223177,7.037848553589608,15.59051194327064,5.728219989313076,1.680578216550845,1.3487111158084275,4.977858673379048,4.066875971122196,1.0455073336084553,1.0185499523702828,1.089701045257598,1.0999562771128848,14.820399785320873,13.116059836636614
21.441762060653588,111.32358914206061,40.451710276151985,8.956644058729369,12.245459585999777,31.12248587462312,9.522999919164826,3.957418707754795,5.140884469086764,13.525673347253925,16.074663184034122,13.141047860973703,21.52912093977704,-3.2327438660577084,1.7220486652794662,7.602083191154152,15.797628136826825,5.429437958782951,1.8869994955974188,1.8502370397723293,5.791128148554587,5.649446328153839,1.046233847384239,1.0131087849774305,1.091861887365251,1.0999937066505963,17.782520744124664,15.591008989868161
20.85071739440564,79.2182233580469,39.41598968108917,6.236056488823979,10.66307263597036,27.579405459862937,9.784573285041251,3.839950102218812,5.004083683954325,11.994065619600681,13.554600626947044,12.941868879445472,16.29831570169282,-3.3289483022640005,1.884024889093093,8.412608721893342,14.479548549885372,5.583237314340739,1.6960478394654472,1.786242607401861,5.823693966229244,4.255699473986934,1.0467388325542941,1.02060454133721,1.0881182899079458,1.0999999023016969,11.257718652746401,9.850930022491596
23.774451108196192,90.31473901951495,43.26711161472665,7.221515810942989,11.189949404958895,27.648763093720714,8.070860781330328,3.357902840325573,4.926781902229752,14.971488368920095,12.938831565662813,10.383035437243638,20.168110066078604,-4.327340360964928,1.8008506442194196,7.4805275479818,14.643644746341504,6.350368211219598,1.9437934155511227,1.4376132698260309,6.73590599360168,4.208742916165658,1.0457686911001425,1.0169844301860713,1.085521242739677,1.0998725377192822,13.441036245193843,11.885826755990422
25.889733919652706,107.77413751763086,51.39262210155992,8.93379966037069,12.19595403409021,25.847392564954543,8.791762097206123,2.9001042340642895,5.830764110383001,14.804656306580927,14.223202371547673,11.837894411378121,19.72470349107837,-4.480639065238276,1.310453243229512,7.156411304099207,14.330718525653346,6.253221861697937,1.5161216835104172,1.7054769654913564,5.303939620251144,4.39783362747445,1.0447908318974697,1.0125267605552029,1.087725699740314,1.099999567077463,17.73032879890378,15.71892879986947
25.487540201920872,76.05800605178761,46.61030143852856,6.145746057083853,11.126496855507392,29.512359057974134,8.357984897021089,2.9850264885350333,5.79838559207212,14.430219875635856,16.583079019520977,12.856213060131761,19.68274139774214,-3.4329615389544585,1.4638914132656957,6.485686830157075,14.93532112403062,5.161737330123233,1.814003126201691,1.640120803706067,6.83227801630589,4.391141294203046,1.0456085712381276,1.0197184860898905,1.0861333039478547,1.0999994481938609,12.673730887027965,11.136406950599063
22.929745164201783,106.15432925544988,48.95181678753195,6.855211103603271,10.136225030489602,24.0631860262378,8.299599215574535,3.842445150604732,4.9959433275853495,11.984194525526085,16.12914569124942,14.135869939140212,18.66041991647066,-4.2089959680266915,1.528289387939131,6.479739735072383,15.9237126369921,5.985525342871291,2.122598362934081,1.3240006093367536,5.817154297720308,4.6578395564214485,1.0461470619793891,1.0142858538400439,1.0899549664784884,1.0999683418269415,16.220941197506317,14.28987598461617
21.77214550632171,76.26339485714772,44.22504478189423,8.572399168482095,11.441658967668776,28.916873415230185,8.227890258175222,3.2172595319078985,5.814767497961026,15.312081833808627,17.68459071257728,12.3883693372599,18.18948157448299,-4.440619210278986,1.5532194052072343,7.656054516886954,14.813452652935664,6.364925883007455,1.823031589154963,1.7977821121538184,6.451299933666514,4.430009536540057,1.04638639014195,1.0205700069600685,1.0882123037791036,1.0999616070005243,12.685090222200309,11.171160060783691
23.571716578841375,105.50605009160766,44.85757044375939,6.604731703222915,8.971792056996556,28.92066310649915,8.46875783353983,3.5768737673555724,5.338820265916637,15.442193957398965,13.456221085143534,11.310262393845262,18.853426829281105,-3.898207597041068,1.4176545464224595,6.815582180177747,14.40684278799083,6.306827613709746,1.9944641025029388,1.575890238373941,6.296681892629239,5.47187078387489,1.045406699660555,1.0135557463884237,1.0869686355794128,1.0999995731870054,16.12702194602767,14.265481754748226
18.56023158024338,111.76558797576534,53.93813082848375,6.701629722035303,9.794019360142395,25.08280151783908,7.698162825150907,3.8474265186401744,6.025956386961961,15.027844532795282,16.367679170327225,13.231432584606525,20.416386209997963,-3.1486349300314616,1.479537693955214,7.9134665377782305,13.342050491148663,4.716506509343617,2.053359347378676,1.7177759114829259,5.255657780839198,5.375925680237418,1.0465926849607665,1.0134911081574831,1.0940769370566827,1.0999630494769443,18.153332747602803,15.973563915595067
24.238523888128803,86.92000858758861,38.92903465778446,8.915648539050713,10.506405675564423,24.85648480675954,8.97068473701533,3.875854913929787,5.420819447666844,12.255246270720162,13.366581321319556,15.197699108384924,16.700268376352124,-4.0178115384671536,1.8721693706604574,6.440689706633338,19.72647187384153,6.838147183797849,2.0768918306819493,1.4173161736512014,6.111007729945481,5.52178294592248,1.0459398455635138,1.017890472270961,1.08162436185413,1.0999680167859744,12.407899776729675,10.839572751948566
25.91872241674501,82.15836961602604,52.88641519880895,7.109955556578424,9.74680656574465,28.57224790632349,10.057809283735018,3.450789725185673,6.191556364495438,16.173860815080655,14.298691425362259,13.286235833922936,17.975855932276826,-3.7327456082727797,1.7252100822050611,8.81366092828465,16.881263431269016,6.422687835161169,1.504228722348214,1.4151411439564334,5.8049454069333155,4.04002344725755,1.0454732725495126,1.017991140026087,1.0872505874245428,1.0999667614845927,14.296929289037804,12.616697967301477
19.55478121565901,94.85568060060471,38.52605811066047,6.884220710127167,11.262858071251893,30.3631611261787,10.5327060949991,3.703483872550851,5.891955358173184,15.823896356518565,16.597902580991253,11.176045319252758,16.19440194625103,-4.174266151758664,1.6383252259692698,8.369020841378267,18.18566553252248,6.090490758549435,2.150195163572802,1.6214974272706617,4.902405355083991,5.656547129631977,1.0462627430206772,1.0162543671042337,1.0864511647657569,1.09997344516703,14.755230796575713,13.034631787020066
19.546087185160754,104.64874494206283,56.53988767552097,8.198258362451597,11.630215121055107,29.03255687296548,8.511875517583452,3.294206651360571,6.4327494019314,14.856874831463827,15.963961734127109,11.167923314063298,18.954302569090533,-4.354958512605578,1.584450610040996,7.609869839206481,18.400343359854258,6.174135510535012,1.7347283430353226,1.8530641351643002,5.0171555992992705,5.9910328971806495,1.046074971863188,1.0136217939045842,1.0882423530984395,1.0999930594278067,18.21868726012012,16.118927346622336
18.39164038117374,75.92331491120773,55.25716138996438,6.824658665432506,12.22905433096131,33.16998142419842,10.29235100771562,4.188231929929834,5.597456892497598,14.6353140464072,12.607783155353738,12.226591200092795,21.644584869175688,-3.6935465518522093,1.6583010435427932,7.511320331173902,17.56911816658398,6.897114983379452,1.4801295790810096,1.647335371201043,6.64222676786066,4.962765423496855,1.046158125296879,1.0195137380491133,1.0850001389821042,1.0999691030434937,13.74735005830333,12.078308373176782
18.041615973972853,96.48112279906393,44.58925279255144,6.551023027427325,12.763674619509956,29.754874253295235,10.55979508456464,3.9284231064442965,6.570851176807748,10.827137718172684,14.469827801563971,11.163230310792324,22.1220641239714,-3.3923510160951222,1.4630784330619429,7.550510303203498,15.028734430147248,5.126886051287561,1.8713515140739816,1.3369148945632154,4.7749492002325455,4.744490590372143,1.046053012095822,1.0155301748151657,1.0871502602843117,1.0999995150269934,14.846677952092747,13.073454438328001
23.615367465128244,96.26511865176236,46.32539807708481,7.799884755242731,10.597222651246666,34.64652675809893,7.397657607278788,3.7427480706417695,7.054729702179711,15.14097742717037,13.016884567535822,11.663305852819864,20.649564334173995,-3.2514620723219942,1.7995914878928538,8.15672083381437,18.124588150922676,4.872559979020812,1.956787592267686,1.7150836001407808,6.567740178706693,4.083191912512939,1.0455995523577373,1.015101054388092,1.0880435953116003,1.0999702062240215,15.889166264621519,14.009210371572582
17.560600602300436,89.41490752342418,41.0848319871958,7.777488811813474,13.069723078750235,28.219460817941385,10.241821358181376,2.800337224325013,5.291175730040409,10.964287114132063,13.87575719586981,14.773603146138232,15.936836139352309,-4.065999251720329,1.5689574010364442,8.815404637097437,14.093527106446306,5.131904613165171,1.4612702174002754,1.5577185597640792,5.284572326989998,5.739811867780642,1.0468022253403122,1.0183298707025952,1.0887470631679854,1.0999999536289906,12.964075384484305,11.38949140136458
22.610886258556512,98.49893900692445,48.4101325243705,6.359225025176771,10.95368370308959,35.3941612385605,10.206825447045652,4.050842675833962,6.8886723165614585,11.356425144527307,13.275591594226206,10.175857988890561,17.506676949073647,-3.2894275476605284,1.5825877409930131,8.031382465721705,19.08671515905283,6.378183823010883,2.115781628960524,1.314494905852025,4.668257218166376,5.322676227672424,1.0455418587041314,1.0142961440712133,1.0861793867376193,1.0999728094091739,16.313848814029544,14.44241146459336
19.871578920729096,84.91191828686553,44.566561116705344,6.900180015992787,11.25123510023111,28.793751677244764,9.044742784955963,3.7417990561006107,5.824598441889601,12.157061510567647,12.910555199380124,11.935328527225737,20.837729211870904,-4.300459659773892,1.7068194474778946,6.702084525920624,17.184892672475193,5.9640000148582875,1.7886716626390025,1.631986551285673,5.7809542676869095,5.130912732148216,1.0464565574515732,1.0186853533736773,1.085707234874409,1.099963577543111,12.715631961246403,11.167806733912986
23.570591686111396,79.49079036512161,52.572844381089325,6.493093896387887,9.258493432878478,35.11774029741332,10.64517036793359,2.88461116291679,5.9615383971989075,11.805722666818784,14.812655586921132,14.377300394437905,22.424649488045965,-4.1094341393843985,1.5064996270155628,7.809976696933796,15.351688672560112,6.75079084673038,2.0666883334362023,1.637268320178983,5.393533483682436,4.586779351165957,1.0453134498193795,1.018227671035258,1.0852936672702815,1.099999515436666,14.025353673395003,12.290648587989068
17.650068194039918,106.10012966663312,46.85132703330583,7.068404102336804,11.070574390389938,33.26110828736489,7.6486111477470775,4.000718383538558,7.069921557664383,15.912222741182996,14.289028434838862,11.263073252511372,18.03967022034691,-3.6393428701209887,1.3927385040018305,7.821800010304464,16.444784425777296,6.648426302191687,1.463118897947082,1.692075473635281,6.410041398146821,5.518973138376614,1.0463333829880246,1.0138262937702835,1.0883433400099005,1.0999691165093135,17.346595919358435,15.32990182931617
25.051122034389156,102.82999142981534,55.97972837870395,7.09127606345551,11.214378187046911,23.76614002673811,7.2250473142918485,3.136177268632128,5.125969561019368,12.20514138685307,12.975178035389249,10.304881726180334,22.110711512685974,-3.1328280849666705,1.7510925723757347,6.456443660758549,19.337204690077346,6.711286579848534,1.9108088253858655,1.7102298558723874,4.652386809369678,5.969743132227203,1.0454718370394183,1.0136744771187693,1.0845992617632942,1.099974718131839,16.1730998695085,14.261430737305268
24.97958699903807,109.08760258550987,50.84475554841267,7.12815226310979,12.963545947925352,27.03989975218407,9.22576155603193,2.9396233612814355,7.129571737523909,11.560160471964553,13.260384962153227,12.995321523291333,21.00710680161866,-4.0861880372606265,1.4285657041921,6.002829127582471,18.307479853241396,6.925680996113736,2.023137446620385,1.574532235620234,6.736740046445927,4.8196953462367,1.0456250134399614,1.0127308513023996,1.0871204664656855,1.0999943239475487,17.678621129273825,15.55887996273453
21.916427851233298,93.33824963546935,46.798568445364836,8.436579938653473,11.319924704567324,27.33726203989755,8.129369403570522,2.852846243754407,6.302996194994632,12.041791643165585,12.802878175217643,13.4814562162446,20.37719035944377,-4.293361631921959,1.6022892136566984,8.68216381561166,19.497315882564234,6.513100580318575,1.8976273070458949,1.4743814102983608,6.920432218158912,4.548272334383877,1.0454285393793301,1.0157029039142924,1.0805628962297422,1.0999996025264211,14.150136812814855,12.428420401545274
19.119062082876944,92.02036700747844,39.326791712020864,9.054623172602243,11.596182332745581,30.172034681637268,9.56086660763899,3.4958331068880897,4.958234981710682,14.10648095973814,16.188396306660326,12.27708522797019,20.955446347741066,-3.474122026967936,1.421617018282358,6.484250963062722,15.750045205000037,6.605067922102674,2.0360966847473265,1.5250074930966424,6.006755467474148,5.4416326329498315,1.0458630160852636,1.0163726972364597,1.0844513512707137,1.0999995796644457,14.164735199833316,12.437503135089308
19.45367480377124,81.69555611651408,56.82647539021938,7.95737423215724,13.356742433814812,27.5855206481603,9.730914119906874,3.1116450911577327,5.517328417908347,13.56427145485597,13.824924028028104,11.01151754431017,17.197893335118877,-3.175767495366749,1.7308311177455913,7.4763499712575845,13.905773960926053,5.0383300640580995,1.513824867441104,1.672059397296561,4.858568043580986,5.508564666070432,1.0462689624019959,1.0188274310468766,1.0900358568435875,1.0999882915357013,14.01968724880084,12.431083235136157
17.538034779700997,84.75647969168523,55.269546843053256,8.264335207091627,9.286898131507082,33.28928803292512,8.974926437544736,3.985496238036361,6.34580504965896,14.481898372977437,17.841269299958423,11.340264573294013,19.94198636818655,-3.8381013684895415,1.3052492498705226,6.043411924508596,14.071677756710583,6.1458928380494315,1.8483574232976425,1.6341949191447858,4.713907689065564,4.9386059927200145,1.0464249884226546,1.0181623659477608,1.0916540765009553,1.0999667190493052,15.382544545724187,13.600771877781465
25.385726058873143,90.34126163562516,50.188517622355285,8.450648773894356,12.471985250555656,29.727504972264203,10.28862700344841,3.3479293307092455,7.048411444074907,12.097226698535945,13.590089785663805,10.429852770930927,21.24642195772135,-3.7706061685230203,1.4266346329032955,6.695370832849739,19.26529560976211,6.574686513069605,1.8385422374571718,1.6743109122660613,5.7404353236766745,4.783333085757618,1.0452585811380137,1.015822720755853,1.0842223949192868,1.0999725187257703,15.204255736353739,13.439911971467494
25.306339328975113,80.09308666864499,46.240702619374275,7.127468200283141,11.191715226725144,29.000056119633065,9.068002313943893,2.995886568117792,6.132065263692395,12.109061594990939,13.01861483996962,10.489357831433852,20.99615944654667,-3.7868093965362335,1.6810519573195255,8.18278002991423,17.790662657682,5.731561668288062,1.7192869408452456,1.520614342170025,6.1249132088777305,4.989588709883747,1.0454630717013504,1.0185288588008579,1.0821389378572976,1.099999488309064,12.520218625066589,11.027195978613394
24.73046791254027,108.3187707694305,41.50111442748463,6.4941503006990065,11.784196148641277,27.154463827134897,7.266854587554356,4.044099737108137,5.4336378720748915,15.818115519103367,16.19590932723439,14.034279728750338,16.73110736802802,-3.485343303962228,1.6136113624474022,6.516299557949587,15.308066439415336,5.385792948838906,1.5549335519419902,1.4113170133729032,6.469440273459155,4.334391709094537,1.0459459580646973,1.0137939342839042,1.0917544215892676,1.0999684792733915,16.734275405632683,14.760986156490691
17.607010161205245,99.07409423825841,56.900797242783646,7.086889996454289,9.49157755031921,30.330570439336864,10.462875159944327,3.8976864917598704,6.398938718927027,12.501305081681036,15.14960583272627,10.623523793825617,20.35998522453309,-4.251149789480335,1.8976202386623482,6.781192076235215,13.402550622445672,5.905811637470989,1.9488891631657064,1.7858607845651122,5.089474324617561,4.523505738074047,1.046494736874147,1.0154384197248099,1.0932651098273638,1.0999641969754244,16.803883045010085,14.880493407403307
21.80928923132013,87.81703851966967,54.69297962355194,7.520230867365709,12.542112325576973,30.451313173691776,9.983124509821602,3.2657421811424534,6.908656557509959,12.282690503975518,15.174748895699615,11.24715613492328,18.81400156435907,-3.616353326833577,1.4506901956078173,8.900955054084113,14.342892060431893,6.466595942901156,2.1485987708279146,1.29273694959365,6.2617436005776606,4.505823611112574,1.0458603612764812,1.0170212089160926,1.0889338138806057,1.0999665494696027,15.306792844929763,13.565893390653592
17.711434315169683,90.54087933508585,56.121364530467126,6.115765886875673,11.59372789984542,29.516478447424824,10.34418299173577,2.9176024003288763,6.542923512923427,14.472592371539697,15.907716900499207,14.947059234269988,21.45546522045229,-3.1854774529398693,1.5814930244508885,7.193859168604001,15.339377548042926,5.687101202357506,1.7166198131467036,1.5566936959223459,6.91188752821205,4.177265949499161,1.0463195286341795,1.016847582005983,1.0903912678070877,1.099968398143113,15.815045227254215,13.866169654393513
25.364963950200178,93.45531936358829,50.165951733951225,8.603756218517788,10.574874370588665,28.678978515438008,8.67426652900337,3.324623431550064,7.138291544818423,15.276221412442267,12.56963993958334,10.709266630583649,18.451808312882733,-3.2739055077031822,1.6762195809735165,6.431074821785202,16.74855847273956,4.656750277048625,1.6679493708571056,1.7134020631504996,5.762970341328608,5.9565389719979756,1.0448889800215502,1.0150784818895466,1.0847815324949053,1.0999995681421795,15.371573403367789,13.629629923873626
24.94722094985471,88.88978695434594,39.109702672949894,8.650703952349657,13.042329710209728,33.28340324234463,7.660619787311154,4.1970811881772025,5.510945500588767,14.710706529165199,17.3318878629609,11.357290540800003,22.102765015545703,-3.6027912635439923,1.904904462325796,6.843780061141424,19.610813876392026,4.764223590071006,1.9506758484022655,1.6205511256556826,5.748674818924735,4.44698862851168,1.045492803660867,1.016630254094167,1.0863211801771036,1.099973887346401,14.656652506758444,12.883057557371846
23.48457145525995,82.54970163769686,48.81033513922877,6.849865903642362,13.241183781420473,23.937848087260704,7.919021808400452,3.139234848942427,5.890325494873472,12.05674330609829,14.84844057800196,14.592124858153376,20.6116820027097,-4.024740689634773,1.3369620339089152,8.081976325167826,14.384990847824643,6.464372335431139,1.6200408661273105,1.5469111861253766,5.453090869377593,5.7176278293497145,1.0457840158107687,1.0185913673993123,1.0841122848106262,1.0997692832773738,12.799183921422557,11.22681050898737
18.458405901632382,96.67349916825884,40.95621797255135,8.222579341841847,13.014750012519274,28.72837031563359,8.957132136953913,4.098391971075867,6.151218988304431,13.433031565467628,15.366841452117654,13.661287060723796,16.01231365066144,-4.400932423276765,1.558723217570086,6.217045529692457,18.500252923476136,5.514523934312151,1.512264596468439,1.6856185853076804,6.681904739966048,5.775507018827972,1.046368847228538,1.0160230922326485,1.0859400461492663,1.0999717116353882,14.811139901931465,13.053372212515239
25.672518961341886,108.0551417240088,38.28093437788549,7.2359331458967056,12.627070757976654,27.921785470781998,9.365574622966943,3.6488437263243445,5.7706617418547275,15.684159207318952,14.919240938501261,12.521103766162504,22.78110446703041,-3.889860567953282,1.394174881234292,7.539208268590315,18.685071123852335,6.442315958404013,2.007778870878099,1.7331352217586635,5.229785363434717,5.724168171680462,1.0456716837952178,1.0132607499250719,1.0868672524329472,1.0999940820646423,16.805339611031744,14.734425759534044
25.11508927946598,82.67567360858693,40.734311770862654,9.045839104510899,12.850091357153646,34.14018653707737,10.390954984647822,3.5583615536472193,6.4572202374645515,13.744959401521665,12.225189841174362,13.947155673592086,19.04052345335269,-4.130426156672758,1.601689475184343,7.475433966967367,14.420679686932374,5.286615819127466,1.5543739381996484,1.4052264292002192,6.897307522575106,4.306226891544397,1.0453218233055672,1.017967051193004,1.085951685655334,1.0996927740765214,13.523863532076668,11.908825570847107
19.697267282969204,97.61341830358988,49.906614377644594,6.548081354421241,12.515854067517749,32.865393841371336,8.054343735134008,3.2041328237456446,7.168690391721173,15.258625808289182,16.078870317052644,10.57774476527385,18.378807014859575,-3.99251092043985,1.3999432243096175,7.344679746324673,17.270811826524902,5.399513897867726,2.0022802696443507,1.8178877322488356,5.390773969087045,5.677314308984914,1.0460311819691865,1.0151058419155645,1.0882322657383168,1.0999716378640876,16.642537447542175,14.743138237156895
18.25904459377417,106.92563243610168,41.160588253484825,6.332098543629567,11.83515381189573,29.16886091591247,10.468406161486197,3.3084648745271887,5.5806515227878135,13.503968493178672,14.637439267181222,11.909694474783315,20.472433870107295,-4.304916460905697,1.8259097401792876,8.918569814131029,15.050597115759832,6.30133687937671,1.7238659295569367,1.7133324620487091,5.744277521610191,5.987546205535863,1.046643809663918,1.0144597807257711,1.0896575754368134,1.0999708679212707,16.129219781136214,14.1960369644801
23.686870538663708,111.24987220036535,54.20461778608026,8.824819073936649,12.608598003521742,29.018077738435753,8.106438432048783,3.318448245630731,4.929376407641479,13.629563104309202,14.930144489611637,12.828272361338879,22.60263730978768,-4.541868245389549,1.3834961781312693,7.106647564667668,16.09506903163606,5.476436369415822,2.0149170937948173,1.6153841087152558,5.967271575374171,5.706027117975852,1.0458658808639358,1.012594320844141,1.0911324658156485,1.0999918462387828,19.00492797050654,16.723514803747282
24.35545637164531,80.3417301798689,51.89004684767909,7.403725831862188,10.280027085720002,24.1902220866458,8.954098417243623,3.297611353014344,5.493691816810418,14.551227339823571,16.506132908400897,11.403530756669477,15.57580051876304,-4.444054212881766,1.2863742343707543,8.811337481764417,17.44739596324517,5.386684193667063,1.6174640948952501,1.2857636251292643,5.186293687465235,4.275456603034282,1.0459504473875374,1.019171786893166,1.0866973482094096,1.099959482564178,13.186118678157516,11.687112534264884
22.673602795876903,81.63543777821444,48.347402493700166,7.87395392392719,10.295226808594176,24.013766398420884,7.3341139702111064,2.8368862650714846,6.683464187813172,12.51725240599721,16.665949108367275,12.353202745121674,18.642785566307726,-3.9200968599149344,1.7363401320800667,6.8205085974891215,14.08734000090262,5.930053017644191,1.6754238887347723,1.563194440747544,6.140916363342549,4.988251482282541,1.046002043181346,1.0190575683225622,1.0858555329903148,1.0996403761729898,12.635748706620298,11.132262866985318
22.744020132435317,95.8654560796415,52.38490663141821,8.226047317843324,11.353170715302614,31.611055646144543,10.344814568181405,3.405179802903436,5.887141897507056,14.926926352602853,15.392020868770286,10.52071444353075,21.98005131925222,-3.1680216394907186,1.7589736679742356,8.276382428112939,19.60865760627202,4.765591827493384,1.8697369397648336,1.553817965201314,5.407068455274137,4.1806371205981465,1.0455844662062563,1.0148770743517268,1.088573742776619,1.0999938663712223,16.83985894132422,14.856604412930697
22.243837758746963,93.41025454341944,40.239081239847586,7.941968101575132,12.266029978733163,32.65388395243305,10.459343477744738,3.373259038644288,7.205497555438014,15.473318787446505,13.687149363302678,10.96915782973525,18.508959410572903,-3.746961984411308,1.648460355411971,7.7501586969832434,18.259913576283036,5.822944679837016,1.5154723014773512,1.829306454753988,5.358653832989634,5.9425949206131845,1.045767959208108,1.0158980079236801,1.085994124319505,1.0999743266525432,15.041803738467056,13.285454185309867
18.383025743340404,111.46690416972073,39.980145747593724,6.78234985935906,9.168678140547705,31.920335130340142,10.261075451658451,3.4076995145423727,7.145593863103528,13.987614987480239,15.674842527261278,14.454729544639909,17.455681558393977,-3.672654525271096,1.8598092282845724,8.70289048811629,19.763845633973784,6.732264894144677,1.53170786594402,1.807183543127672,5.590825269214259,5.981602711891876,1.0464050824260032,1.0130123969719864,1.0871704369009045,1.0999925848378618,17.40985192046792,15.249372860747265
21.45939877037399,96.22854358868368,48.36929637970998,7.058080570769165,9.296098958240274,34.16868451874264,10.089632925094632,2.9953374927835372,6.775314582094178,14.179571996673292,14.358496975989029,11.450427437405459,21.733938754616965,-4.212293684498722,1.6305535420602475,7.828705601695392,13.884679449025683,5.739493845313965,1.5794642108057055,1.4133655545656483,6.1742251925055305,5.822512303668576,1.0460762710007894,1.0157563796651623,1.0913684863156992,1.099966224119497,16.021676483328445,14.13699123582397
20.864607378952048,83.18799260709933,50.64404143996482,8.728408620904965,12.312468229028758,33.85133532033173,9.131596815638877,3.852626742116867,5.221757524835805,12.680682922961234,14.241713020309875,12.757382390929854,22.26098033795186,-4.483902633946592,1.3660963150650782,6.518368955647389,15.654733249270373,5.314525768866363,1.882635086272509,1.8577766705693088,6.872516376680402,5.307205905070454,1.0455862084980356,1.0176631494255783,1.0849282785816445,1.0999995064679593,14.351090453182287,12.636725471766972
24.63522186816143,95.14961890469644,42.22321122396396,7.675052772764172,11.446770054440675,32.36099925771996,7.991578762946457,3.3156345349214247,5.768227024883541,15.980973817002289,14.565911963547245,13.995877353874585,20.906166498445735,-3.5342489282930565,1.6459966011979086,8.682908679955945,16.435312857194145,6.8326726170347065,1.5944099251133963,1.3274618276953798,6.708172985695818,5.695362395924432,1.0455798549266775,1.0155002677003173,1.0865231715483412,1.0999684373646335,15.361074335115646,13.476193869932374
25.975680123105768,100.95954663207621,56.1494731578759,8.593925036255696,12.74302997237799,30.315870531360364,8.576512552500159,4.108381301560595,5.934365908502782,13.709624583148212,14.57884127046612,13.0292770349178,18.775838600341686,-3.1948293913839825,1.8445108390449272,7.33318145674731,17.190585826088796,4.96291570239853,1.4424392505475003,1.4369856599319315,6.274639594549373,4.198389060225757,1.0450988904870546,1.013599401074201,1.0897918370310493,1.0999683072633084,17.95718334453559,15.873130675235029
25.24914298255454,83.46205041334103,42.15182990525875,6.631784203329346,9.022638074111715,32.70730452804317,10.350124312482931,3.6598277836626787,5.339207955298864,12.34050118348075,14.756523116295181,15.008077434246367,17.079870425814846,-4.261367610115025,1.5612468629074692,6.893542045080065,16.307281821826837,4.80519958469566,2.0150549070698607,1.435713233909099,6.322956125807692,4.1366967428963894,1.0459047049470283,1.0186196935781795,1.0887495530427225,1.099999990192974,13.116769966506865,11.512540951472921
25.650255467518154,82.63280465008673,55.11802849707937,8.540798557230922,13.296012459884741,29.239109799159845,9.818630257845424,3.3189949198528974,5.329858500768053,13.192610037840625,12.907864131715193,15.14878668375483,15.931473332669444,-4.039170288586087,1.680936867362596,7.614238628622163,17.676914281126578,4.909539398027587,1.8396133374278094,1.4638160455215115,6.821208466858451,5.524143306879451,1.0453239267340046,1.0175847483991933,1.0855395100153298,1.0999633932008979,14.508704998047493,12.804488943495649
25.801425705146567,76.77511270781035,43.69174630945515,6.674084663380581,9.009972551157,26.459443616906594,9.643593540673544,3.1235244909883964,6.121968406977588,15.594217820810991,16.05479720528049,12.164715675122642,18.030763935732026,-3.830947869853236,1.3933065222783403,7.902002302247965,15.697974718854582,6.617487610287942,1.9847179152416277,1.6707284250189822,5.484949156546877,4.419863663346969,1.0460337582498713,1.0202766907272114,1.0871727848596553,1.0999625067993621,12.2079251039738,10.73566367461954
24.096998180436803,93.68789484998413,42.53722072995107,6.673330829721619,9.700996052166088,32.770502115226016,8.024353867081123,3.5372991689352764,5.981773120774258,13.929898855832734,17.14784320621232,14.56815674161519,18.628178145868933,-3.143971351146168,1.552924035657154,7.81858061227242,16.983558000411133,6.151099765456476,1.5509345273806203,1.6937824632196687,5.063751755485551,5.501047961393498,1.045740216568413,1.0160199487714847,1.0884302095534897,1.0999725414021215,15.063527325934519,13.212636013660127
20.303280483120062,102.10885992981316,39.15519025108477,7.319894477796376,12.11855465973973,26.27707209271163,10.06303336127,3.683091626346905,6.313650724045508,12.70916381270342,14.79541076347146,13.194534448967493,18.79071206575317,-4.209368785347273,1.5575660371884543,6.606819545226092,14.700520317798954,4.653464743715623,1.6566895552022443,1.7593072899062527,6.4824574845032545,4.4049350841915,1.046032753283345,1.0150583768281876,1.0879537116821476,1.0998399650027377,14.944496014995881,13.174507984028484
25.68450189284382,94.29053725833118,55.77263368123377,8.228566456859358,12.196501735140409,24.603514731411643,7.99196805682895,2.812340766612262,6.627351442763239,12.659966757513955,16.608448995815028,11.881795997280092,21.426936517471344,-3.3238892758473684,1.3909588203248053,7.022629618751809,15.992356262178296,5.44899052115571,1.9898258634167183,1.3420488912810975,5.454823485561292,5.674479999030919,1.044789992401094,1.014722116138561,1.0849774068807745,1.0999995950844021,15.967116716358234,14.108461240473606
17.939798630635654,110.86750336905675,57.09837802424088,6.349247248428243,10.264900899705701,27.9943278592172,9.995008927149813,3.6342975369634276,6.452252309201865,14.890553043219931,12.623154836644673,14.392704041104132,20.562710511769094,-4.020653091306338,1.8494306142611565,8.100919061651421,14.61928775187001,5.637009284095546,1.795710864193728,1.3153392811202598,6.854759030995329,4.257154521593757,1.0462796718836775,1.0132132566550278,1.092104620534525,1.0999652587979665,18.548987244262413,16.300196709107443
23.413963799527988,94.43478543990437,38.73008861779016,8.891232326627659,12.776228903508821,29.78624354926526,8.024192410102003,2.970272046952132,5.766677649814389,12.17931271764889,14.93987955799754,15.069359224307018,19.569646548545276,-4.508292447188553,1.6965624559972974,7.425739579761601,18.954594216549587,5.733574015601354,2.06541228276746,1.4666091325284898,4.938846331130132,5.7106289287258765,1.0458516795642314,1.0161311405764923,1.084542035987706,1.0999708128680101,14.216649442083444,12.454675208538829
22.458763621720347,108.86100156602083,56.171256197694355,6.243030306729205,11.204342472327731,28.024581679079443,9.453090229452421,3.911027676083253,5.56464012697746,13.806711275615127,16.1440223362332,10.842909900805529,21.38690848522963,-4.065530975770638,1.8877039597527372,7.018586757392081,13.998089057119001,5.815082786405666,1.501783755630796,1.9004969749273641,4.729749103156685,5.507007802214616,1.0459769325183768,1.0131591492641299,1.0931713498414548,1.0999674829955943,18.64431288952106,16.472911902416918
21.917888815874676,89.24962618613552,39.49890218540548,7.971387449487768,11.58178707567148,26.914422622197677,10.476798125077124,3.2257540102799718,5.977330001844739,13.73631726196074,12.517381993930666,14.895381533605251,18.046474758627912,-3.2460155736439757,1.5278663511522113,7.800607641277741,16.69065374089363,6.2513373797664755,1.4799484382888959,1.462105990574116,6.540614938269036,4.159787375582722,1.0457411660549782,1.017192471132974,1.083684231250427,1.0999995097206663,13.080018496054361,11.455644381537773
24.785618086760913,78.82264474946537,54.19476458872923,7.176796739279329,11.702696603392326,25.40406796464638,7.438207398210651,3.102313485628189,5.191963315697217,12.486991847470012,14.98572414920568,13.150898074910248,21.202997616086044,-4.143734233467439,1.6696053280829142,7.2353460824573235,16.42608800813532,5.601688324185219,2.046359541644196,1.4272002896309761,4.653272561177358,5.302639794452478,1.045510701195777,1.018877565722435,1.0835961042537197,1.0999738971481285,12.926174476102362,11.366012416210886
19.117371753985054,108.89953833615361,54.66496582399126,6.313251210661746,9.436620056255066,29.443024788510662,9.393201585969678,3.184871672475137,6.628986428746464,14.012546512961906,13.855951694101387,10.288887159254964,20.901142137868735,-3.455015718687129,1.8140631958160822,7.260870780162766,17.111794219074923,6.665241054548884,2.0618085606623664,1.517772528155887,5.124622231098436,5.550292155457189,1.0463145866427686,1.0132193578058426,1.090213114675651,1.0999941265011481,17.96391185067605,15.843646619938617
21.119136167266497,82.59614231730328,55.53261254510391,6.682236750492906,9.075616113496716,23.83930369045556,9.440335283235353,3.7263450850045428,5.638941760339041,12.528059341934142,13.94338373375726,13.615205417535101,15.6418168118039,-4.569421510198468,1.4224134682735659,8.999019615726276,14.418910686746923,6.429987780964715,1.60085703234933,1.3317419530516827,6.669845312493504,5.717502518381784,1.046337246059594,1.0190855398258303,1.0870794118002751,1.0999999718132496,13.085502225863378,11.554303696155765
20.86299100646254,101.8262866509233,48.8911006329165,8.672986585568195,10.371450742547571,29.779334319988024,8.947340536336382,3.2954681567596023,7.055150357517547,11.695740793177693,12.81107149154335,13.090700439439575,20.196956147885558,-3.4236060367463215,1.5300591630429594,8.83969152893623,14.917539686666077,6.190596828912353,1.9729075634622653,1.5668023676577023,6.815060289282232,5.4733134704375805,1.0461222307790141,1.0147157512839657,1.0889630429614694,1.099969050704116,16.072230215265098,14.153818312299133
21.334785353192594,96.81255040292322,51.48276903828791,7.880258148504822,12.89656517554082,27.811286214908733,8.279588664200897,3.0993744452933703,4.972190442077612,11.0322754076523,17.105528950931326,13.606237183742008,20.220046357317294,-4.078842797538422,1.8235002526042274,7.440800776996882,19.059527901627114,5.4739124607427945,2.1072294031241454,1.7271404672519937,5.236650955576671,5.1281698433772505,1.0458771198894334,1.0152633904073707,1.0863998430348745,1.0999736991116027,15.787388080674264,13.882299510878791
21.986705273718055,80.55602760279899,49.54456435795174,7.036948296099552,9.194522475307018,34.79414266093747,9.509365328631436,4.027686504619186,6.529576652232337,12.72771193755661,14.975620911079716,13.592793542563658,22.497917671530924,-3.5157243562298466,1.8399853175194352,8.772233415882809,17.73155901733547,6.800538575571103,1.7264725829837053,1.8899303526658835,6.270456275025061,4.084011534837623,1.0458466651267369,1.0184635388515044,1.0862580828856219,1.099966607245212,13.958240735202198,12.2095450010947
25.23165618018938,93.6149354443707,47.04145194895216,7.802058482178087,9.6292427695351,29.136159373095303,10.192057980183886,2.8216754427925217,5.545917871191466,10.813254766796758,14.397639402533096,13.859842793308172,21.270665901271176,-4.5944960273581295,1.6694429523013037,6.763880599958687,19.416342382267683,6.438732549002473,1.853588507762264,1.725209738060119,6.784413943617236,5.424788056945843,1.0449642777830406,1.0152014233448041,1.0816447347630136,1.0999995999659142,14.682113892432696,12.878963187897007
20.55749072583549,102.22690266225317,39.01011847150062,7.2547033079649665,10.780327182668193,25.568691166165852,7.283107729986373,2.98673373129284,6.477276449744814,15.132359608363911,17.809692816652767,11.91952659579115,19.755282089184373,-4.58194614823159,1.3869067400564177,8.15293675902823,18.293058788110446,4.846423243216865,2.060099557331807,1.80038723015094,4.717494975259648,4.182168829760103,1.0458886680750545,1.014742794160881,1.0850702313158695,1.0999995947996448,15.101363325474713,13.312583787674821
17.78642143898128,87.97313627819997,47.977605501800184,7.6983370929820705,10.159147083767103,34.356843261411235,8.525746043538888,2.863770218351494,5.612554152160983,13.66799088173844,14.353002062625864,11.551119997024236,16.198056698208813,-4.397896620150118,1.9175329549594828,6.988626400571646,15.81396373333265,6.07384705725054,1.9572778618095896,1.5308989022742985,6.739436479397811,5.120007978457837,1.0464710523580512,1.0177448319493951,1.088457962465613,1.0999645133771794,14.201213164247243,12.559425299574919
21.269385863203482,99.72662933906523,56.457609578524185,8.495438975041985,9.139258824797356,27.521256946731526,8.893960865824402,3.2403246010927473,6.5884576484263135,15.261853409257936,16.278816767304217,15.185813097087637,17.27136212398702,-4.484983612238097,1.7706385057116714,7.086536272674438,18.15458696988227,4.881456218890333,2.008320107285198,1.620691585655746,5.318113200685467,5.311554603568361,1.045769122177582,1.0146454337592397,1.0889973682256706,1.0999724572591432,17.24027794161828,15.20025955382364
22.92926158884107,83.25344087207452,38.821198571196376,7.398212664181089,11.511413174663007,33.943942284773065,10.541580464331341,3.5403273054194733,6.719280500395249,13.172237670571183,16.366649653174445,11.200391746690968,18.020091984506838,-4.109395678149239,1.2916210979885305,8.167383931016861,18.827955728420626,5.566008653737967,1.7625185403675583,1.82482061581858,6.439518753956397,4.57629897806675,1.0458900882366693,1.0182646602068572,1.085516972773342,1.0999707567236285,13.516134965096459,11.916820499700261
20.172112604954158,100.94013179647769,49.00834752760884,6.573177896133351,10.348485993346666,34.21980266716812,9.677427972200148,4.180364044759727,6.751510573153076,15.886661933575388,13.208483900268034,14.079143164069983,15.353653153123261,-4.166385633869993,1.5803406579969546,7.040280215760206,19.006364899226114,6.621901046965471,1.4560572275270234,1.6700832783676358,5.493370760424619,4.831322003000898,1.0457543279159172,1.0141805736623026,1.0870790582463719,1.0999723373368973,17.02340258633194,15.023469802162275
24.582113616418972,87.03476259116292,56.27109325939129,6.626086832171309,11.928996456689436,31.530839790762425,8.107902581140506,3.254650852554083,6.916908321895054,14.913748376756741,13.881411446675967,12.872499258429464,15.668770251523526,-3.4456435765418614,1.5909251576706556,6.2579212058376354,18.87972683648247,6.305774407449743,2.119416242866916,1.7238188198169775,6.821731183648271,5.109025111381929,1.0452459099384395,1.016294834898068,1.0847417308216627,1.0999686446615402,15.52180785146626,13.732900206823121
22.569897544017895,112.1722693383175,50.51750928804466,6.17359116933667,12.202636439304744,34.2845305672215,10.064088899259575,3.6173665816755918,6.51798057194818,16.147035661959027,12.460346047515658,13.549603729456855,17.353822478736515,-4.118541018674425,1.668879088565721,6.460370496324487,14.65279772771519,6.082180621060256,1.5323255620587175,1.4497157600834067,6.577769670752165,4.654183012003277,1.0454927364863331,1.0123009147028157,1.0922887612837844,1.0999671623572098,19.372078883524026,17.104430174936223
21.596362156420675,110.82216782829525,42.58309057856241,7.264463092768351,11.676930834435085,32.51299936814687,10.445952192165738,4.081662182602921,6.775001781469199,12.032986517603877,12.067863607053694,12.109571566206569,16.27577126750746,-4.228204730003745,1.7031235755684588,6.131914924864365,18.834982693429517,5.217084377795543,1.7512034943535504,1.7074775906916753,5.636251585497227,4.882575605599887,1.0459791486163093,1.012864259829379,1.0885148235458548,1.0999732668820104,17.283273847322416,15.282292078235113
17.929650999514227,90.48639293611696,52.86389171836608,8.862136065047258,10.812467174043904,28.59831275717313,9.729457582765146,4.119880801547387,5.531628694184039,13.17677871530486,16.664000531571716,13.257243332420115,16.040456214126056,-4.099263067477135,1.3995176221422894,7.530647802235213,16.793245697265313,6.672791800361965,1.7729958772889554,1.4588431502309724,5.175841927861193,5.748503753368672,1.0462637592993616,1.0168157746097595,1.0871799805997782,1.0999693431795354,15.27578930346796,13.497806056465546
18.84437421635022,91.40672737407687,41.81874995740323,8.430844281947701,11.085189427086293,27.743495548570383,8.49995870625528,3.9930998894121714,6.231208448478429,14.676486396108825,17.26634955685408,14.740847714286462,17.696668812967758,-4.605823970508361,1.2959205644893477,7.130506683048497,19.22810441385871,5.2771575611754,1.6366186442313493,1.4736782624524087,6.060567052844859,4.876665551228708,1.0464192066090585,1.0172148364174183,1.0859834566274524,1.0999719734776467,14.261255995706055,12.524724742903043
23.668058379547016,109.08023301183661,51.13069204890749,6.7015788294006295,13.138414922575048,26.72101590550025,7.73961946318137,2.9259541904053457,6.254656327225444,11.41431729739552,12.747104269311281,11.684154841425123,17.340562873601925,-4.062613636118142,1.8027169788625164,8.284048968608676,15.022896779317408,5.209120355327474,2.135369901677017,1.2852711946188546,6.680951636699701,4.39945703824481,1.045198089492802,1.0127092392984152,1.086870797794143,1.099999552708373,16.95920364598729,15.044355626360652
25.582427924419182,88.25813849230094,46.65952591683898,8.229646666390918,11.592757350600206,27.35168409054051,9.193791297124164,3.822989638108041,4.98329726800208,10.860476248380802,14.650078956874433,10.829730018441852,20.24901661513183,-3.4539218317147973,1.5570247083492295,6.593012810622808,16.921931009374187,4.9092440257722,1.456636934006986,1.3127242483882864,6.853879584315518,4.284572437221872,1.0453210496877308,1.0167506008270462,1.0848649696659507,1.0999994685686185,13.696813782544966,12.10008572930563
23.509591237227728,77.9194593751161,40.30802593473668,7.626983804284378,11.04262176709146,34.82864765139046,10.601407630874654,3.8914520995594506,6.3491284655107325,13.256785713922259,14.04282406459739,14.97120473863582,19.782106966827612,-4.0233531431901515,1.4284167179321057,6.140093453655339,19.556052169603376,5.3678658005195965,1.7586640967936102,1.3533695638948524,6.581664445389556,4.055263665711861,1.0458477296625612,1.0193289458622885,1.0846699226594456,1.099965715985597,12.850379607175231,11.223429982484046
24.59903981502016,80.6459392818506,55.19110583350762,8.298508817501919,9.697722776032727,30.276652315741725,8.32556273167879,3.049526338476217,6.976404566563104,12.979022939139039,14.29532053761768,11.023024308017629,18.11129913825192,-4.4797222802730055,1.512402374713367,8.854810687499365,19.563491090743696,4.976164889593043,1.5676641025363043,1.8321114050124092,5.551205331905349,4.008747964566019,1.0455823443796703,1.0183146735831814,1.0854241042215482,1.0999666712411713,13.961460230599032,12.373845779034566
19.73720739504262,97.8786604636087,53.52196526915458,6.485501395963509,9.455225312586974,34.48069331215351,9.904134124161295,3.6256914410893097,6.756815767590063,13.115813551055847,16.440396253962394,12.048759195674641,17.055118750943777,-4.257260937217031,1.5485902669806517,8.944131312978584,15.600581610525792,6.778407615632073,2.1117330349682972,1.4347858861214375,6.491873141284191,4.8661490102891305,1.0460109412834095,1.0149607805729948,1.0883935428900886,1.0999650536193555,17.062582704329795,15.102412733471759
25.324114632359418,92.32068259289579,52.47108707549044,7.499580923857945,9.980547385593596,25.9523315215473,8.731552299322844,3.8576925198199006,6.35637442384107,14.518598165462933,13.602665050362377,12.605691557464635,15.537404013766885,-4.395350568894668,1.9135309838335197,7.220637187874012,13.35279865679345,5.033918923758198,1.9098193519803013,1.6717307636504701,6.467846149438461,4.5077680219221365,1.0457106425461076,1.0165543048370576,1.090803768970107,1.0999999544053694,14.933237500820699,13.261716146384488
23.988325026949123,101.28323793101187,44.41221319628868,7.738283970093164,9.619786662072503,28.940261140539874,10.372310422400307,3.389667931755547,6.92854276380003,13.987368172402348,13.063585210090048,13.112019723065314,19.04547330159368,-3.741880482906359,1.3565634812902851,7.250125991541689,13.763142178231126,4.869144199245103,1.7394599037115555,1.4754441484598169,6.787262836000358,4.751411610760541,1.0453784050503572,1.0144332366964095,1.0884903321640076,1.0998610949391772,15.773032189290639,13.929484809026924
23.938208499585826,95.33972679348003,51.70211798444145,6.870752588366813,13.179734278315713,29.8550442635902,10.192766656626898,3.311063970866559,5.12451569168328,14.438042897692585,11.96624750409105,12.574488320952781,16.66529446026509,-4.098705786919164,1.9068287188082254,7.393208718961938,18.70818842333043,5.8180593137266,1.7970048223948973,1.8754710356344177,6.7047208154923,5.571600930375949,1.0454369585683359,1.0150000982838472,1.085131779996825,1.0999715473798275,15.815791450197459,13.99328867511124
19.931499938789685,95.89591710447809,42.52091510080469,7.4295067620614805,11.12927453460386,33.4133524739981,10.425702115169974,3.380468087355069,4.923198845978699,15.453578734862514,12.95870092386811,13.319160376563199,15.389778843299398,-3.74323010140648,1.9110145933538238,6.3020808033114095,16.09332252927763,5.352587884440689,2.0916634488395505,1.8363776690607072,5.191461123910451,4.162375574100863,1.046219987044338,1.016035228433201,1.0900605165053465,1.0999632013814864,15.048124190718534,13.284219911412343
22.8035612604505,88.03437306377819,51.09025354838793,6.177644058446155,9.557628573595151,31.699192346717194,7.964534359088992,4.000622746067362,5.02296176601273,11.963602707042103,17.871419080971005,12.360026601140905,20.542539042939293,-3.4049543562169413,1.670315990390744,8.178318205108255,15.368124862153632,6.563041299784036,1.8744606565000441,1.5290387261536194,5.933730352556128,5.1535216948718485,1.0459172060398398,1.0172211903360397,1.0891978790909085,1.099969547481457,14.72877175024562,12.960703618997309
18.796846340582757,90.53495569658729,44.8063928429327,7.298744276640543,12.369775436413954,29.293953208106736,10.58513815166135,3.2111469787018105,5.894316731015226,15.049566776586824,15.174306576191672,12.938902983836194,15.605385238839396,-3.741815473840791,1.453269588749909,8.998005368493345,15.327477668998542,6.692031960721763,1.926888289229144,1.498186501882938,5.900999757827967,5.681071759898387,1.046339633188018,1.0171514195003206,1.087333420151334,1.0999667746902992,14.486638256759129,12.789228601079298
25.027636826908314,81.40364121023156,44.7326384599002,7.099078467849258,9.148360686420231,30.659205566252375,10.277352190771877,3.3342041429557248,6.685687705761392,14.189582233443994,14.158866463538285,10.87658378142087,20.59086128109735,-4.453121663548335,1.7189468751369548,6.053635452104455,14.715786418756183,4.801193564929794,1.8506779916948832,1.7641457144578638,4.89654371399929,5.676675641186771,1.0456100645534157,1.0185715382613412,1.0865910777412888,1.0997677329635556,13.118717398833827,11.582723392199163
22.181817932472793,101.3580323775002,56.813203345397305,6.334390204273,12.997483622940495,25.08801181265143,8.614651703892056,3.9920141748635602,7.0912603376403975,13.534407037143785,15.460863644121535,13.757388459760671,21.528965880240627,-3.309557424478759,1.798444357266706,7.44382845153485,16.272139542718243,5.623447424633036,1.8066323413771508,1.8848323541725465,5.911832752877791,5.906355076526278,1.0458717603904477,1.0143206403913145,1.0895703169683366,1.0999936435305058,17.311936788599155,15.218062861541654
18.92491833374376,102.64544368241361,53.770019978199244,8.144551647257979,11.6790118154149,30.264790816816948,10.299349737283304,3.9503052360303,5.178384479680663,15.382373347966743,14.387848971865038,11.448779896378717,21.810241116905836,-3.7939586874286366,1.7973534017131627,6.7902108358675335,13.306090694243528,5.78946532753483,1.5121643447828768,1.7628006115359423,5.280494315681032,4.887291293206958,1.0462772785415142,1.014523568209348,1.093230695700429,1.0999653615373088,17.584245311980453,15.523808755785527
18.115451344994693,86.1613204814925,53.182093451103896,6.5408272521830515,11.859274833848767,34.425625063093115,9.647412335127791,3.9354303650091174,5.145890775501555,12.153951860411095,17.251451559353924,13.792736517179891,20.060609080467565,-4.155476108349852,1.5450883547549719,6.13366989485296,18.48869183934964,6.214614708019621,1.780419214161162,1.855846153835685,5.419890422765429,4.5886434884624725,1.0461347710772253,1.0173608020383778,1.0871096383352121,1.099971050862327,15.244580946665117,13.391674976367284
24.935872101689565,105.39049483131858,48.086413979596344,6.477433607951864,9.923520192163434,31.34349028682392,8.586148456225482,3.97106246833236,7.197890222770577,15.150439396484558,14.170170721053521,14.166527060495634,17.870956718377194,-3.380676136914389,1.3013716511141489,7.15715013828306,19.279633776549954,5.19444888359317,1.5886894787494446,1.9006853025542658,4.698009541813374,5.571564300787508,1.0453223706440342,1.0131823199381822,1.0879133066150894,1.0999711627500282,17.496082360084788,15.404293857915562
20.149491215830754,76.77254621484877,55.78838456880724,6.5045126838371345,11.431971191091113,26.833839647668665,7.434694087864887,2.8698914799287305,5.1619583451606665,11.185381875002653,16.45292636849874,12.62667630759982,17.805979894252246,-3.772655499805931,1.8745259107664791,8.732255438214441,18.03209182801391,6.692463115618316,1.67014657986309,1.523909968645301,6.063812261901809,5.247251894594528,1.0462889211937398,1.0198802640514948,1.0843298651756932,1.0999676490937045,12.704933698226874,11.166629199623355
21.54115459394712,90.45678772914208,57.09576755795824,8.576215823397881,10.908711286538443,32.18205123142691,8.170422095708854,2.940237056732262,5.739931702348687,12.976053120666329,12.0185612623816,14.299143368310352,17.92986985815778,-4.02545233861703,1.327336439853412,6.5249904862517525,19.187566336175,6.0521550646880975,2.1242045161227496,1.9192000220104426,5.502715467572779,4.597606128166549,1.0456551997008368,1.0160671075126217,1.0851532094210856,1.0999698105105127,15.432445690242517,13.610293838693247
24.81053055878096,112.98767857077128,50.278740398524576,8.497227796435027,12.462221447492428,27.793008556990657,9.267373368925513,3.966279717769899,6.558997858076975,10.914284595503007,13.9267657866293,10.893936538700595,16.970588811793096,-4.532563584886468,1.3036117049028917,6.659402135885771,15.335540498861858,6.071171046962036,1.824553216861823,1.4196924690261672,5.021039275957719,4.473596069192237,1.0457906932009484,1.0124519986609308,1.0912391236875965,1.099967827205542,18.32767968411349,16.290828474285764
21.72195715977037,85.57797896559815,56.358159830739645,7.490150273143696,9.223406154119974,32.205343588872275,8.383843037552364,3.714884504881547,5.562210264076686,13.882016205359928,16.52202892865249,14.874284408214733,17.184566297691386,-3.6423768435584103,1.5771305089830014,8.781524513207966,19.265208729222763,4.848517609833481,1.534989474542744,1.5971258734916085,4.887356712908582,4.691161746697395,1.045742973925062,1.0172051073545887,1.0873512132719485,1.0999690077896673,15.246715314794024,13.41973636644246
18.647985082927708,99.32600058136946,56.394352654852774,9.11007066169492,10.641080273586176,30.668349117952424,10.282563552686693,2.964446901914938,6.562537162966795,13.007755773315369,13.148631115269778,12.205988383237004,15.777298180933368,-4.204835151799316,1.44175530799901,6.934216935134634,14.083979820323314,6.646009144224548,1.7952798810835717,1.6461740017832964,5.961083824780062,4.820986229082683,1.0462280571899925,1.0150636772499808,1.0908700116882173,1.0999660277401981,16.846078031865108,14.959942328932009
19.03115966600305,103.43660196341972,40.66931579363873,6.395776322447584,12.141449768432333,26.06427684133341,8.304381904870198,3.4653184538024364,5.976417212820092,14.626327275350997,15.635653488922431,13.433532504391877,20.626812912981475,-3.5764758547806057,1.4862933195523031,7.313993243686663,15.321548828942614,6.925055856012403,2.0261173870234295,1.385379000483859,4.652978441645938,4.085566536494536,1.0466116347301382,1.015275791154055,1.089727498092527,1.0999690106003528,15.299436817640876,13.428846429021029
19.47847075505259,79.66649565033276,48.437424756745976,8.68830547709117,12.260640989691257,26.144186944369846,8.63747732169283,3.511051893343789,6.856902272788139,15.331256656773292,17.341921138970346,12.746965872554604,20.47648807291256,-3.294408579124942,1.6417849343705484,6.7460754284134055,16.1466001165767,6.110997179271589,1.6250298752547225,1.3133984369899272,4.663742546868318,4.044319071089043,1.0463818735691415,1.019535336174,1.0881945106938045,1.099966393997744,13.457445695924095,11.826448720375652
17.43247572161952,79.51817853110074,42.819024222580886,6.752513403114189,13.380848741925938,27.210872041465528,7.658714820093837,3.5637875618348613,6.97341619116992,14.461526034653447,13.684649251247285,13.01301009174059,20.63290540392311,-4.255843008093677,1.706584611390521,8.612431274326854,19.057500243404853,5.983132817824248,1.749496585760073,1.6906049891616641,6.5382518431794745,4.01130420968237,1.0463910816750948,1.0195625050795976,1.0807209041507089,1.0999995367708622,12.061006611264313,10.546330241553877
25.970534038248903,82.25143734136424,47.231160605818744,8.730970393922314,9.968180987718013,29.226183642024523,7.677295848652245,3.3531068555434698,5.312210509694927,12.76358984336425,14.145846732084623,15.20530761115953,22.76057902270867,-3.2990665947105553,1.7446200187701422,6.155236439007304,13.480474981838935,4.884374634648317,2.1351496730457122,1.8821526706526066,5.089912543051179,4.323344671107423,1.0453857940628204,1.018213419776437,1.0872869429602374,1.0985531838851137,13.108441320452291,11.464340021479286
19.44784455095842,94.78581073675137,49.132752564517034,6.75364402853592,12.349670090642954,27.25272739895128,10.519672771905876,3.7194117890394227,5.944696914100812,15.065524809195367,16.79477117123812,11.635646556493432,17.781830533154242,-4.580090039816621,1.3854342645524942,6.1264512508888025,16.29492734212741,6.498806968565218,1.9956010365437369,1.8684996025042129,5.877025541336173,4.200129343133066,1.046254651260528,1.01618763048384,1.0888135276537934,1.0999707861188321,15.657289366724504,13.866831726145122
22.469820297236616,104.68994674882903,40.02443365955908,6.604878499336673,9.015062161977406,30.60510043747236,10.392243811005255,3.738928642402939,7.276177813721995,11.140381723498713,17.301886467502918,14.295466899924337,17.58823555579624,-4.638701420866113,1.4642801588297056,8.667914171484655,19.12817055177262,6.397765670518896,1.8456987411452532,1.3568017597548085,5.874174424031875,4.713592511309869,1.04598895894979,1.0141901516134786,1.087116245691709,1.099973688113951,16.180338388280198,14.222374038789233
24.236443847788454,103.92630850080111,55.65091114096421,6.1250836937923925,12.584782411367247,34.67385222687109,10.04148161678934,2.9822722438185134,5.078321015811766,10.912564294961586,15.667321545935302,13.358737071448227,22.700544228058412,-3.7409473516023892,1.492420022334398,7.873274781553176,18.762041585450426,6.813315562893363,2.0182493996489077,1.5530713475941151,6.113001025923989,5.7125986534322335,1.0453171285554157,1.0129420993413187,1.0869776871867314,1.099989992479631,18.516601571345465,16.231476581123033
21.6184920945459,83.5247527348192,41.48511216797933,6.080479543517293,12.177706217516151,24.91094706438269,8.077820758905386,3.2170268641319106,6.2473268587337145,12.948969297397154,15.941056992458044,10.44264438938981,16.14193787640974,-3.898769945511896,1.495657464221971,6.887440088254079,13.725066444809153,6.718068485415364,1.9381093820100368,1.3578356203645758,4.790906621950167,5.949745066862486,1.0465099407899534,1.0194192901598038,1.0871908951124267,1.0999999681247494,12.168377688478365,10.747540166441606
23.2725777378149,91.08974475881219,51.657097499250604,8.379248630899683,12.454230666701731,29.23895220670608,8.747577929249452,2.8154393179764607,7.140799360946084,14.057862543300292,13.13079746565221,14.831585370660896,22.153482453454252,-4.663127296411109,1.8393962004089464,8.993353163460196,14.904716289138532,6.594019037662223,2.0325803823329505,1.4278018299012698,4.868375113682299,5.9588410273551995,1.045062446035106,1.0157342797414504,1.0841238085609761,1.0999995540045866,15.318194886091634,13.461121934745034
19.929493107198898,108.17520266482694,38.318911197378426,6.143915413947591,11.047103462959731,26.41683327043375,9.68342862036947,3.591790055795136,5.069065345779199,11.678192800104874,14.23277364954815,11.1028686448936,21.220889839053857,-3.769069567463117,1.3397963947791998,7.453028706816374,13.883165522247792,4.939134548573977,1.612519079060308,1.8300977313583937,6.785101075012495,5.652515458664138,1.0467881155947885,1.0148495951745717,1.09153857309901,1.0999999865982493,15.194685774509265,13.38055121862601
20.259790247186913,85.62578190098078,48.73985680790937,8.27443360802066,13.410310090957582,25.15253440017133,7.377451196485696,3.77209824459338,6.9106309117495295,15.370283411278686,15.96364275249988,15.006400284925467,19.083636202938862,-4.545551085404491,1.8993997676745746,8.541472371009323,15.336796860037243,5.095220310715085,1.8346464467869095,1.5699294402433208,6.67639935388714,4.200063342134308,1.0458378221656695,1.0178662162734375,1.0851754174778967,1.0999994819354166,14.02374946762446,12.337230766351237
19.597183732183982,103.68778422946494,40.05614465196621,7.055123818625968,10.694456165361844,30.946606799439742,7.769277524589713,4.0048462864895935,5.9720030545377085,15.751917244155004,14.708504685258232,11.557204515418926,16.277899098026328,-3.1258423477496047,1.620580790390295,6.32147009078077,15.881072350511024,6.007110486070041,1.6384938457699443,1.3921435471143138,6.437354164453673,5.8935823445632405,1.0463744643927504,1.0147535356571946,1.089568374099688,1.099972498043489,15.764090157790166,13.926607575831364
18.231822827041867,81.2226434228271,56.59544200667197,6.194864034309228,13.339792867746114,23.65480490040287,10.345207160344792,3.2302552533828495,7.1701568139526035,12.511504558632161,15.819665676342971,10.566565454410958,17.04170656704842,-4.326939780507631,1.6183589463544448,8.783907185361134,16.126909351386594,6.657964688688301,1.763247914984331,1.9067188983692707,6.866815764845394,4.658273411112161,1.0464424654359488,1.019077310307677,1.0859741353840862,1.0999657328542447,13.68787485165828,12.135047725607844
25.049817459217852,107.29799658044567,42.268209196903,7.977842818381139,9.28561677384237,33.47318650288485,7.828365180612588,2.8991405819400704,5.856534593114699,13.915379548438073,17.015305073016236,15.10915202965042,18.54014309553096,-3.214297199857022,1.7594339705765571,7.695519768671813,16.253998529767237,5.35750379879788,1.8017269400473457,1.4967549468524999,6.396267533173876,5.087787392985282,1.0455894430237225,1.0133865183470436,1.0909985308932217,1.0999701738870873,17.354923243756648,15.229695498053118
24.971038679657692,95.84073470399098,42.79557734305946,8.667319321985719,11.456341321286597,26.040724250094023,9.444628115842399,3.3008034709193983,6.94034969399264,13.24781858869133,16.249590494320202,10.645323934792085,18.20978503189783,-4.653856640896942,1.797414585265375,6.4798224071007855,15.124353288528976,5.405172676546758,1.9082632035567209,1.7644766460733796,6.3789017324343495,5.019748112612805,1.0453770958504212,1.0154816278910312,1.086134012800871,1.0999995215323357,14.906731148362653,13.226302272976856
24.397922268435153,91.82910215830167,40.60859640845114,7.795903198627593,13.226310203012956,32.95732508643163,9.283322331692073,3.705527924488736,7.150571345966797,13.113051089948787,13.895109068098119,15.124387150202281,21.762167814678534,-3.6239479920050197,1.5768195823109907,7.245234387023397,14.269995306378323,6.86214083124676,1.7311049504782265,1.8402106128882612,5.0793064482191435,5.09574162127444,1.045059728383581,1.0157542982555736,1.085585139092986,1.0999995487732765,14.79648026864998,12.960838566724433
17.567984822878664,104.15582783117819,49.347073734468836,7.981792333748048,9.191709553844847,26.09025229646166,7.467591140472889,3.2044800421253368,6.4109511787444475,13.857404315313826,15.568412936815808,12.950196458599702,17.275018847136533,-3.5014316958573035,1.367718197463412,8.547212624710475,17.373422940713866,5.072705549009418,1.5675907534712925,1.8387427849767275,6.3631356039309,5.3187981598107426,1.046614203194564,1.0148205543411708,1.0888963796201214,1.0999719334623543,16.021362557855888,14.133934069973508
20.891580453441122,85.23123926201454,56.967098590717185,8.503608308069312,10.311970919650518,33.60126459608623,9.932155015012853,3.2159127698291976,5.920788964349601,11.804148605111545,12.581872568493534,13.831631126825659,17.233090115889386,-4.399292610564156,1.9171895753692327,6.229859441788946,16.42095323055577,6.500785137601063,2.0080446455096883,1.76639818133182,5.449668249900434,4.907706511370105,1.0458640987839585,1.0174222464016458,1.087515211537538,1.0999650059073194,14.889970885708227,13.147798442414812
22.52432534172396,112.05808118904032,44.50270382034398,8.886357418659246,10.166718993448614,35.27107869258971,9.612949272579332,3.448916072501971,6.376672644475196,12.271668312817118,13.554076190768342,10.736857082724947,16.06678226256103,-3.6623679166915015,1.7682275058536778,7.823913502794488,13.96116148059798,6.6171887379441126,1.8729846914328478,1.8949475691422593,6.194830284394001,4.3503497274083625,1.046003135053974,1.012687577922032,1.0923949807323343,1.0999696023166823,18.150825413474703,16.10039892434347
21.472439584831896,99.79538947557866,38.78042108407557,6.125327203030616,9.539725442681585,26.569640333536558,8.746376844674433,3.4824166632637037,5.216787365808468,14.436314527225486,15.472982847711346,11.655877622113094,15.30381511410822,-3.2411307479511335,1.5306846563269374,6.461923053497052,15.782082184822526,6.097383642464024,1.8340109480730842,1.4279525652079323,5.437668179720306,5.228062396897302,1.0464375576603473,1.015958856213104,1.0892441376188677,1.0999663141471479,14.249167214125167,12.58446437999043
24.83222164341713,103.7410823716809,48.82100851305489,7.181370714882117,10.595429723387287,33.977124261119876,7.341276873745967,4.183175702188365,6.501076002477811,14.47814357499091,12.146467110336264,13.236088716447663,18.8843132566874,-3.2850150947547445,1.45787008689239,8.670943368640954,16.93192308134993,5.599126454403468,1.492331152205384,1.7370377775374757,6.2706139102787954,5.228087213945127,1.0454460614120982,1.0135489562394724,1.0883588492934335,1.0999668427631235,17.129828483689753,15.105935673729885
21.789079769195233,91.7049962751738,49.583343297930405,6.7895221732543565,13.17684060751586,30.547775444326707,8.320292799675755,3.42955179123922,6.845870884859616,11.672726727943607,13.665300309863154,13.6119007555017,17.597717969264902,-4.356302623703886,1.3634902317935111,8.288058511363825,13.733855386607763,4.669214861388587,2.0867209335591568,1.6520570988366712,5.456238401241403,4.465189273927701,1.0455893208901672,1.0163478191473065,1.0873327062803815,1.0992860265001325,14.732721990381506,13.03575352807907
22.714568598703885,94.5392022756643,57.199349468133306,9.068976599427385,11.804910056314409,28.82587197204951,8.968107488884783,3.7554706927316066,5.127841887934331,12.573101198577879,12.36862255638148,10.53267265834595,16.688378238396176,-3.8769950771654336,1.7822555655441854,7.456487673497618,15.507564694124177,4.831058937581279,1.8362127766918535,1.4536118953492334,6.066647292767782,5.954375478264836,1.0451264329655876,1.0149788091615568,1.085486373787133,1.0999995424394504,15.8614489012623,14.11572022731641
18.326208310425137,83.3528850238427,47.28556756846004,9.024585998651625,12.41770779768958,34.1991044793214,8.401373454512855,4.188853863290032,5.130912071196544,11.086053692648946,17.019391657242007,14.870505540651488,15.888448717350375,-3.296946785723513,1.3012314609636952,6.313522687928173,14.670547583553867,6.890577755871202,1.9208593600125698,1.778273936331867,6.440643416564331,5.07014749955843,1.046346133964324,1.018502235131096,1.0884945799234658,1.0999631473659393,14.070167708399143,12.368156319326959
24.28220432654899,97.81002782045407,44.254121386176195,7.7857747306559375,11.35011846588262,33.31674603435998,10.734217982573972,3.3754595915893026,6.742673255396918,11.338720221805922,16.5499149619118,12.04679791292562,15.49936523796162,-3.686664038556996,1.6708113605898527,6.3577505030444,19.415589029736893,4.820199998792986,2.1096048382798793,1.7325680114788395,5.404932246960953,4.7815006954181865,1.045486717269037,1.0146751006635903,1.0876605083826798,1.0999719122043794,16.17190929588625,14.308630612974559
23.79022528588022,98.0234310812039,51.08181265821855,7.263060434200979,11.145404398498043,35.280436311647144,7.970122333798984,3.384998661130984,5.59204857768048,14.93160215637519,16.473515248967693,11.64562294186677,15.818566406410671,-3.137834975608638,1.5535683412751908,7.231012783007312,19.84290879416869,5.729940815618616,1.624621226094303,1.8503868422601393,5.779277643196302,5.198351270421155,1.0454357443340954,1.014223006848079,1.0876433877755696,1.0999937611248247,17.240730289270832,15.25846047818628
18.190404406516887,89.78829022818589,56.293556655938794,7.872096367893294,10.503368311038228,30.982872731452797,10.477479922481217,3.183586840661626,6.112484793068446,15.976929531123478,12.947481014058779,13.815892742031293,19.870055662342665,-4.18029320457939,1.5047805636272447,6.9416381204512945,17.82315221270678,5.140060421442545,1.7421514162984837,1.4004317734738676,4.659267231406125,5.940114720076139,1.0461211536479667,1.0166679011176258,1.0875622222974124,1.0999711353777262,15.690019622387332,13.819250773031015
21.107181854737718,111.885093471339,40.92298569796083,7.865595009550757,9.860363666904753,32.92287469816664,10.021330759539511,2.957650008655037,7.105437265018389,11.851000094897413,15.573344955872589,15.167018790045537,21.906213664224364,-4.612239728555424,1.4992632135795967,6.316726926658391,14.53062323864195,5.801148156577743,2.011125368356792,1.3760983322776803,6.170577154844957,4.647155208079024,1.0462632804817735,1.0133575652179865,1.0927917807636622,1.0999621093911338,17.664491100945547,15.459378290959975
20.321633988363892,100.30106007235065,47.169028901475166,8.548581210799021,9.658514923289465,32.921389583251056,7.4312468930067155,3.071675432343847,6.4810053033877235,15.416598545159786,13.42597058132652,11.822133357610877,19.282117686979223,-3.4500535781233115,1.7991400074160038,8.320909935017283,14.244736967452791,5.716084977814586,1.9978759919913274,1.4958908999061855,6.108807828705138,4.1004262429151455,1.0462309293741032,1.0151764666091807,1.0917092590424489,1.0999650404443853,16.084738059290714,14.211125741797854
22.64341844139448,81.11196428642289,54.12075317618831,7.160566369284655,10.221361305022317,33.52248992519552,7.380518483058518,3.3552523190680827,5.782808639003076,12.337922020947575,17.354055818728803,13.974716239064948,15.685816047858737,-4.234912421118528,1.6174714452024284,8.702603683204737,15.3579588991931,5.9720558390942315,1.8005437978135101,1.5933189799856677,5.698164526879934,4.411258951064562,1.0459329320812354,1.018646304981391,1.089256246583172,1.0999589898785729,14.32193107182738,12.646951753978813
23.919562127233966,92.36634171361639,56.56683117804982,6.87285761866604,12.018692401529142,34.700461539741475,9.588449962857933,4.019782070664353,6.899053541807095,12.74463566364062,15.4967386820394,10.953807606241686,19.269996708486556,-3.479458276030366,1.7559915615695652,7.584175265676374,16.010549687874228,5.263609263107388,2.1590629069257266,1.325894733366357,4.741060778928015,4.4345148009877295,1.045422616978722,1.0154092625527535,1.0905607646943865,1.0999699449915459,16.98444269185041,15.05324103738447
25.78890894088947,112.25769418229702,50.76221828884323,8.75552426830747,9.918548554166764,35.07009671128416,7.714025460502433,2.9415752634543217,5.153796155763345,13.894890785671848,16.574607428279595,12.022669263603136,22.632009507174562,-3.797695415464594,1.3762870724948586,7.39790024455841,17.788806778405004,6.570763810770159,1.770313168768747,1.6599083686714673,5.2602397322085395,5.291833052811028,1.045426479342042,1.0118510560665996,1.0904891519562832,1.0999897424984992,19.677031762116496,17.278588729747995
25.91823647348898,77.20833861510808,55.190466423882796,7.789338808413269,10.089401994839102,34.86769857810924,8.940075491012037,3.2643663523427398,5.322854212980852,12.120041935385975,16.883780287885,13.281202847331201,22.1406667081112,-3.481870785366146,1.3575286872632972,6.018262592926771,16.6522039297702,6.956072078486212,1.94037499354942,1.4773725388576935,6.674311912620718,5.56344453197592,1.0453415174884246,1.0186004382053644,1.0864903862404507,1.099968368231469,14.483524057636401,12.717911248484555
17.49380364154436,106.13930290678573,43.986071598400045,6.535007332334148,9.973962162022094,29.12924169162664,8.72952453744484,3.2044422191239175,5.30021270618516,14.916046264067715,17.821054311060102,14.111181228532027,17.449120954303716,-3.501901979802928,1.4193061606822006,6.410085223467109,16.940834849956882,6.044528862931759,1.9479619156774588,1.7153365573975474,5.318213282177447,4.660622010793693,1.0466057232649335,1.0144767600475724,1.0904851047335788,1.09997324849963,16.551251563517944,14.547022975647996
23.27554616763949,88.52718710472712,42.30535538552126,7.217981907238087,10.17893702594934,24.64209011037922,10.188500048195952,3.994355944819851,5.416190732407186,11.149769877436091,16.32341152661303,11.234565419386142,18.190109719720137,-3.220050993490318,1.4248125342453986,8.378706834988908,18.62119240751694,5.120436793739488,1.6818579684768167,1.365912588219996,4.81208050226102,5.984343428896819,1.0460766670357948,1.0176517395740772,1.085490320414472,1.0999680684292912,13.062815958216923,11.499380732686225
23.050555496805202,95.78619646659266,52.87633132774933,8.63383456545068,12.574082160840378,23.795165501620545,7.8725084334857955,3.716867422964963,5.7968528086416695,16.105406315729976,15.885812564123995,15.019268456344367,16.730993260508036,-4.467772963859436,1.4856654757217442,8.968694424713421,14.327052782565701,5.837908379704918,2.0108480643627282,1.556891187586583,5.72595501963534,5.972711591011482,1.0458713875558663,1.0157980451151747,1.0886258944458864,1.0999654362846751,15.98913222013776,14.134886671824015
21.05167474461401,98.12143675057271,39.28279831210888,8.64031864383919,11.863792859428354,28.3674372137812,7.2582103438362715,3.6283363488309055,4.910885101501356,10.806499515108698,15.591947430410155,11.120206702059535,16.658345377857525,-4.13910364269908,1.3143662002811998,6.940216684423669,14.272227830223008,5.986009177927959,1.916470911403725,1.741526946303388,5.232136423251071,4.178499503273168,1.0460625692999972,1.0158539344456954,1.0868376991793887,1.0995981553963998,14.018973606595749,12.420624362880204
18.042974142255673,91.41739034562328,56.32454510127911,6.741896264110954,10.110202374010141,24.790487864849137,9.380052986018148,3.751822023526045,6.448752147912254,15.450103312441817,14.819097976755389,10.843041767096688,17.399478993353537,-4.153390758537308,1.6723980631945985,7.593009389228888,17.81488374009288,6.118746772866054,2.074553920414765,1.65505048158611,6.446355152185291,4.4974143119329355,1.045745733838722,1.016175236052189,1.0831376469721097,1.0999996113196067,15.075476682647723,13.362646907460487
23.246624834233106,109.35467438065922,45.61520210944481,8.448476729509485,12.20705606935555,24.302409123087507,9.293429914646659,2.9822650888811237,7.240258780242643,15.181600514583543,12.573953855432837,10.778500148050206,19.718001297335903,-3.658027111710166,1.3023397498067901,7.624924523499159,15.855291461914025,4.874497462302443,2.0173826824243077,1.8656491297784357,6.395297926912781,5.644844620032554,1.0452852548541003,1.0125835936709502,1.0855254639400655,1.0999996169357722,16.92168699983245,14.98142681256226
19.2391381238699,85.2914287906129,42.227046570520464,8.405792831351315,13.206668513626544,32.05867903946005,10.373280353566402,3.6941787328364413,5.825890157363469,13.099112720623648,12.368915735717733,10.319802551849811,20.485614591836985,-3.803949071537442,1.633417643554963,7.672983742867249,15.121775400533123,5.744070625124419,1.7789473596007457,1.5285934215858286,6.543966889490483,4.902328007375192,1.0460277503321553,1.0178709386109135,1.0848095294784357,1.099999486209214,13.311663151697843,11.74942392571856
22.599634472711976,109.10319813594954,54.802386869062595,8.786883499488662,10.169622384163262,24.012793362035143,8.139840479623185,3.190190283868992,7.098839197208921,14.305910757325043,12.406955599229285,10.847723267736393,16.383138554119014,-4.10345792714352,1.7506649763244821,8.578931731696187,19.525826697353452,5.107954573136545,1.6630361890013154,1.4338066436766919,5.4723268365214395,5.829330214847499,1.0458122648441996,1.0128886603793912,1.0865047292487175,1.0999749045059861,17.48241377141904,15.519897439621143
22.351977081033656,103.17507069118713,47.61107979474407,6.167728056541819,9.247595777270208,29.94749176896105,9.787640525352092,3.1014627385402243,6.641459360541221,15.177595176810966,14.374908971038183,13.951809702848053,18.270627622496296,-4.17822698194983,1.7689581115645077,8.975779854924332,15.573433836102279,5.593614610933098,1.5592464427753236,1.4106067573771566,6.2486764060282365,5.834091180308953,1.0460084794957631,1.0144511685128406,1.0898048988206575,1.0999697725809265,16.586502274760136,14.615047927821802
20.78517098041957,82.1365387567632,43.69110242820284,7.463357182616741,10.26211347555685,26.35623318083802,9.849544159525486,2.8109828897368727,6.195722486701018,15.08634075796067,13.506720586452111,13.224720873909048,20.283640802701495,-4.141838526391941,1.5653437658871794,7.039733963627338,18.830535844904684,6.399594620239685,1.6713037248580171,1.345932284443012,4.806593505433488,4.188551955797872,1.046359463545566,1.019180265347856,1.0843593457627725,1.0999635310994238,12.460589940865644,10.91190016642178
22.41930605514693,77.30663078523634,44.68204184931241,8.369727093819257,10.278679785988894,32.607035310725536,9.883681337545399,3.144157985686503,6.658326119426298,14.837993846669345,14.288825396975481,11.228936057406912,19.161658132378207,-4.557380237280306,1.6893547087565197,6.518767492881784,17.813505980230573,5.631111023293856,1.8659007340958687,1.749800982414789,5.834677855513512,5.627967949146617,1.0460162623363962,1.0196424322911308,1.0854060170293593,1.0999671421696986,12.951569395456946,11.414985113821963
23.628310428468325,98.53596345189749,41.123158638714564,8.621285297171166,13.152857022232773,25.21618846094968,8.95766806596035,3.1624442387587064,6.721036870118378,14.69680003442538,12.759675318599577,14.615298538009117,16.57539528623282,-4.363724080011047,1.5724674301619233,6.984816880674454,14.33070870415678,5.02886507426018,1.9165611993846483,1.6322754482861574,4.92323817823086,4.225395720876651,1.0455100028718076,1.0153646303142208,1.0870326700035555,1.0994351287201793,14.705380544492513,12.992142122947417
17.98765578902783,103.38515364903515,51.851185469584,6.257630212197909,11.470009938674439,24.599178631863744,10.453484774192189,4.0699643868521855,6.583688495144037,15.801420175773028,16.756260061265596,14.36897596570941,19.529779664331492,-3.5974523492172343,1.41939143367451,6.981600066116787,17.453209655791373,5.040563163131166,1.6262209703788717,1.5795589521890974,5.180676228577108,5.177287339432123,1.0463266300157346,1.014534476550712,1.0899342996238792,1.0999736951077697,17.164750361372448,15.085573464155084
25.37316792700094,103.54800729969381,50.982076862527215,7.851473286990687,11.14600663347165,25.801453543688986,10.420957639536716,3.147950402817971,5.102793661290712,14.850081967834955,12.966668584613751,12.049231677669173,15.414965455011448,-3.333825990363099,1.3908503236863439,6.163230383250534,17.640202191975693,6.581858086263232,1.7087870925834774,1.8397289450996486,5.134964052979494,4.650780847122479,1.0454736387187802,1.0137037065848111,1.0876694085976761,1.099971222006894,16.654729754502778,14.77086523158842
18.668397099510543,98.74267048338788,46.267906577440264,7.944381374399372,12.372303576165942,30.039295589188793,9.459469277646436,4.109350440152067,5.609716915445577,12.739485268623346,16.19751203578765,13.265432026641363,16.556850074501835,-3.7067898036163647,1.5794163283998177,7.258169513905168,14.463744727258353,6.7846778129394885,1.9888695084196628,1.5880677325490256,6.2177415856718605,5.794565344271043,1.046325808558744,1.0154660365211565,1.089394032421168,1.099970795357166,15.88159502676714,14.019932265798758
18.541991555698438,84.79405655063893,48.61644784754705,8.508991528911169,9.122421931578042,35.21141417231705,8.83766377037663,3.3029235968704125,5.594247628329043,11.741526221314707,16.637780497222966,15.013503956910169,18.343700136825028,-4.605776283815391,1.807230473878422,7.443153382428955,17.75553382939752,5.649163295675474,1.842280853913038,1.3171496556918427,6.255331262697237,4.105649288968274,1.0463465882414953,1.0182110206696644,1.0880482544797923,1.0999678223841436,14.230410113041895,12.4866036488373
24.452297339262557,106.4440003020738,42.772917738074824,7.063934854348832,11.116270495941153,30.64062230180328,8.234473182271188,3.629480966484695,5.606600458679488,11.099649893783727,11.935064196998178,10.673847374225616,21.22110532124654,-4.619832847318006,1.5532583675399803,7.538051860349829,14.255071842647551,5.918392738217964,1.5441515294450234,1.6711771719672512,6.805160108787581,4.391397078606079,1.0455663392276129,1.0135213791364124,1.0874851645988501,1.0996568505559106,15.765674825186528,13.944969264800541
23.996413072735645,76.24557129179445,45.419507254069394,6.416675463804747,10.539089978348732,25.647735651738827,8.543897964442396,3.3845319285505426,5.613442339585441,14.345758527154898,17.3963582255031,12.195024500454783,16.661807989210164,-3.542327502785734,1.8265605270376761,7.714919169810443,16.301273254518197,4.98715719390071,1.763803661993123,1.4582348821487274,6.828138456619769,5.768140218831462,1.0462139566849078,1.0204767662656191,1.0871757516577356,1.0999626826695923,12.182114807000346,10.705778562315844
18.08827406306876,94.82750347536364,42.54311556624053,7.328762352153843,12.888279032166523,29.824671334684826,8.403175056134735,3.091043695746996,6.832792656951833,14.172397282967475,14.709670144140338,11.264820517623928,17.740272443594197,-4.617355745712089,1.6128575600677342,7.202097843729758,16.742242361192872,6.447253333687092,1.6848784342820655,1.3943719173968698,5.997051794546591,5.330408206962134,1.0459289378739045,1.0159363518070932,1.0835363296336833,1.0999995756965435,14.553384823624736,12.869791039096071
23.54639226568021,108.59329242006777,45.33684918757584,6.309078884535832,13.25340165466662,28.733140743762206,9.443727034823272,3.7328274523796092,6.213493449230937,11.908390660575858,16.420652578692202,14.243060029464734,19.402614453732543,-3.8821554105123526,1.3529204372019108,6.251854984499351,15.534710574541831,5.361163080800352,2.1266326446935553,1.781518555163795,6.171024365001018,5.03529617803521,1.0458672485002931,1.0134155132108082,1.0909814680249954,1.099970490371347,17.45843468218938,15.361721998620627
18.812750166707335,112.22824740790381,45.41077815035281,6.405053831439624,11.172219052806541,33.91317653703438,10.394247606398386,2.8153522824790267,7.042561617193416,12.266014774499236,12.152275289251802,14.4667745734434,21.76538734551038,-4.050120484554066,1.6476376046696695,8.439360817864259,18.50109542999626,6.705044698387073,1.8379781622696263,1.8992941393489975,6.9510606477653445,4.233089219997265,1.0463314924249048,1.0127661787596893,1.0883193133296103,1.0999912083691548,17.889797019958326,15.633792649586166
24.734039832929778,94.19330267196683,45.65026838829279,7.943739822043452,9.210725696533792,29.57624120145154,10.335206052096,3.0988461225945567,5.920391343237397,15.873196793660327,14.474240473321956,11.980507572248582,18.548078525737672,-3.930346315767388,1.6844744602441404,8.402078402750192,16.281958646275047,6.536555769409126,1.8242788761734983,1.4966275266355058,6.166445921237041,5.435444509486983,1.0450288495508617,1.0151872470230923,1.0839314292479634,1.0999996063823205,15.236406944000091,13.461452607941379
22.20386510846395,77.4932521877164,41.48816057307497,6.947305071506294,10.226162714662689,31.546365442913075,7.266055182025077,3.8579544878693284,5.5274356385289165,12.474117969566953,15.06634257454579,11.256902052769902,21.921981983174007,-3.253175295749442,1.5644047118726816,8.54826680836467,17.369203458957006,5.31820447675491,1.7429473495990517,1.7322844034192095,6.897964924604246,5.7862774367588665,1.0459965718058954,1.0196424484813846,1.0824825837172427,1.0999995261126592,11.888744138579797,10.39628136815497
20.33231677675903,112.97209609156646,38.30700916671383,6.163994457657582,12.650805507966947,25.953659704630017,7.418769366226467,3.132007302531103,5.919684375713299,14.745057860340387,15.641039738245183,11.367115785206936,19.024855405564445,-4.564894004421767,1.801604977269605,6.9695693544953805,19.802236687401827,6.283999329009504,1.484963536080083,1.302502856504729,5.030706441703269,5.455711736100294,1.0464356673082815,1.013211766367561,1.086407289986527,1.0999769115792186,16.535679955261998,14.566730089518488
18.954853876312274,94.63282146378884,40.0231334978575,8.879493919803792,10.500943548854382,34.31595826741544,10.60155231087796,2.808580106239153,6.012489856764906,10.933142700817221,17.33580888716532,12.793510327251646,15.769574496508577,-3.292031696111444,1.525445775675353,8.820702578618668,17.88091676641206,6.652875769558786,1.7038487853647855,1.307656767711999,6.90041691831424,4.03434598132474,1.0462429972068756,1.0161215158392414,1.0873687043518812,1.0999713078319309,14.917466585689994,13.138501231595589
25.585616348743855,89.25176533063578,38.432928544018374,8.175037984442504,13.352820562060465,34.99438352948359,7.779373240328706,3.053746928492617,6.25991495167197,14.241446062712951,16.326930765448562,11.079735831198509,22.488453859409702,-4.116433239811211,1.8221100280771552,7.620197145852515,16.030798267996822,6.907064343300391,1.859127386990282,1.8347990929914744,6.851638359569792,5.3507092540173185,1.0455073132094064,1.0166803443596624,1.086523323975928,1.0999689543429156,14.618959027657345,12.866837231481686
22.1247877295421,75.49228886231333,39.0051755309298,6.690587696795394,9.793317774714858,26.606153783358177,8.29776469571158,3.3040916909710196,5.906111963768058,11.33387822766248,12.172477114438582,13.583637801290958,19.28374466880739,-3.8128649554633864,1.6860415623477456,8.483038221610622,16.1198809165316,6.127397158920592,2.126572001161314,1.817359677351399,5.62832188036559,5.2894336756294855,1.0467932498462322,1.0215524874650803,1.0846461205683466,1.0999999733427759,10.38582027594935,9.024102086584321
18.896975602230356,96.48047592684699,57.00299692656702,7.655677950215668,13.11581958037186,28.406552061938477,10.795841377864672,3.610908049318581,4.98313634593568,13.968475902133495,13.556453266250397,10.325005115942345,21.43848511567944,-3.550138233689979,1.7897910745897592,6.864652748867601,14.570326989721863,6.899530531922271,1.7003846359836141,1.6648807753236228,6.055157063329574,5.120946964347004,1.046118297095199,1.0153698202729247,1.0896028968783271,1.0999705824854438,16.516052419916925,14.610968537644865
25.299559053764142,100.77293956910361,45.959375038486264,8.701636368953793,9.771161788039521,30.021993739802927,10.621981338997523,3.6755566818325778,6.873403019158697,14.32922791794404,16.922650346685824,14.957998429613836,17.2742051292488,-3.3846712867604816,1.5897540802128256,8.105587280472648,14.788549921129915,4.6495153649979875,1.6869132834024279,1.9000699746993845,6.252324508605564,4.802650887882448,1.0455728347089819,1.0145428295185581,1.0918294701996283,1.0999670467750555,16.99474116914604,14.980363349446215
19.031560524970576,88.77745890707887,41.48732996471986,6.403169696791372,13.02220582912504,35.37227399283059,7.790811982544845,2.8763315824295916,5.684543901436758,13.292959576111642,13.140734632572094,11.691238551936676,16.7266175912566,-4.327846486754623,1.736049883678247,7.904854547282945,15.85112657100592,6.748974983849028,2.1380634299052144,1.391129160080264,5.157389328075557,5.0512620560007395,1.046386927604872,1.0176594670154988,1.0869967057690337,1.0999649186241947,13.592352708104475,11.999730262843586
18.15205494136989,91.8053756676549,49.36384898254982,7.667103656257493,10.442470452189555,30.000860511711043,10.651683435331853,3.0884243660079265,6.477788514481369,11.034342148442681,12.315841770709353,12.963287379055812,15.997537770492418,-3.154860989945898,1.3897683184947345,7.694547512998724,17.95018393800571,5.109750268808002,1.921146794789886,1.396784851903507,6.063221229784516,4.8239193597915975,1.0463606330468695,1.0168036177002404,1.0870270953386898,1.0999658415920808,14.244307845983043,12.56256236644688
23.03497974101579,112.85358771341802,56.17106037524658,6.093016543821755,12.92676566434313,24.384591383062247,10.630967710175442,3.1945559507395584,5.812164986203501,11.29484630794893,12.589145639640302,13.851842071364944,22.376924991687016,-4.072767652128722,1.7381440099371592,8.285909233791461,15.025086783031535,4.744932743734899,1.4413483756218015,1.5044155410905722,5.200197009422181,4.1246354500983715,1.0458133809881098,1.0125290300957526,1.0922377372737797,1.099999968723732,18.318514669671593,16.100821821256915
18.91830557884503,80.05111848673629,55.732474637404124,6.506412328915874,11.3686651186648,30.59865027032354,9.15656204775108,2.9386790079023832,5.657868002671345,11.07685979530103,14.278192688014045,11.118082570859686,19.468407252961285,-4.200781094404596,1.6205567105310121,7.3027100898341875,15.85189391448844,6.592724901985049,1.5979450068469945,1.7498997372984761,6.397358993397076,4.838400014541469,1.0459970788853774,1.0187500008826902,1.0841179489734154,1.099999486995057,13.388015899082877,11.824172988262681
19.94056920127855,93.09000319421234,40.02225026306839,6.219627297976434,9.459982333544476,25.80831137125427,9.015036553216955,3.9887912906255707,5.454967290079236,15.849874858032601,17.61125113725262,15.03123539261364,21.56547678354006,-3.6875670636444444,1.326517703041679,7.706456195299485,16.98964478774323,6.611943779694261,2.1571135566811956,1.6052206761984946,5.440873352012299,4.371803423112534,1.0465263770802842,1.0172311146212514,1.0878166893055323,1.0999720521385672,13.997521994199225,12.210093391060333
17.401662479414778,94.54340393298097,48.86151690735363,8.587812978644887,11.220504816159744,34.414326514259464,9.461100515657169,3.976470733509516,5.241856232930902,15.418815103632499,15.943857372485336,11.024783804786718,16.64220304190968,-4.565340965708985,1.3006178306882388,7.387604829887119,15.361475925162436,6.182979660796352,2.0445331590496743,1.5106419977962044,5.630412842588982,5.963835569002828,1.0463457298039096,1.0160657584908614,1.0892113706220736,1.0999704825222352,16.16192071620254,14.337414828743619
24.164395304015482,109.1666516535099,46.62913365885915,6.79159166011171,10.805148324931304,32.04988463041186,7.593949457409526,3.1786567478631125,4.993791597126281,13.13467778702591,16.851576586438497,10.285291536553895,20.332458803734465,-4.574693564241434,1.4316338313671568,8.080904522182944,19.75467662330533,6.872485099553715,1.6091490189809834,1.3442118740557243,4.9840154879185254,5.404071336964284,1.0457615226434103,1.01280954161308,1.0873235069104368,1.099993837917146,17.72032074220081,15.645727562813512
23.659587038934433,100.76523364215053,44.66581877363159,6.596121896864692,11.561809691946094,29.307429259942825,9.82380292964029,3.41790411015987,5.706280855034983,12.384784317738678,13.18036310749649,11.509991591028239,15.92071133521517,-3.6610969370490674,1.3034046799122934,6.559241541498981,18.23855575227301,5.395088053729765,1.9211306522236877,1.7388058723822575,5.9883499951385035,5.917395482730797,1.0457879607712983,1.0146519665133655,1.086530308745726,1.099971757179023,15.415674816447163,13.65015006106189
17.546098042288623,103.19243187416119,56.572000632140586,8.701306057232935,9.712159259286459,27.456479613770437,7.820826623555276,3.641831709340585,6.617738676029961,12.512198354560514,15.1354591809464,13.669876495961669,18.40218260624397,-4.452264227510517,1.773791958584203,6.193996631551712,17.404271985963106,5.185955278226619,1.841413150560438,1.8924086032850984,6.6794238505612205,4.809032806230263,1.046385038365904,1.0145483315035153,1.0895093629514232,1.099971727056964,16.990784463927337,14.991411545348715
19.890340290428988,84.1924084493032,48.42168430974466,6.4273152979044905,11.420752036414552,23.615736945991348,8.365858670685041,3.107908039362814,7.249773847504308,14.727108525677886,14.003934147554936,10.631653039575552,19.127684519648742,-3.452978694868626,1.623314909374949,8.506087062536677,17.3688625459532,6.110389133344405,1.8295418081252244,1.8734500048841018,6.802014227855799,5.025446402147105,1.0460223002097757,1.018192620332772,1.0818195481264012,1.0999995671771503,12.899051128162075,11.372841684750075
20.01399234840562,92.67723838153745,41.80698728118017,8.01448671856699,11.200413664304403,24.818945638196702,7.911532012030616,3.4714847386793375,7.045717137354014,13.858509891407927,15.981948601242488,11.882265032699062,19.542726587136183,-3.817912523315385,1.7018431440788229,6.151726698237031,16.55551343582669,5.326702890334003,1.6748532441200947,1.8949871561971592,5.063851965490408,4.622490505157194,1.0460330719718438,1.0167194372880795,1.0852923178940894,1.0999995022420774,13.740760047390884,12.104335454957033
21.785867557343963,107.87885540627781,46.2067319909058,8.34135045390004,12.796555960002314,27.25819299869782,8.613900660739356,3.299178713163699,6.912168173027728,11.039473054549447,13.758189689418932,13.61139547258326,19.4973705966966,-3.800611400498163,1.625566865421686,6.592753757484955,16.13995836747719,5.803950923289129,2.088856167807313,1.446934504194545,6.653362125022643,5.288482801651964,1.0451247487939168,1.0127929219711893,1.0853636915653757,1.0999996351579953,16.701218150512688,14.705632645964691
17.536558413666775,102.66410877436915,38.919751898737935,9.112038625513991,12.869412360856566,27.108656220972538,8.12668042870814,3.3340175149478526,5.74904739536724,12.810624219281058,13.816928214872103,13.315357706789523,16.448403844276744,-4.43973081621578,1.799937589780042,7.429449623565811,18.942126969449557,5.21337656247028,1.4526471281068563,1.6762930720190867,5.702349824158139,5.1343290925917415,1.04664317928607,1.0153303332884698,1.086223635764642,1.0999708064172435,14.74606229299515,12.99494189828583
25.16626607027974,111.90679561196475,50.37074403212713,8.402728993151412,9.335461782022495,25.49644390171977,9.839537297830717,3.4039116389432027,5.96815525978675,12.466481480831359,15.539844045527351,11.100638430714309,19.964563722785606,-3.391126217130974,1.3208486622142168,6.991073066097183,14.81477187094539,6.702460601450691,1.4795664867854113,1.3930327632474389,5.913029484952675,4.962134381694947,1.0458259756063204,1.0127076161178823,1.0916284351234011,1.0999709018602786,18.012975376147068,15.921946368058006
17.75799551949241,75.63327148761066,57.13185905029719,8.082857489090868,10.597019466438974,29.151100522426248,8.159580433635433,3.282823297170494,6.463668500134442,15.567183713883802,13.017414937563863,14.429036447357419,16.123830384338845,-3.45538786879789,1.3037921843517735,6.422435586278999,19.3708928858813,5.705897892154638,1.4959194204804147,1.8942251763449354,6.679262154000067,5.509365041736283,1.0463211681688274,1.019852687440428,1.0836968990744653,1.0999665645751864,13.28633022422193,11.674221457189248
25.4625438341048,83.6544765770916,54.23138088235285,8.17757323691709,12.856521438063243,33.00355647576303,8.44738222743657,3.8841579518241574,5.520393379283132,12.574397680351495,12.563118074648939,14.91018920918078,17.41162556184214,-3.9321710456674652,1.5304530153383633,8.879784361750504,15.504726495031525,6.4462263057006375,2.0558996313344498,1.5587881583878183,5.517358609530801,5.4954916418652555,1.0453565375637954,1.0173933708125582,1.086595500443903,1.099963917186608,14.701517497476559,12.969377821410985
25.283937109058108,103.80582770216195,42.582656110116474,8.780455552210622,10.696365870117011,30.399507058979626,10.193168229453759,3.063752674360689,6.794204731053229,14.019279108717656,17.244316185292544,11.0336096413652,18.397185001511055,-4.419235224872266,1.2923082902123266,6.336604100296929,19.857353012704717,5.290514494329614,2.1423910994812463,1.3968201926455515,5.477739107777018,5.505738889007141,1.0454736419863104,1.0136230861716067,1.0868123830610517,1.0999747550117247,17.05560900190614,15.089496460281957
23.069516574827386,97.25669202932681,48.37167224139174,8.64405894874081,10.0125695614936,28.82115693852352,7.759628251763246,3.634318234022986,5.491328395222021,12.602747147454282,14.728654271076229,10.29599457537189,15.898728312998369,-4.190049584304822,1.5545407876592048,8.594370665999687,17.892622104197486,4.658794184621788,1.884032878152337,1.3399839142782186,6.451764977113946,5.983015376557004,1.0458759302420546,1.0154307874280444,1.087100444991334,1.0999693979677747,15.217190672582353,13.519374543942181
21.970805534016318,101.08713156731483,42.77744675630765,7.410297141011532,12.795307088418998,25.575590783405765,8.155928180209543,3.423607145400442,6.6178872960993935,12.82977335589664,17.449284387506705,10.639841820445094,18.01811190134084,-4.225968432548338,1.4246315300233554,7.969239402689018,14.370400602629578,4.769874260879113,1.5271313160590274,1.8751902612058462,5.920062048419759,5.592691550959298,1.0457793631306684,1.0148592200079043,1.0872071404933508,1.0999995058488077,15.435681749327806,13.692232109176722
20.247441067855842,97.69137785232364,47.70348479643943,8.955043396582973,12.309134369522413,32.22040305165964,7.3668717699634065,3.569537536605168,6.019459147520427,15.810348239673448,13.453758249609614,11.530753942718759,18.326231491499403,-3.4996567529139466,1.3626777073975997,8.572244539952402,16.986956122042002,6.638361507979234,2.038417031090661,1.4605071070653897,5.910750870832316,4.166435405480141,1.0459648892747233,1.0151204799839608,1.0873122828804112,1.0999723379478454,16.026818083794076,14.179102410939961
25.30438635338698,90.59261910365497,45.76708863595809,7.000376326678578,11.023773576303952,26.570760761236286,8.549468182068496,3.9199258680188347,6.915583428747819,12.442585379193988,14.715326006094616,14.599004463502665,15.600317321905699,-4.507066140713425,1.4202779812174924,8.035617732643127,17.148143263993745,5.922822535799064,2.0587393618220315,1.3450061719325834,5.445105018755475,5.076505492689531,1.0457425599211907,1.0168873840773256,1.0861725741317818,1.0999635487832347,14.046016344250017,12.389842872895356
24.401987252251622,83.5155753829518,53.59201856707616,7.294900986781564,9.806334076822955,32.5560399972331,7.527236045308372,3.52067432370562,5.035856912623007,12.724656417852053,15.5024177220781,12.985066950755042,18.275381176075463,-3.7893148705965003,1.4251325141444908,7.3676477652723085,19.609612241986337,6.613050769258392,1.5445676657349676,1.2990597038853897,6.8057764055025824,5.053499499761496,1.0454704734191267,1.0174202894704982,1.0840924175973357,1.099971311743393,14.35092442873665,12.641637155894227
22.02843230493599,104.77745407822175,44.25685318041976,7.544999009261446,13.299609850897383,31.53135450580241,7.75348211518483,2.9865174471780946,5.378406010332533,14.940243041871875,13.680446942890072,10.268655341109405,22.37572516264303,-3.3847529295760608,1.2861172391347642,6.7113948071499685,14.840591146464408,5.619052181962077,2.1026806786800263,1.8426783473786228,5.699995367559232,4.821799809983613,1.0460690300226834,1.0142037734498563,1.090742394820594,1.0999683381555216,16.556775435522148,14.615643663552362
22.17747887060171,84.53334717109614,39.23777704639686,8.935241373960467,9.796411452249734,25.941128605099454,8.900857183874212,3.488258682776463,4.92497947166981,11.598955589379443,14.17380271862202,13.633351923033535,16.935980271922713,-3.7799025361371497,1.6367008414185389,8.665777483869876,15.4451081354521,4.949855176803282,1.792276002646278,1.7579018250778,4.894874636362342,4.849366983393921,1.0465078365707776,1.019320193255255,1.087589033682749,1.0999999284163449,11.8727059309778,10.411871887972213
17.51437502615836,76.62450996446843,47.47406830470264,6.986519786378825,12.746080699544246,30.705420812292157,8.834158662274765,3.371109519476015,6.093278971662534,11.018369688548372,17.241048404267133,15.231380031128506,16.57930214892611,-3.3077974250484066,1.371889576607101,7.983081174703101,17.671967167313145,6.607184056485913,1.9813149996669024,1.5678013909563775,6.06182443883154,5.376569340736016,1.04656231731522,1.0201394203590322,1.0847102617137026,1.099967077709792,12.702728488041725,11.098607789809147
21.810552562075753,93.28252909413767,50.57426316068753,7.774722628885987,11.844861527904877,30.831686332767696,9.789107617849158,3.6999249122960265,6.148171666906932,14.481702780935688,14.598912512505152,11.387689827940813,15.21077847301776,-3.9935440695475157,1.6580193450295302,8.916146894327143,15.68021613838599,5.554389123361683,1.585295698566377,1.3251419489518863,6.432906423439238,4.49936212867865,1.0458852322165617,1.0160288648879487,1.0891661492974005,1.099963617374418,15.7145314530394,13.960832569715308
22.645294193740728,101.27528797935375,47.2500454610163,8.744110423602663,10.948200887589184,26.961921751892827,10.425655882661841,4.00618999794994,5.280257470866448,10.940189499111174,12.45631391584374,11.61566078465339,22.589174493237,-3.9912851989308873,1.518887508498732,8.66614828383824,16.28882524101724,5.371353617890369,2.117678060696873,1.823691306363314,6.597310630973102,5.024569486100426,1.0454820393997526,1.0140423717845448,1.0848400075078388,1.099999560224347,15.490425011197729,13.646597180354242
24.212325301718145,82.11803457708832,49.20002294847538,9.070891605456538,10.263493768720467,32.97335748512257,8.965722265949042,2.8557279565109224,6.741767330670228,11.71027337971741,15.68358246011119,10.595174105758623,22.396192220969333,-3.575089264001363,1.4249374026735329,6.387409212199003,19.561454563771278,6.291616682463827,1.9739958398770239,1.5996189192833565,5.741368461827522,4.220042485982953,1.045516317756225,1.0178208830819204,1.0846339825589406,1.099970337928671,14.066015447822458,12.387116351223193
22.21942070966905,84.66381353569923,56.92301876314376,8.501606057646049,10.810204429664136,25.38582685256009,10.027194088099622,2.9708752739138427,5.341974358532852,11.942210795818827,15.239068204107642,14.15824780227106,17.58879307830766,-3.252084910269452,1.5773046166556284,8.244330723479807,14.75184791810026,5.150224951451348,2.1220034596896316,1.8906583853562737,6.937880498382857,5.615319203149561,1.04599184496273,1.0180228045079946,1.0886284107240913,1.0999617426192927,14.254620705861022,12.567565984593411
18.993438588377767,83.34746370371617,44.745106617908135,7.047122895253811,13.24524431586948,32.91107299800398,9.806431651781594,3.060348513681385,7.099242364844083,15.27050004933334,12.895305374314425,14.585545286361741,17.269081276415584,-3.246156803498086,1.7003662761690945,7.961413978152992,13.910348543515706,5.37973619673287,2.154826412823988,1.7141930668855918,6.333774386519723,4.425834571208612,1.046399399269613,1.018775222805494,1.0898414152119016,1.0999826597420865,13.701207355115173,12.040885175996799
18.04382837631398,85.79365566943854,42.99893712489383,6.793014066274082,9.823539362053937,30.38211714973377,8.381172513030558,3.9484830210665427,5.328831699547617,13.30898618269014,12.001400705099439,12.606946198072375,15.624370478661206,-4.645248678521324,1.785978962336264,7.470334429909366,13.854940058310888,6.014473422633761,1.986309900505352,1.402059041923037,5.958243350626978,5.6284217967657355,1.0468177504148042,1.019091281732889,1.0880180259302796,1.0999999411975434,12.444971913579746,10.966556484816241
24.028390709970026,105.61673923323433,55.05266388350904,8.930553590564788,10.77673477531184,30.311475409769947,10.046374293764199,3.775995739524096,7.309069356965084,10.87385931596508,14.036593963282112,11.587621865452627,17.193600461258065,-3.467146460698262,1.7338392581217468,6.254278419825965,18.204282657383768,6.2487479534777535,1.6205789754006454,1.4418136212257033,6.098956557999245,5.5243422109673554,1.045313147738224,1.0128102534111922,1.0878798999586292,1.0999702671854708,18.1478644152265,16.069364402361128
24.967895121598332,107.46861876603664,56.68856284841287,7.847410081822993,13.030776914804811,33.14045662447285,10.42080344753045,2.816277241799513,7.2368033001525784,13.357062879370984,16.677170617866064,10.806196926235927,18.209152328186203,-3.543478634312746,1.4666616131205998,6.369766859852645,18.630271848085567,4.661442169828102,1.6650039290293457,1.3916227476585057,6.006570342211349,4.508504805229087,1.0448702252540867,1.0120906359649193,1.089634058391984,1.0999611685685904,20.019074435650495,17.73265788582219
19.608106585303904,93.76058126574361,50.7194144321985,6.448766301878098,9.746291307045421,26.516661986215308,10.705493570824657,3.3560134999200883,6.341535821139704,12.104331188666281,14.843138769938628,10.536525405880667,15.464040309009684,-3.851224301841478,1.5351419440117837,6.410640959075484,17.845673488033675,6.943536098886294,1.724865711261633,1.6797175269871325,6.874104186285606,5.663069944893751,1.046206350754069,1.0162612498768315,1.0857399315490661,1.0999710262570002,14.673673486709857,13.001725385499604
21.383633298267313,103.14860377444977,40.68994196959002,7.636795720609949,10.210190041766115,25.501731517174704,8.734611262516326,2.9834203762070604,6.585523663945744,13.263696237888011,15.085622010085395,10.903589768434237,16.26226462431056,-4.030128079005793,1.9104062386108458,6.288751749713177,15.177256685676788,6.6571451503678984,1.4920358488237708,1.840566861674849,5.856343481429422,4.816533547852852,1.0458326683011456,1.0146088888412044,1.0862139462144313,1.0999995385262884,14.950264928583032,13.243224143766087
20.048027298570638,86.55537451825708,44.08694537643403,8.769801366118994,12.202602631183037,31.502731492407577,10.075496936227202,3.159960528205803,6.388024461479484,13.284357690372934,16.583352145793153,11.73102104120429,20.088157488211206,-4.496251362435008,1.5373763047647544,6.199866262102384,16.706577460349504,5.4426561717123,1.9240022739939662,1.888661071839108,5.766611297752685,4.932380460311068,1.0457038381300552,1.0172579202218648,1.08465568025263,1.0999995422971012,14.261623294049613,12.58079269537592
23.041796065661874,79.25978593540563,43.08703833224628,8.87369714952121,11.961342907869671,23.758639719004314,7.936651701212472,3.7559721724404587,6.745134054252681,15.335241692439824,13.661373748156988,14.889625269090018,19.402396391191985,-4.206600874925113,1.6619128721791414,6.368220164023862,19.675081338315604,4.925071345354435,1.6235150086160521,1.8007218433427075,6.075144950682555,5.676298330752713,1.0461240650391397,1.0196437407092966,1.0827840841468823,1.0999670983994612,12.199472534547041,10.659334385282417
21.836590115086707,89.5651051086148,55.86568595135365,6.190207045244977,12.795463387181645,26.323649865215824,10.255450779914284,2.9948752587836402,6.2957342714049185,15.59578276266195,14.742296295517388,13.952558702921234,21.315504295702247,-4.268930965598176,1.8722110315997431,7.340502691559786,14.429552916056636,4.750921667789753,1.6174511061390038,1.3716464024833552,5.9344410801279945,4.3698906744234645,1.046024106719078,1.0170912618593537,1.0912681568023588,1.0999836514697336,15.452294894993493,13.619493796731637
17.69794457927174,76.7160967517714,54.13960880873615,7.878007791586795,10.564222152482333,34.15189090433491,7.452707801067769,4.172450901818956,6.383751968220884,11.790706971431783,15.967251829902732,14.037976799700498,18.463005153617885,-4.464146865743054,1.3764687406697411,6.836512750732825,13.900789280917694,5.129236590209057,1.6118847445760245,1.8672852421898947,4.821214477902682,4.854830240375419,1.0465882670262172,1.0202848198453858,1.090261988138805,1.0999999727237135,13.51706451907135,11.906086129297165
21.9812206051296,109.22275426726542,57.315951700802394,8.3702998693563,13.309143637749251,32.88779336392331,10.667529507497099,3.790179016322237,5.074622758100613,12.970369009760454,15.773719811462724,11.941650028027594,17.277717777664716,-4.0207428567276216,1.8774412010895583,6.104945620548461,18.38769519151515,6.316727285063535,2.1340464662795666,1.875655182292828,6.4083795439425275,5.040817529365197,1.0448605434561145,1.0118288634238761,1.0872885946295767,1.0999588917431158,19.99651365605873,17.677880405632425
19.133042362066952,95.90448186650764,52.87353012374378,8.802834406419194,12.497909801263258,25.90414983525444,9.358870731221012,3.2650428433439,4.902461828433169,11.881193053258798,12.59479507360336,14.441013147580499,17.16464751632337,-3.5641288314645863,1.8943594059512858,7.137260169146557,13.34364865055878,5.298523064163037,1.525895698033305,1.3457974795109466,4.819770513114939,5.186518940350755,1.0457745321987957,1.015698265461995,1.0878772286379832,1.0995938234798397,14.967451351638378,13.212019534906442
19.003538241107172,88.97162847946528,54.72177873240591,7.369987944980678,13.062297248231335,29.475669030068154,8.635811813423121,3.8505444979269825,5.058547240993925,11.283183268105056,15.805763334980844,12.63365882325538,21.207155902426,-4.549382506255909,1.5285548017097905,7.789230079753938,16.60462560856086,6.917336721090444,2.0383807732967485,1.8635121332975062,5.230069003180041,5.54505284632519,1.0455791639715677,1.016381717505505,1.08307136713001,1.0999995876678492,14.966100894334751,13.186523861706352
19.664307592979593,83.22541865958173,56.29436897261413,6.138685426822314,13.284941392412165,25.361290384467914,10.149977094455764,3.1862915742953444,5.735713678930974,11.970491641138718,15.409663693187236,11.92832538134,20.19618710015944,-3.144409815989623,1.3211999254496254,6.298983458193746,16.062118070459935,6.530327120571143,2.0794880954724357,1.4366788736389766,5.972537760234513,5.5367299853852,1.045682483209844,1.017724970085727,1.0832734221326472,1.099999550067637,13.956512418301282,12.300865987958856
19.867039451702205,90.77141152022278,48.25838675535084,6.490019533080465,9.076400675891495,25.403108549955743,9.456673036512719,2.9030655661471547,5.342859130234313,12.62441098275464,12.384105583265944,11.133832297501103,22.125650396274683,-3.1501066462740965,1.6981964314715918,7.153226792745555,17.746387629830945,6.005764791243099,1.600919103135344,1.8222140720469686,5.781301687653707,5.645072037826944,1.0464204220072384,1.0173844997895858,1.0858546596754117,1.099968391730141,13.244126325783046,11.618461162570565
20.88418881411374,112.46295167152621,52.97175653454478,9.016488623542221,11.264182625516169,29.189555361030266,9.919633713570928,4.032407768218802,7.2325157419119614,12.552580292575499,16.680279260102125,11.230079635988526,19.346365035265382,-3.4005631115183506,1.502334311520217,8.794075101619377,14.250042246493292,6.107170076713655,1.8669270765077306,1.3572725457337516,5.396271381543644,5.1259630090305315,1.0458861260493868,1.0123871616759068,1.0911427538968719,1.0999632958192533,19.45490533582895,17.19320443598866
18.984710326020096,105.52749937363488,56.82763246230441,6.732868575885915,9.79736560226178,28.96823384720985,9.891954997704115,3.194240854329352,4.928506977221364,13.722591391377629,17.62133938389315,12.147686425467283,18.39302261179156,-4.6314866786978985,1.7245488714411061,8.157515768526375,17.01634131566389,6.90109336920272,1.9359838687864004,1.8528209610273085,6.262558968501073,5.470231649680793,1.0460473343160628,1.0136047658896887,1.0876145530530188,1.0999610007721359,18.105515669161203,15.992347364322914
19.8807668041947,86.79507734116069,53.21066649989368,6.981987119076495,11.481209917190862,26.542357268699085,10.14114017091265,2.9547018917187664,6.9038498010184615,14.054740922741049,13.033980827569382,12.913539758371082,17.34699116003979,-3.6246090421795745,1.5049779466220035,6.189957740916963,19.82678558442541,4.71316033726444,1.9169977486926806,1.5175856945647557,6.138743874996341,4.712496506175167,1.046068989014539,1.0174465298316153,1.085040041180094,1.0999681676617012,14.162988812214865,12.491180829270544
23.208155609526894,102.83759399676784,51.443366484441206,6.426444423328783,11.902881691252986,26.90385308355835,7.303684934049601,3.3807629406445354,5.937845170841274,13.322740320103211,16.12075202572867,11.728926550443692,17.59613189958981,-3.2144615197363664,1.7195655782350696,7.703478274198751,15.600182748286755,6.276038431088262,1.8268975794433517,1.5803167653571455,5.826272941293813,5.272696250534112,1.045856752826145,1.0142669482572815,1.0895192431050416,1.0999718753989063,16.575557797706413,14.66752852334057
23.088822607707524,86.24793062522222,40.93101310803885,6.556167910819177,11.824471168845445,33.89990477205208,8.674186602043987,3.0373282244612474,6.726110095837005,15.295443161865022,17.16827136100096,13.242703658881762,21.741537051349447,-3.1440473351795157,1.3486309131324952,6.277728201156297,18.01169510345143,4.8014297378211035,1.7973823481757412,1.582532415127225,5.360832174655119,5.740810339884199,1.0458141356595991,1.0175139889746574,1.0875202418106082,1.099972843313225,14.357242728835441,12.572544976056005
18.839360192318363,88.64079771616336,53.042159080438395,6.172483835755584,11.974817793103732,33.23349317106653,10.556164219817402,4.026815296688079,5.659297245074192,13.966366363143944,12.380669219176777,11.469979618023883,15.916090078481057,-3.6116921726401836,1.8401198166135864,7.041500519022878,17.01100340392947,5.645443567626662,1.7704198974950895,1.9005261131753972,5.327078366372151,5.2546489390463424,1.0460806074602746,1.0168855515357036,1.08781001452301,1.0999664683884058,15.015444690186856,13.296716396342639
21.006143971949598,77.66398810187682,47.59600550065539,8.552563720297128,9.402413299693965,24.421183799276445,7.7530734734157605,3.870160155945028,6.64654873731316,13.851095952092997,14.71062936839209,14.672695138689319,21.02690346113447,-4.386629912030815,1.8004878728644187,7.928151464236674,16.321217105457883,6.646052385998709,2.1067253406743407,1.2952358676853397,4.7596073059777035,5.917486593816874,1.0461082483515385,1.0198655025455756,1.0824378756987683,1.0999994870747325,12.115883065880539,10.578550121632778
19.76575412816761,108.2685604859901,45.67376267454202,6.442064175132441,9.320385536937817,25.446793209149387,8.099615501522512,3.4839256955031566,6.5916548773805115,16.126552313020618,14.55138019000346,12.792379507102996,19.16579933051274,-3.9615175945611805,1.6113540205468562,6.026324265185753,13.291452818809343,4.866585858052605,1.5131207544690088,1.7311340217310693,5.115405195437119,5.789428209511226,1.045970992364432,1.0137813826016318,1.0898911466170649,1.0999750090057059,16.40702787407305,14.475649461856998
25.420302940728526,112.13166097191746,56.195234549439824,6.906540498632315,11.243800264271735,25.670368648323905,10.10235475862076,4.043804387201734,6.957144767885936,13.140181522962909,16.441696352733214,10.655702181447449,15.505860256706306,-4.295048806321667,1.5522273755703577,8.986647794218706,13.925767993280736,6.625056221161742,1.7855878071808742,1.8093761251224814,6.535735294634736,5.8319840027241545,1.0454788064063034,1.012144949451888,1.088190722163947,1.0999644712427772,19.363663109259175,17.229119629554212
19.945338097963372,111.14843963844827,41.1398722820377,6.329185083884211,10.893637517828124,33.37421102997374,8.904316070280403,3.96100134854272,6.660435806138104,11.930913285150242,17.575334484400805,10.46876833663737,22.026925777332842,-3.594931780424983,1.6000947732252155,7.267055618102203,14.420981457928324,5.470900730051928,1.5789127941308128,1.4104873442947354,5.073971859581202,4.9780347606931885,1.04648025501764,1.0134380438334814,1.0936319052636194,1.099965486541973,17.633427289797886,15.52140746281988
24.286044269998218,96.79879087212356,55.31810997309209,8.01509524527324,12.048243718034069,31.477765310778636,8.818053095461469,3.7650743510801155,5.050086901384265,15.443197948344581,16.555760374925747,11.405768187816928,21.037046652331025,-3.1397224581840293,1.4190378063877636,6.195411716012688,18.46070672634282,6.393628030733857,2.025817937137318,1.2828682837283385,5.802859925893906,5.409672395034672,1.045356266264466,1.0143631762294851,1.0879164071475382,1.0999933354635418,17.55954548723867,15.492867776240324
18.708881797454655,99.84411461267571,39.84818509880119,6.631230602557112,11.091569731175813,31.312068801637004,7.725128857034027,3.059312663163313,5.378849135640218,12.088984345374483,13.270260937216696,12.167357471167994,20.168801346359096,-3.8033295816897725,1.7766233015999284,8.157805517845844,14.120138709285865,4.7533125661041264,2.0721179260797165,1.3310918826002391,4.984146899269735,4.044266551116237,1.0462971989591179,1.0155964706763745,1.0883538669821433,1.0992344118404433,14.228075928599466,12.525684210817854
22.813959650792313,97.30372281980658,57.10959810224208,8.776274484804203,10.800577435114475,27.984712922767915,8.268667323407946,3.013369688053034,5.216924122108902,11.51433202325187,12.6001239528332,11.381801175420128,17.530681590379686,-4.620063194820708,1.6502228806412071,8.962787323539843,15.753180533562471,5.701693787607503,1.673696634599001,1.397048096573794,4.972142122043984,5.890158395615663,1.0452469872021564,1.014691262334051,1.0850443785679393,1.0999995306427484,15.782391232053804,14.02307028339298
25.925516718013196,77.05218982844902,41.114613124871376,7.367513240595108,9.794773974022945,27.893788644797223,7.664746859494681,3.4391164594105064,5.5429348634529925,12.700287301096768,12.482103402717977,12.33489049760752,22.672757843307927,-3.6329795531346565,1.8409147358991582,8.529597424871055,19.601667897493478,6.473054068459659,1.914909715482347,1.8282140443055728,4.815495659125051,4.925661314397615,1.0459383803178466,1.0200091906908921,1.0820423887523747,1.0999660882159557,11.29086168482778,9.83077285797439
25.94674415117871,104.35853370078551,56.634881228071706,8.450088442645775,12.879471214140807,31.93704966117765,9.937807215902062,3.532449213775301,7.135139989986484,15.255210117366152,16.94955439536717,13.578886232892305,17.514807597863093,-3.1755824808086177,1.8788192828221086,7.75836104641649,15.259669328423652,4.985993450206288,2.0372566791605435,1.8153729244464505,6.529658486062832,5.290165383933573,1.0443895294747132,1.0125986346839675,1.0873754765357417,1.0999564891320874,19.81519855141862,17.50919344000085
20.53701356429748,86.81736833052008,38.40356720465941,8.61416697841225,9.351698484771518,31.042908976881055,9.014669808624319,3.5373651024968917,7.141179342550966,10.970721060864708,16.529417658787484,10.42442618370592,15.489967405108867,-3.790515609100556,1.3203681115794987,8.367431853878735,16.79629894182496,4.707369975770677,1.4691604942669823,1.6721078590332668,6.5101794169675,4.875599062549547,1.046494779625507,1.0185074149075826,1.0883918965340562,1.0999613083411577,12.959125226832587,11.454976841099974
22.17376022892922,105.49757382860028,49.91287804767958,6.763271122482811,11.706473075895262,31.01369761696952,9.842785131172057,3.6692238625795213,7.244950798317612,11.86535686707217,17.588500450219772,12.894764610978081,20.306866667761334,-3.2751600920254162,1.5235686024819886,8.308137439389517,17.9738891402573,4.733123380543752,1.833547869718016,1.3364980434997822,6.950386915693335,5.79459317706659,1.045858396275723,1.0134050726022763,1.0884829530820856,1.0999921967778612,18.050153155171483,15.871849898170684
17.542980132519702,107.71391613305113,55.819493962676745,7.154786596592904,12.18336741461399,28.81682420525179,9.55883694447484,3.276444366017468,5.667044537385174,13.091942999830927,12.787583841568908,14.382185939331741,17.850104004748438,-3.744233304093118,1.8521949521293726,7.489871442189514,16.893845958089734,6.859075649482868,2.078442995864392,1.3884586936886014,5.737858869410004,5.942592454857091,1.0460181820841472,1.013254853054492,1.0877198676897553,1.0999671817668026,17.792919357589163,15.657474057367509
20.59213946862427,89.36087472889042,41.96897803180863,6.427542266922141,12.276565462586799,32.6863595306779,10.6884466686108,3.882785495267508,5.473780085441981,11.016629522757984,17.793206810843174,11.889489533361516,17.5709837224864,-4.533290127209036,1.6544639350687913,6.644613521547404,19.18359905163583,6.944597183727003,1.5024085640285982,1.831841042113592,5.5459964186277935,5.048144893013409,1.0460363154044752,1.0169655131246031,1.0851298082913907,1.0999718625306318,14.348113361514024,12.642067786747887
25.300602669640032,112.03692809680642,43.25257396701625,6.727066343718137,9.320714182489972,30.22921466141323,7.248975823622406,3.3766576166539113,5.059057000630901,12.988219227818403,12.157995848023033,14.402903683892545,16.794016353933102,-3.6321615881583424,1.836830717828091,8.238798183996614,14.73441472130327,4.806806651285391,1.9552851193358445,1.53004963244039,6.417305597954273,4.890589544750421,1.0460183697247423,1.0132617300092581,1.0922590222568904,1.0999634906109823,16.656861435911523,14.680910319984548
20.36330094459936,92.3614197814431,52.55244780602333,8.822749671082736,9.182957040716818,29.78451618647807,7.318207544701959,3.455773363034102,7.040090102996436,12.752587438669673,17.477404509640635,13.363491035985096,22.299580612826848,-4.30117993564353,1.346198506655208,6.693454102688031,15.897291818434484,5.034647966268016,1.7963363554391958,1.581675619648954,6.858521339423524,4.867455765791956,1.0462114899821826,1.0166809289777168,1.0901465598477857,1.099967481426797,15.56532181180965,13.692806235605122
24.17924066121982,110.85118933000376,55.0080264482226,6.714349578515239,11.182213926255876,27.703329431091923,8.639491302493976,3.3051295567440517,6.896316472827009,13.241550897661217,15.041218220178342,15.150832573799137,15.655842468655527,-3.881213918073568,1.7753994924455143,6.45348587456468,17.3405697882421,5.195558288519963,2.064530961521689,1.4893437858560508,5.40342573521011,5.1963877570357875,1.0452584524503346,1.0124279002960392,1.0904604767856445,1.0999738014239393,18.730814588217726,16.526063742296774
18.953326042480807,86.09460391386735,46.20600097428314,7.155059103945935,11.311449936665008,30.675753700013804,9.240002833500592,3.7158356367887055,5.630908820523081,11.482701626637153,16.45441294692922,14.481964343763865,17.153247364890486,-3.7550634516065107,1.5990842988566756,7.5999805282588095,17.65901473602201,4.736519501384345,1.959463499568492,1.3196614444668227,5.726429477001053,5.655342271138388,1.0463841107080782,1.0181250244936033,1.0872044522527766,1.0999667796109605,13.721622904401158,12.043222741411915
21.276548919256477,80.97770173358758,57.07384711651395,8.78342780470576,12.41548507684806,28.455836914210682,7.861844616801473,4.117975653985901,6.178936748701819,15.402719486092419,13.958886234326178,11.86326465076371,22.6901076531227,-3.9340595556519657,1.3700450712708778,6.659024033984123,16.480110015167668,4.738532512333115,1.7730244694723762,1.5481221389312818,6.448060135541209,4.709883928978483,1.045502270969161,1.0179491307771955,1.0846507051328158,1.0999995142721453,14.462487013179254,12.76653413844634
25.888523250163722,82.17141055925804,49.53966541659074,6.352685862905094,12.247710648293038,35.33809351913126,10.148899095905875,3.5779849570084217,6.062768912055248,15.309161790840973,17.498405544875915,15.18516915105431,18.21369812949008,-4.665831260679439,1.3797928013912522,6.760649327795727,13.871067068233073,5.270433358243998,1.992915037164968,1.825871589234208,6.447030936637967,5.262131556335392,1.0455042536209191,1.0180458826488235,1.0906786421935106,1.0999621070205086,15.346591547983959,13.5294841013176
21.821229328696564,102.0639776175702,45.71273746198928,8.637577388559093,11.993811621015999,31.834095442234016,9.129369575264658,4.039320577895641,5.494915950176888,12.858197328149673,16.554749715279026,12.663164392337034,21.95802650202385,-3.6603829388300495,1.5163713080445727,8.666207368159874,16.363418926008755,5.8374090353497685,1.6795898750416893,1.4570687629946126,6.161801009145068,4.239681323082408,1.0459057332331978,1.0143563037802064,1.0895869986334248,1.099967225109617,16.868661869685113,14.833630201808225
24.992086525467652,104.72037419330925,41.88710680205495,8.189820635306678,11.659795487359643,25.7775135986924,8.183532621780838,3.372581105227368,6.586152273998956,14.249106407611832,15.09211969215312,14.063525559019293,20.960326821006863,-4.083860280337119,1.783673653366288,7.002790124337627,19.131496868062104,6.066591399060503,2.0321017299449498,1.6296186270657818,5.146776728373738,5.084820257356617,1.0456600709316972,1.0139250369571453,1.086085388886316,1.0999755198297605,16.109214558760634,14.130926180436923
20.581249241580785,101.64176367787772,47.33717729796815,8.621782926980169,11.997764855202186,31.677624309769623,7.981759200567835,4.177949673087807,6.933687510622432,15.06062637662775,13.888082741953765,12.881008796463936,16.2419842293649,-3.9600225235938207,1.373369117749304,7.659113531968804,17.587513284228574,5.545254644019773,1.7989523123985312,1.840418168111735,4.891866495710517,5.583465785999305,1.0459221146908853,1.014365704992986,1.0879357250841737,1.0999734735546427,16.75327492814795,14.822992820829569
18.842149502646986,76.74315679207841,41.788186404485316,8.405731297510288,10.774964808549132,33.89574209878495,9.088947148256157,2.8311504926968634,6.628781207428701,11.395257707094657,16.62470261543307,11.013960953010313,17.825392532121903,-4.307583430215562,1.8907080687849096,7.114301851940198,18.787217462120932,5.082638055903946,2.0211694345457936,1.700796197924001,5.0871649367326945,4.605007920702823,1.0465422483097615,1.020315189096889,1.085825002388748,1.099962893927005,12.32708238744837,10.839289659378599
18.503771313022273,89.79019697690333,42.13376201827706,8.03775377903664,13.4153828669081,23.741708124394318,9.147311327834274,3.6031332365686137,7.11066944682118,13.532428807741463,15.160460461083709,12.555996230748214,17.24367271466726,-3.2074054478683056,1.541540916614295,6.157774413722036,16.935269997253695,5.35292125232212,1.824193729098308,1.3659500572129195,6.803701520515314,5.789042487099869,1.0465491636150537,1.017779149120571,1.0862889896280126,1.0999697039369345,13.430746916771817,11.82124113975443
19.00916969987583,88.3009805945183,49.969981797809844,6.370886070209955,10.548463838600355,26.563124984464274,10.495860223380108,3.993514890804887,6.294791888691147,13.609870219106499,17.467125735490566,14.896733137532381,22.566908952672616,-3.315591059208773,1.3827569988884292,8.03021009603966,16.875124924689374,4.682840899352308,1.484622025912454,1.8483714446456354,6.655780245651376,4.714541843992091,1.046396580932562,1.0176852513060308,1.0891385499911246,1.0999690686793082,14.604847353011028,12.764612590069907
25.094319354957037,97.72967680331296,53.6489159710014,7.379390456327051,9.468024506505191,28.71797933922299,8.846279272788832,3.571321871376844,5.137621819486804,16.153570060467903,13.375055452009164,11.168646209968431,19.20370218330512,-3.958044759856026,1.5614852722132764,8.315676438975764,16.710585220837924,6.054493455936363,1.9610973974936055,1.2960160650008747,5.963894503504504,5.768388942456738,1.0455121947924455,1.0147840108415802,1.0877128787905777,1.099971511304703,16.29700792851904,14.434688120313727
17.510934288592765,90.62726167122021,55.949468847935464,7.1535893829389146,11.015105132417078,35.18218843792289,7.917565892222067,2.8913572647750083,6.976991121701582,15.489712842546789,14.73358389469288,12.772172446344614,21.552128409095552,-4.272152817060641,1.449695361418887,6.050680065214555,16.465209079222745,6.632676596541887,2.0850009672169167,1.8919847661287386,6.680586711261652,5.160087110596196,1.046259072163629,1.0165731807768925,1.0889553908257117,1.0999944030050675,16.237998254482463,14.297532319567988
21.219176601369355,104.55634221740485,52.3853896490702,7.71595602744762,9.351226629061943,34.52775989208564,8.840169135005983,3.30866729468277,6.416144444211802,14.438724990301676,13.175699985500597,14.411649331634578,17.403521911834073,-3.411226924426334,1.5400959058268784,8.191680242692396,19.690642304840296,6.517532533341725,2.117050831922538,1.3699877146089774,4.805130173363731,5.115409523813343,1.0457142737208247,1.013281006547018,1.0874706786165058,1.099992128875937,17.80069767830509,15.658059112771578
19.87978215282222,106.5611113814822,51.08840810121247,9.031013618516814,10.101469753676243,29.33225254939174,9.004465718731272,3.134847512800327,6.3198278947507385,13.193744324827893,14.582460473699648,12.002702171700216,15.328663078434067,-3.934468569587071,1.494558614848212,6.003959606952989,15.324746218875228,5.286417732768236,1.7232826703210178,1.3643852733717743,5.817826473153397,5.38488070503626,1.0462532773572588,1.0139408326497261,1.091505451459634,1.0999681380151478,17.263730336709944,15.317944559008902
22.830010739393686,105.6454864244071,46.882398466312985,7.658038860232773,12.590600695048243,28.646873815667014,9.72575765963855,3.4084433162051884,5.899276314608213,14.905110372457465,12.96202801617862,11.880016737463194,16.903709303276454,-3.6802115110294515,1.4274398863142554,7.738216893259964,18.579854129382493,6.464942302025532,1.7024406944751307,1.9128066597723277,6.017742126117458,4.7988006035565896,1.0457032763278609,1.0134176425418213,1.086397499812457,1.0999738316351564,16.91787670473336,14.970079099215877
24.61248094381557,102.8616527963747,52.56614444007687,6.6762636231909696,11.058092897011127,33.76957194373031,9.014536827463527,3.7568338407894704,6.314558308603605,15.348726653679263,13.615982604979152,13.083414411662734,16.13658347687451,-4.19672881165117,1.7484594165457357,6.128511963566996,17.767251998489822,5.6020811576646246,1.5293497507989713,1.5487408305270194,5.090620396893749,4.831119064246633,1.0453197654664284,1.0135095803109058,1.0896163843134032,1.0999721358042964,17.87030069499979,15.821374489653284
20.69606276268002,103.18259687975063,53.04300147214077,7.925367109329022,9.061637052977364,34.58606289303773,9.670439808347211,2.8478736298896647,6.877952274082446,11.881437235477181,15.372158289843798,12.530502599346951,18.390774745898582,-4.507953403394059,1.5599112266000734,6.226032352719452,19.565681148707284,6.775641736475936,1.932791536498751,1.579451218004496,4.855433977228969,5.581496237154953,1.0458887819922955,1.0136976298516094,1.087562540500062,1.0999939170504145,17.69595405541399,15.61022889178904
18.01514829720057,77.9448851108491,48.51477906744071,6.566789850161306,8.994631597684764,28.592738485750278,7.693982033796238,3.024721581392968,5.067661958514217,11.907506270107495,16.184285711455363,14.269350720666377,18.639255694622683,-3.9102239527750116,1.3008992221402897,6.207948784113951,14.990249698312793,5.901844336054502,1.9724768270891948,1.6672019592563414,5.549736623569348,4.236648146006276,1.046905642515635,1.0207436612823446,1.0880981990136898,1.0999999340263453,11.974560635175228,10.475160896988069
24.137111678820805,89.06745842425248,52.31335275691093,7.639455679419599,12.269205999956975,34.30601682514035,10.515706257793687,3.5491494920008444,6.128080410028159,12.234663713715321,17.497366995914575,12.486229369374074,16.169693418584068,-3.795019666817418,1.3613140801523227,7.507595052771225,17.006869418645252,5.423593366665118,1.491588442246669,1.8838422628052731,6.434179223281556,5.677762161010243,1.0453961094487294,1.0161062230638953,1.0877626171244041,1.0999652948141576,16.242435544878376,14.384306693564756
20.54441766240447,104.0281132111329,47.52032975563499,6.6912938047543795,9.517416728544315,27.671600258000268,7.695187601310503,4.1975765666856955,5.000021136166134,13.182175436593013,14.61447739344669,11.687210197194911,19.542271899372786,-3.3539641576764097,1.7817039235758294,6.997343154742915,17.206514796262983,6.300283027675345,2.080110324736916,1.814903959329408,6.051276945200257,4.776786360767774,1.0462552722272962,1.0144969845319445,1.0885078732848756,1.0999730793831928,15.81313406310056,13.931938810831163
21.727816536250685,104.32592701451328,55.01867077373712,6.395497061657083,10.684156055968879,32.758175861279305,8.75394634533826,3.2651188696927975,5.883627380248777,14.055361632646294,17.878838659037456,12.66440153985102,16.784558009652383,-3.374040657435388,1.3071038383849052,7.676451704754964,16.895958687485862,5.116142710130317,1.9406371726458482,1.7543085066429958,5.241107836486498,4.688199528059473,1.045690248524308,1.013551034917304,1.0909219889827724,1.0999691354040233,18.433210109682058,16.298667836756962
25.95729411597419,89.46228514861566,52.78652796397667,7.456285296955017,12.51418482881717,32.67447421763524,9.603921690714728,3.9966896848138105,7.171693127501551,13.931909930441254,13.335314687047566,12.1850351251519,20.963123422701027,-4.135378236793236,1.3937909366817594,6.153718623439275,17.81486498111931,5.2225033357480815,1.7997625754849187,1.7579179344080604,5.945386931122693,4.166605166223593,1.044556121224164,1.015339754801573,1.0843710847787864,1.099999578968764,15.907919175255046,14.064101677616808
18.970836455281262,83.62428597428504,43.17036452968943,7.798826311529533,11.217766693617762,25.997288452697664,7.4431974364404745,3.040005086264605,7.281890402789391,13.33015352887395,17.08937920802459,14.471662530677724,19.087548636717838,-4.222432825198448,1.403361286664136,8.065190114780725,15.088633606308244,6.57038406446963,1.5002813758384153,1.7748087506465777,4.871853623239198,5.762378473788617,1.0463022201984962,1.0188980860866845,1.084418802631078,1.0999995036728554,12.768775728238852,11.18636634259301
20.00049521741183,100.01754198681606,47.56104356721975,7.193561561597511,11.851579412662062,34.78077117050461,7.3485710905486386,4.086393998236345,6.366159238251272,15.159497224152881,14.207894722468295,12.556962312175077,21.803265713688848,-3.7671628329033235,1.6221821227194146,6.0605847692529995,14.333090758764603,6.128712698501535,1.9562233687659916,1.6528645995420796,4.972479284159417,4.890810857155669,1.046134978486083,1.0149727887304674,1.0914984565118944,1.099968250882563,16.662522995776236,14.667812150615731
20.442222572032488,94.03651944324213,54.88069114067428,8.4386187735223,9.336272966223431,34.10564853373986,8.898361744139365,3.841407002840398,5.221695724285019,14.42188543881806,13.32850306495237,12.386974957475932,15.328157812623994,-3.3565125951715427,1.3389315155991168,6.719232518814776,13.944120117761502,6.245231261757383,1.460908729590638,1.6753539203999985,4.966442167515333,5.890322914355793,1.0459960155040395,1.0158623421323314,1.0910985810261657,1.0999630685525084,16.139343260605912,14.312188273142443
25.459256554593534,83.85695690298988,49.98773522202433,6.1651361711962736,13.13441267286926,29.771250236662176,7.355603345104004,3.2794999902113924,5.067512686941411,12.921899972616144,15.912760999281485,12.547040732850514,18.116288527867855,-3.305884991043125,1.4367609892439401,6.300429863215054,18.64179157820023,4.953756400924556,1.8686688239152032,1.4993538646968614,5.164269852400026,5.278936878984207,1.0455147871265043,1.0176822057664083,1.0856491661564467,1.099965843493377,13.89969201315169,12.25571045019769
21.326780045391843,90.43748120728219,49.57533033353927,7.573453590609602,10.319609254310992,30.19692319562997,9.6101948755825,2.8373704220215963,6.016727018534728,11.111489736751137,13.030976267845942,13.007384369116103,21.783035756018414,-4.4971768595340365,1.3247641664887242,7.25731525886012,17.151163047150224,4.981202178556797,1.9911111960562355,1.7563105653998328,6.735751151799763,4.016972024166886,1.0457415830092482,1.0165904902749758,1.085025855924984,1.0999994922453915,14.17795760051696,12.474655755366822
19.240819237824542,106.52839539276373,51.06149057181099,8.79894515524341,9.216164852295595,30.644174795454024,9.248567669617227,2.8499441829047454,6.132993867666459,14.091409681073591,13.06010731824456,11.548514282273288,20.066639831862798,-3.8505494782559353,1.8291287408437293,7.027145298027565,15.050620131697658,6.924888981600035,2.0960177544936602,1.2985553567993473,6.428090387511232,4.220669547650406,1.0463043408053507,1.0138940294101744,1.0908636164336278,1.0999707348217609,17.20668032692181,15.190896065846054
17.59857149111894,85.67284704161203,43.38989320764831,8.570729037534772,12.1437892618239,35.182991242517765,9.761446441122546,3.385557774558467,6.585383492706328,16.19707896280657,16.152445620072665,14.029341288380015,22.331574115445974,-3.297295967646226,1.7310619478065452,8.552417873902346,19.61707390546673,5.129448752131142,1.802828885561456,1.7155551024924685,5.214125132443103,5.200945726500548,1.0462148509250593,1.0176205483857765,1.0866233215456058,1.099993974564996,14.830455379974149,12.950735570502172
19.595783832082635,87.92466053363248,46.681837477287736,7.6887379001895635,10.973159104880674,29.419707133497564,8.274919522637854,3.022551131631683,4.995533944677488,11.858285101455005,15.388384103374467,14.153466474839913,16.486281740566,-3.2893463581253317,1.7595458307515202,6.915474991611869,19.59795627646962,6.297217691816066,1.6752643540149823,1.4653073585879712,5.854980256149437,4.158289336556419,1.0462116162781194,1.017493052704212,1.0848435462612696,1.099967322192031,13.567202844760649,11.902665781247158
18.381432129761194,81.98632496799415,53.05271510398318,7.642126372178133,9.007340710029505,31.547495024170885,8.725284643177789,3.5151933109493174,5.402443633927562,13.779624033328162,17.755753308918873,10.533099030309268,17.357772237449673,-3.4990762448628945,1.4390715588807552,7.136119072696132,18.71224897070127,6.757832160717378,1.585594862970461,1.6274879602867924,6.117605615423914,5.043654948727689,1.046240226642632,1.0184387347317578,1.0858308005647253,1.0999718950450053,14.169876165185238,12.516169073180318
21.127783101629262,82.59363706077609,47.574754147889436,7.2996930762424395,12.524123864010168,32.61053143812334,7.682395252340415,2.9239266735882947,7.0958956214751066,13.691745300408286,17.032493586204243,10.455407692477317,19.201518685564388,-3.9615053627389285,1.8308493008269762,6.292829994689122,14.87655854280804,5.5831688882178705,2.063405862302359,1.8808853216451629,6.943121117457215,5.918386972917043,1.0461194738776955,1.0185869795419318,1.0886532813411611,1.0999682864240545,14.072625367686744,12.441945767647976
17.411574440728998,77.1576503059819,41.06224238229309,7.14054077418163,12.678032778821574,34.13334310495866,7.872603862660499,3.667529812267592,7.1183632435592745,13.304151374029132,12.537119688838592,12.485693342429894,18.056041257389236,-4.02114647386297,1.5607415580205464,6.052037780561154,19.88014494986678,5.901013351534925,1.7810141439489189,1.8909551177625943,5.001596052802019,4.3784752050904965,1.046605632802523,1.0201763554092194,1.083105775063083,1.0999631937338699,12.01811614741403,10.52782032101221
24.37356802186496,85.18811509534234,53.52122227229399,6.905461788041848,9.108680583408006,29.700773741863244,7.908071162856702,3.8609848101054594,6.444527105086441,15.787454407080755,16.586610609303786,11.078341850590892,21.281202598652452,-4.121109789909876,1.7081290507268,8.496788657910447,17.090191819414564,5.72112815329899,1.898381545458284,1.47069275453335,5.06362534412207,5.233175676142493,1.0451147095991598,1.016798001184074,1.0840985260257212,1.0999995818390245,14.885055217632821,13.148931196813997
19.389803843661944,78.37120132018015,38.250596009270055,7.929290980256203,10.58242654999146,32.47726945394678,8.550635033927168,3.4804048275335173,5.873287333669539,14.313103871990467,14.042589405609212,15.055939661706928,22.31471709814883,-4.442923528145359,1.8689921731665589,7.3474190653781735,16.84189783468223,6.361654814735127,1.9412250659557497,1.8500343011875016,6.301887983235533,5.995769416456921,1.0462345753796098,1.0197429751585212,1.0823095361190056,1.0999995311817294,12.035845885627008,10.451105502362296
20.38503034253821,106.74735492758128,51.57877781256053,8.181814793453656,10.419743464905594,32.870101150591665,10.441353680451357,3.105967846128788,6.406212282564758,12.917528077154987,17.817706790997466,12.592470704424942,16.935233320856764,-3.7156978953460587,1.6984565694826408,6.2282681140487295,17.28791675026902,6.800441441295043,2.052261207113652,1.3233110634611096,6.944664518674637,5.397453847407759,1.0455693572474807,1.0129446096751813,1.0883568274488173,1.0999587308608458,18.681414119406565,16.486872742651514
18.768597555045726,75.82783823990388,41.51492400590593,8.628054798884644,9.056944175754333,26.351138182693422,9.92630014320555,3.620554750257389,6.789875133278867,14.829212720664655,12.221584267245957,14.693958008998289,16.92544194054524,-3.9832922067584313,1.6923444201777784,6.505884632655286,19.76217554449447,5.772521818122557,1.4815027408301236,1.8798477086578178,6.000141396208381,5.398386395962753,1.0467469317196667,1.0209242234999334,1.0826037096323453,1.0999639566722912,11.319758816181679,9.857481465055315
21.918525856629067,106.81292613599614,38.87351179713419,6.895870230442529,11.06402463668406,24.50392267250178,9.74126400957597,3.351128779677897,5.545309896254271,10.818245772765426,16.210188658029722,14.395751289074136,18.202308071179388,-4.00018004417205,1.4257194405949432,7.8665929388404,13.360592723212934,5.77365384126912,1.9038279469252986,1.86764273486703,5.524699095723699,5.53038040596206,1.0459383571417524,1.0143088768921429,1.0881236795216138,1.0999140508573737,15.24187794928404,13.407117451096067
22.547923419909583,110.28981641501703,45.856981158608306,7.050049833213883,12.934396154149763,24.181083936617814,7.690987414561237,2.9153662084176624,6.937188294046423,10.857280086199726,17.055476646762408,12.452440400486035,15.23059211929018,-3.746566476450785,1.399552538268823,7.873201462416488,17.790942365079733,5.771063963339599,1.4691740583165627,1.699922434795009,6.593529977964809,5.440648554652803,1.0460903640597823,1.0133119686662087,1.0879088873869283,1.099974912814864,16.84751944435464,14.910405640602866
24.564034736532165,82.91519884739745,55.23553740623194,7.059468089969807,9.020053567848919,33.552021426683034,10.590556568273016,3.717781476384288,5.444705378330756,12.159420107125664,14.700893525676292,14.72098188437521,16.336942186721444,-4.40851892455024,1.4664337975712964,8.425758508287295,19.390600752074217,5.631785783026823,1.7028364709559822,1.7934216441416333,5.868400287120195,5.368898096926395,1.0454152784750534,1.0174445978512694,1.0851595132345166,1.0999657137816905,14.762921145099979,13.008811830362724
22.766157776823036,81.12085170389594,54.39239168873642,6.675156338695934,13.136624005437097,26.556741238781346,9.841971503785471,3.1985175508910286,5.655396396951947,12.474010005024448,16.377437833995454,12.988620799284517,21.910438664440978,-3.59950144195831,1.7228752141163164,8.258845798989332,14.285841230518924,5.5693673089819615,1.787628595932296,1.5076399295323997,5.3873012226484,5.372839787995284,1.0455382256618642,1.018203976299522,1.0857798233408682,1.099999474450231,13.953686341970936,12.27763411555993
19.23372033168436,102.08984328106254,56.11804503499076,7.798200464380363,11.699225380592843,24.41340588506425,10.31211685302418,3.1996269020798116,6.3807248438896975,16.08720571662193,15.469195499413933,13.841524196319035,18.584429098500514,-3.2141707158834896,1.7904635836734646,6.104996523791957,17.932367983815354,4.693178049707157,2.060859770335203,1.3808870629331078,5.8331098694267185,5.194301408966294,1.0459939181983626,1.0142893695172372,1.0892971785552674,1.0999738996763817,17.418676921625206,15.345182326159359
21.331494136001215,88.19996827866606,47.18460934298018,7.0267038917987215,10.922788114922266,27.83517329377676,9.238337364625725,3.133093827142977,7.292321993990189,13.504697748263693,13.07720598139048,12.583499087801743,21.784754984388663,-3.1540185972740575,1.7149146362286647,7.643903390381784,14.405865082617701,6.536545339187415,1.7055969281092842,1.4680332984419249,6.56125044510801,5.277050092383329,1.045755908789886,1.0170620708497635,1.0851339128762816,1.0999995173689086,13.774622646366844,12.096857932584019
25.156888846297477,99.09401795433078,52.40443361966204,8.622795524629222,9.205233568876517,32.75737771465869,9.409343334658477,2.897310915121271,6.120930129359664,11.245273621113352,16.306245322270406,12.936228706601245,22.44715888433346,-3.405691179651961,1.6678614096130422,6.634746403711474,17.357391498589926,6.316547309477187,1.9600591171172677,1.8016473540368705,6.620236528863295,4.154543452534354,1.0455001010485039,1.0143903592825094,1.090043250355305,1.0999939680715096,17.04630767733013,14.977028301520953
20.339558923388466,101.25077656715749,47.772969814919975,6.659654878134566,11.436138874346806,28.4077407026405,8.604137799555499,3.933655204409929,5.874539934550522,10.94285432959429,12.266057499790904,14.50971973179343,22.50056615609516,-4.193918564870904,1.5131957082240515,8.815800947384181,17.681012493534887,6.598853834142464,1.9914136589066467,1.522649162094459,5.750589105973822,4.372264308736199,1.045503828727096,1.0140964228349818,1.0834653144428212,1.0999996084433,15.31590663107937,13.405827677413273
19.894682391825572,104.67977491727615,55.33286685280502,8.282359686684291,11.04397816102174,24.620809373489024,7.405012615314414,3.3240557904579955,6.011724993793098,14.089251359951803,11.958677547466504,15.187792283568836,17.965935513870726,-4.443027675529749,1.6223786916258591,6.39131836360004,18.575835268829227,6.286798813814112,1.8197539811490444,1.6093139784536192,4.842952685342153,5.311697897147748,1.0460343932193628,1.0140450424888743,1.0862208222294856,1.0999709286295467,16.542476403507088,14.566124673121768
25.269607951947318,78.87346855626079,43.27833893640706,8.82301623926398,10.233860715992675,31.31653533172313,9.125345393795318,3.634858647005407,5.8945249198484975,12.41995394099004,12.209259366348828,13.940947171614352,20.870310312676125,-4.1663321545228085,1.691925624396557,6.731151396502579,13.428370360208175,6.516219720774219,1.7936197457009952,1.4763764036496758,4.876482023730923,4.125443181802777,1.0459569391879833,1.019731149488252,1.088397644725433,1.0999999139687564,12.339827986269817,10.823107778058441
20.388163145182137,105.68249260041833,55.80599808726283,8.806124148423716,13.081603739678453,34.31115904892624,9.098009105761426,3.1071818939796656,6.827233662121842,11.954050064203928,13.512555369469151,11.344931954858545,19.113866268088124,-3.6220509127437643,1.3786598717602185,7.359520235681647,19.08274406553351,5.963682623483936,2.0724016362390625,1.405358198450648,5.027379386920326,5.15115425139684,1.0457927284405535,1.0129455345574228,1.0881630953362285,1.099992701489837,18.624353068228658,16.460925354019544
21.38169486542165,100.23530513725733,53.43326424443206,8.363974178782616,13.181330057990355,28.299425628052738,7.942992272093451,3.5712776959270403,5.150213213266493,12.359796065990809,13.159012809368342,12.17454368132917,16.045245970016836,-3.1696731214950327,1.7003481629632207,7.830746934869414,17.98350333529671,6.172096541429518,1.522292170422516,1.4662904840804138,4.940501734968818,5.685944804097126,1.0457669397698468,1.0143620725452278,1.0865217907312432,1.099972801225306,16.231643518460835,14.371219131572133
23.84312372848594,82.95353746995939,44.76583267816676,9.01850957648321,11.621833923300837,33.053636048153656,8.152527725167426,3.0940740882510274,6.792757306385577,14.503711258249776,15.978628458102111,12.967383675692306,19.483195405101775,-4.267688108277755,1.452801587917565,7.058305397570868,19.067668156253166,5.356567266348206,1.8333428913930951,1.7296892569642779,6.959825598252968,4.870582662990664,1.0456474930787507,1.017950677735033,1.0851091986551664,1.0999723463916924,14.123841391393581,12.432875086277644
21.075846169104512,107.1087301370606,53.64121948728858,8.302470680473027,11.03526877559245,27.422481617896445,9.391429737305454,4.026712610384298,7.03641699802895,11.385891063380368,14.472967691526378,12.520787537489646,22.629876793180525,-4.177676903778432,1.5406377070477253,6.078173657956779,17.034157463058666,4.8628962634809865,2.0408039692903897,1.7616119427650319,5.7083812509869745,4.8584215590834,1.0460360269955513,1.0135305820959626,1.0902202244603916,1.0999685719710113,17.693761376527114,15.569785292486475
25.14890222113691,86.22911064375509,43.00126167548145,8.935160195790315,12.5854213486556,33.2833819981929,7.902697731393332,3.0006143880033083,4.943512101553809,12.080024148160874,16.534175330617373,11.37939516732188,20.741184955321057,-3.512976893973178,1.53298719868843,8.949486869734226,14.905549895726661,5.51317985533198,1.6567827699349538,1.3501599912512017,5.776554409743514,4.757381326666005,1.0452932812007212,1.0170541447526216,1.0857900909848277,1.0999994811911964,14.009186983177436,12.3607617951957
23.39161990480719,106.16696252913427,48.6460545411566,6.177877123145504,11.732772155931551,24.253610614247084,9.41888276495649,3.759041928976864,5.362553011386745,15.224469203097563,17.35006738418133,14.290481777698202,17.518829845611823,-4.03516309941519,1.8654816954823858,6.96199417866855,18.724984739842423,4.661982304527136,1.442625626004967,1.766215462616939,6.406558390534921,5.5779543757045875,1.0457679476706663,1.0136683919859235,1.0885513620074498,1.0999741263395149,17.207450641743762,15.15433395479694
25.43263295286925,79.80270982938832,42.67555291288812,8.827323757936375,9.754018166020144,31.650305357403692,9.109666800146934,2.9164711475921106,5.5760433351373395,13.610009968781227,17.00000669543565,13.754295527242542,19.92631202705749,-3.893811308308607,1.471157749641046,6.357734733957784,15.996264869518876,4.706162905874199,1.5919602402721325,1.5567893605585024,5.611164030758843,4.088590861993985,1.0454953518550179,1.0188405029609058,1.0865574232292317,1.0999994281497611,13.1078019310948,11.509553180884293
22.473042132599527,96.07210276054994,39.73335429287985,8.947215679479735,9.405234849699852,33.687042984600566,7.201115034894022,4.035193533063536,4.928116146578522,14.892184972217427,14.075677235349508,13.910141344692505,18.253263561229836,-3.2306163588376733,1.7712042850530332,6.213758055964095,19.402879694782488,4.758259763036654,1.7851141999954911,1.7427420357445094,5.552331798317527,4.434466949184869,1.0458894422755027,1.0156893816097814,1.0873230739237838,1.0999687052068154,14.75976611736233,12.957189451172768
23.948909544917512,104.9122244764392,55.88192809320749,7.223541935710476,11.228007770548023,27.88491562558365,8.125494558664926,3.851446146152652,5.7087505018413705,13.112006986758702,14.325894999439207,13.780319026285468,22.175246758441165,-4.160139455639508,1.5818128615003089,8.337615344216651,17.536049592170997,4.780616028513327,1.508877782221566,1.3042668442071255,5.699813876798662,5.6517068686779295,1.0457628140930872,1.013643308533899,1.0899258603315598,1.0999937266167652,17.642998327375263,15.511746843276425
20.077561909969734,89.83515569892471,55.629202311994064,8.62418647376263,11.939415543473867,26.748284628688566,7.621349337678398,2.8224823517521593,5.141106041154787,12.380020795569292,15.208668778933793,10.485120420382124,16.235331115220212,-3.402485895600388,1.684468539509316,7.847369396940373,16.937084423111095,5.22116330529458,1.7072061776774872,1.3418814184561558,5.165388600718687,5.795410452945161,1.0461035503828755,1.016922614850167,1.087386144209668,1.0999661410135233,14.628017334194602,12.983373220210115
25.863724359062992,99.7638131869263,55.76966134348778,8.033935377220333,9.108720257752505,35.361798502839626,7.5562282860715255,3.7556985220230845,5.496920335502487,12.916698009697585,15.769767741413592,12.377355734483151,17.104150047876576,-3.6417360515301866,1.498590794830833,8.87797171352464,18.58279042573172,5.703833149832208,1.5838710626457824,1.7990503105680997,5.004663334131427,4.420924434284007,1.04511473247981,1.0137144380516052,1.0883664299511515,1.099965686778711,17.71847992227151,15.685700838944143
20.53699624117251,108.53152001970298,40.75976110428419,6.45159194627776,11.17300794760759,26.86164438490536,9.247420589933377,3.432291358556513,5.941300219496969,11.404654040629763,12.760656153889048,14.331079173429996,21.932708805545257,-3.4861063113009902,1.3526147209758523,6.160250015803532,17.319096155246196,6.299619453000477,1.708423192226308,1.7149925551940095,6.294064452098101,5.8706845627938105,1.0464177532079901,1.0140579136939527,1.0873559848175582,1.0999729180515778,15.62380730688911,13.647439451708046
17.92310317640873,82.6055521313471,39.550216882854414,8.718701557341776,12.510790476950385,30.380776433337704,7.50118827618426,3.1826373021152072,5.606436429262781,13.828013258483251,13.457941608458825,10.53063610867781,20.753793494085077,-3.5865651301824415,1.5695194732949125,6.382999904946916,18.60892073454001,5.952033954463813,2.089141650871101,1.5971018003618136,6.824107558617481,5.7837364087626515,1.0466006887593204,1.0191824567591037,1.083331305467754,1.0999695108249146,12.254814544415225,10.749203250599178
22.36367155406615,110.54910474948684,44.41745684827183,7.191552174620802,9.163741221851046,30.55257069981347,9.79892629174416,3.882926866338944,5.245551737952492,13.198458990487502,12.974104744079739,13.523606932179582,16.40039243040544,-4.530495346971477,1.4276061732233047,6.874206798864735,18.93001797908264,5.703644855538079,1.4572770809760527,1.5965352007696934,4.836140538081886,5.970689437374621,1.0459684836004774,1.013044306641579,1.0878223226274764,1.099972891658283,17.01924811557569,15.015120608598558
22.464808431554626,85.02614903158167,49.01828203295045,6.313675994280534,12.543513043124298,34.51887103559713,10.347999797542174,3.278460643217988,5.674874211929819,10.989473100568022,15.802346137857464,12.877316303684157,18.691032422087794,-4.5359042872021424,1.3874424966930219,6.028998800070547,13.766821242081885,5.158221735759495,1.4639655954696893,1.6018199748116069,5.368689856141901,4.360966016136266,1.0455491681582751,1.017533401879127,1.0882658919649997,1.0996210066595344,14.430384752459481,12.755818155056582
23.870729770554387,83.06372597244174,51.38700953100132,7.141765313776822,11.252988367768243,34.619631070245575,7.334465885336927,3.5003703104684467,6.964792023199388,13.975060941199882,13.570148281112335,12.180220166536774,20.370018778337165,-4.509666555129532,1.3062824791978316,6.21461646567113,15.438342116767663,5.180048867894951,1.6307502380801324,1.421612799120564,5.094314113343966,4.261247933738584,1.0453587138831428,1.0176625533346573,1.0864995126760808,1.0999382950529724,14.332433856127551,12.67557191843568
25.466721863982663,80.79305899998386,42.14820017351705,6.828647800901588,13.139906631624283,32.517426776492805,10.042917949135854,2.9466615633538975,6.920596095038238,13.004242641814058,13.486425236225838,13.084810424283177,21.448590084207176,-4.334697355676859,1.8495983888519245,8.784396558046332,14.86113055428026,5.62335031447271,1.4505325482276505,1.8427658619296385,4.99860739142146,5.722949624685389,1.0454183736667138,1.0184238972185082,1.084861010076835,1.0999994531070094,13.129705780106043,11.533967084749287
20.219081954843656,89.23127367048929,38.98820870573139,7.073711520886571,12.939869298949661,23.901459333234932,8.662778902968212,2.843959481737838,5.785053157266118,11.732259460213573,13.423221623879497,14.618199735660008,18.51397407672637,-3.547124866586983,1.6571765618883507,6.426320879497748,15.002360273274483,5.9072952848387015,1.6110165901306095,1.7146417519365589,5.780259821242092,5.543978140509381,1.0466882601945229,1.0184850296013779,1.086884039042873,1.0999999821538773,12.261204858986735,10.720914347956434
25.590762570071025,79.72352823061033,44.63879499090449,7.051429151150356,9.637299478630899,33.161577020534956,9.935563334539644,3.4781956591681586,6.192160697818847,11.12153834521348,15.230823819869192,14.180014942019753,19.561089559237317,-3.5338779373878535,1.7072308942939758,7.084465289895744,16.897958607657284,5.771151642807105,1.7144460006949296,1.7400819074522464,6.690592579807245,4.01042503695385,1.0457449957306446,1.0190117839440331,1.087605227439625,1.099965690811595,13.051982810448447,11.432421916469837
25.463791386919585,94.63389032761592,51.63799355254563,8.681098681174666,11.05262454156793,33.45269406570571,7.839431350038729,3.0228345482717405,6.484230140009014,15.498772229979382,17.238860018114796,13.430201528556413,19.19371814959081,-3.636973216806565,1.9072002659835718,6.959087059998751,18.22139575201778,5.874197775779602,1.8781288866182495,1.5318275523767209,6.878389651095615,5.143364652198542,1.0452878714909415,1.0148886663563483,1.088030406904914,1.0999925258672318,17.115949589365542,15.083493837445168
25.4999966323823,75.64604456143309,49.18946155061423,8.260248144764825,12.297959166806736,34.27872720502384,7.215845792413631,2.8004622229632674,6.032322844340325,10.958186007029003,17.728214019827753,11.28809108667027,18.79225194317282,-3.215374702819069,1.6141109863496057,7.139868375442226,13.576542591744767,5.417488298735241,1.721833934560456,1.9135497544159616,5.1222952228529515,5.0895592307402,1.0453745651068502,1.0193173499061212,1.0871060050967967,1.099999435401932,13.350721918929072,11.794448924678953
25.929898967044096,105.2032837551843,57.23318661686553,9.023626876566915,11.153137148581811,31.817235028472677,7.597595256988144,3.4176083550655227,6.854005243130741,13.528810733276574,16.1080862355907,13.948416756320125,17.126365473445993,-4.486091021790402,1.5742863557818747,6.630555310864632,19.026361455075264,5.609339630166509,1.9802249556333982,1.6307411662218194,5.52594246518404,5.619752830077138,1.0445975863903456,1.012521865607433,1.0872457406263898,1.0999564501127361,19.088852137937536,16.87027660458943
22.43319900667524,90.07638001945057,40.33551128080762,8.802153753850792,9.118903742330666,33.78561071074306,8.49586148957936,3.695074268901968,7.1301673261590715,11.619215723721052,15.299024834807309,14.043318940840575,20.957637128664835,-3.939985786775226,1.679833254340133,8.272580982398534,18.864423514709216,6.4074063847520035,1.6948835590904947,1.9179048966769494,5.648046249428786,4.0489294055178675,1.0459237931526302,1.0169088500449315,1.0860326033085947,1.0999722693768856,14.090762601463794,12.331511290602364
20.50751513976181,80.17486172834242,40.56198281272653,6.935866521924958,9.199122213914128,31.724443823232843,7.466359983126859,3.084605377610339,5.106675303365651,11.141105746876368,13.515799926615669,13.065246755714679,22.531610228995998,-4.485868380785386,1.840597712285008,6.528201108112973,15.038983764825527,4.8172324949651095,2.000497204738933,1.3246824329507598,5.93153395630438,4.495751144647901,1.0467936524009782,1.0204448082981514,1.0882822383504682,1.0999998575230663,11.476229298210486,10.011307965141006
19.473108103369505,112.69052008172976,52.70962990942964,8.624295649204791,11.522482430341176,33.877968591246244,9.52376594099887,4.124643186714883,5.566466149951354,14.014725547227632,16.033182833703876,12.156121509541256,21.885780666270804,-4.648492934442481,1.5960124744785036,7.171921964413017,16.413667845614885,6.61834925009808,1.9047372663730808,1.308654318411581,5.897834192234058,4.03460024548194,1.0461587194084943,1.0124370900077495,1.0922516686057278,1.099990530619695,19.939743801938093,17.53576258558197
24.11768702030956,87.73080646708004,47.26478305808333,8.5079814419592,9.168090701440212,25.470790119981004,8.632657355202413,3.1218952289637847,5.7044794788911535,16.19014358461931,16.839470047939912,14.650221219997352,22.321615215099893,-3.651859973290145,1.4701292529897427,6.702187477716225,18.791976291085934,6.216560320501629,1.6100438273876718,1.5212760506946912,5.815571292324092,5.056280114547508,1.0457614905607886,1.0172713311711767,1.0856395045683231,1.0999735592036273,14.280963827441006,12.486538052003207
25.07415668382888,89.69973188945112,55.61097946316979,7.42175738337216,12.303749583069745,34.577000975823665,10.46727253426776,2.879734014213954,5.38191847974283,13.375289297874286,14.49206356812052,13.415729657373012,22.37978878627313,-3.2953513495936004,1.569189545685914,6.577233113661419,19.216874453362372,6.8778260310598345,1.7846652109610521,1.3465665905460102,6.4618836267966016,5.394282700984798,1.045128562966874,1.0154403800926095,1.0856507980255639,1.0999932382023234,16.50565069165032,14.488381713593249
20.438542774977495,108.79751361915055,56.89790573264536,7.775875701355794,11.494461042822428,27.11065936034258,9.304221729539933,3.4154992487347853,5.6173461057044465,11.162800061229067,13.426138843866385,11.165101620362536,19.31951908261001,-4.058605233951206,1.6694859035558505,7.164543003137037,16.076965431671695,6.575433156766284,1.782887625732357,1.9121749325677584,5.6599119736205665,5.299161889235677,1.0461102951171264,1.013187382031988,1.0895108088808987,1.0999723068203562,17.77487216635496,15.727998553383179
17.797150831262677,99.97784835210078,54.51927266121491,8.94507182914122,13.427996340146171,26.929708018660953,9.27133223337258,3.4310051797450063,6.255714652603418,11.650245968825173,17.02265145267181,14.780610232190504,18.61742863965821,-3.55747058405478,1.370133393697928,8.051294474333414,15.353219415081684,6.750129482199061,1.9231289818883064,1.693238608111514,5.937812908883919,4.091552678857451,1.046237296659848,1.0149801539434662,1.0895026474392073,1.0999703262452762,16.90176997437772,14.88572812968032
25.44908674175089,99.02068474752365,57.24646512228507,7.713563470509576,12.141296795739835,24.263272782821424,9.474250236564279,3.8705094562265003,6.779574879440239,14.958602922043541,13.268644458670261,15.115024266234546,22.76338411674953,-3.237929565252098,1.8793257105995247,6.868347582913108,17.856846302826405,5.424417336107827,2.136783112828647,1.3449624693142628,5.794772615338792,4.856095583884149,1.0453799456654278,1.014286194211426,1.0883254975211625,1.0999941206539559,17.088409179651354,14.980008094732188
20.18988356577291,99.683720776364,40.74578581422228,8.258653751126438,13.353052714645447,33.09379283072984,10.296060310474363,3.3034914404506033,5.672723319814174,13.59206111532672,12.192530623983146,14.962419323039185,16.29276731492306,-4.528700341102224,1.333492622080228,8.467874783035679,14.28903117183135,4.728465344692217,1.9580324041867743,1.4593697921116342,6.29763107445969,5.11017050094564,1.046315354041306,1.0155946006628607,1.0905917627392339,1.0999706803948377,15.440160432525817,13.62594939392757
18.30444814719697,110.48266116198785,46.88824702147769,8.31271972450801,11.20457216263,30.731465404542217,8.289984932484092,3.0805044256048304,6.203871296315685,13.177182454043411,14.245074752066241,13.576641351080683,20.447850403284633,-3.1916352875023706,1.4967964763159503,7.235293650679132,13.92336395013008,5.187290010740029,1.477182094000385,1.917594943114893,6.348812710890039,4.174900313005507,1.0465694588602603,1.013682261279522,1.093590255598412,1.0999635983613472,17.469933273992197,15.357518191222265
17.535764616578,102.46276430973792,46.63735420785259,8.471861995556312,13.097172649426359,30.671744590393196,7.873590322502112,3.8950716504650336,7.212180653345474,13.933248950123762,15.984704785793172,11.874371450786299,18.099610479418367,-4.26606101665078,1.8737735029803642,7.886965161673057,18.524590112342707,5.038193240403666,1.592610544985741,1.6205021995733695,5.0496057260033895,5.2699901404418465,1.0463030598128462,1.0145244930514943,1.0880611967936542,1.0999737430971332,16.75894421130156,14.807552143216462
19.891549649225986,105.1849490713685,53.69106982726624,7.4899138654962725,9.770031644968606,31.231944540766804,10.77403326574891,3.6716272571195328,4.967290245342179,10.893387469142247,13.829357344134145,11.154581738850856,21.379189174289138,-4.437896840576161,1.4455160136387049,6.976934330849678,14.848679865628363,6.747447509901332,1.8019075209280433,1.6999277082124928,5.60391844114308,5.262028387009062,1.0462551403181874,1.0140631700376417,1.0908990606396065,1.0999693268221502,17.21830788949315,15.204339701645408
20.709224669944668,88.15908353363722,50.371258999076936,7.876828717268927,10.275005234672413,25.362311713769788,8.526876097817295,3.381276694798673,6.413989773556035,15.738455323639064,12.135661393296235,11.397797943712572,16.67224116132466,-3.9035792775623026,1.5550085165076224,8.187112871460565,14.889641659297897,6.019236208539439,2.0763772297919707,1.862833753547715,6.864380282962072,5.546522304159978,1.0462992242190337,1.0178400541844748,1.087469404866915,1.099962829292116,13.717145597292285,12.149019656567113
25.22397502632738,84.19712325640513,42.01774765598112,6.099723774692801,12.12666272128236,34.66211281620218,7.872967242150035,3.69172100559763,6.701361812501137,15.809116869799507,15.775286935142642,15.089092162363661,17.819515871695362,-3.665888512683396,1.6275280064091815,7.150505643347721,13.289466835829218,6.33771109820181,1.9812362698645078,1.7580637469995333,5.440447946536283,5.044578946622344,1.0457398985995212,1.018130850642167,1.090295410731947,1.099961614286852,14.153241478215627,12.436379039140181
20.484570137773492,75.96425155315474,48.99402375710952,6.4562324248953935,9.318585131929654,32.51488901062209,7.23422232870518,4.142611821052217,6.137223088434688,16.1082887258132,12.265665531937342,13.124330108238839,17.854885473416925,-4.435832688790285,1.5111825505499432,6.781462737172047,18.974152763943426,5.5091951726355655,1.4521199902996043,1.5297850245371736,6.158491664105385,4.5087190776127635,1.0463114722937648,1.0202028883645977,1.0848388378983884,1.0999626698598357,12.496184055401422,10.978872543971132
21.109652302250364,77.49702641047426,49.48433417374686,8.379136568535598,10.811640275076973,28.558745067057227,7.5178169949057,3.0827172103167757,5.257407739632107,13.401113950772306,15.07436302406647,14.98061586692404,15.756559432506979,-4.055794038121873,1.6169590574900745,7.548699293807488,19.07777766822197,5.1168492520135285,1.4693567575257875,1.7102537648858833,5.440765316795474,4.035179832425049,1.0462594909980918,1.0199119458074317,1.085249352032913,1.0999596027155127,12.546151277443407,11.006592022721048
19.541926383280792,87.01543285248948,50.0339497641147,6.604660813909787,10.810483478831223,29.293210244130425,8.853254608910728,4.1635170733334945,4.991030340208322,15.935228206842957,15.388345795404438,14.202296792046779,18.470983896922174,-3.8279870947608896,1.842768959370127,8.687803488875707,14.864894172703819,5.102241158316314,1.7972893251863649,1.8561772973617228,5.387863816702328,5.304029230678262,1.0463581249991036,1.0179724816344742,1.08999440626805,1.0999637579156476,14.37533461333038,12.64641002231692
23.506756649588414,104.7004613732118,49.02223563544881,7.303463741968067,13.292231629819398,30.813702888973665,9.822834761879776,3.2829759839742296,6.514676001647515,12.19210737568628,13.380777628470671,13.790788785191886,19.162599995598306,-4.185911512258928,1.4524406340787788,7.79617002317019,16.227719434028668,6.024947865481624,1.649433407215838,1.7378886167354393,6.5097561294899595,4.5198329477154475,1.0456718623609522,1.013696834698461,1.0890898590304894,1.099968665577941,17.215917519669006,15.18560357080652
19.96938645954697,100.27229288301541,51.53958853268376,8.220463040568248,12.018489301395748,28.235131060039958,8.621473227853242,3.1567446731021342,5.262674227747126,14.53991784874329,12.475405164394987,14.923984816876848,21.482815907903028,-4.457708954333319,1.8602680413537218,7.225814912169721,18.902092803046664,5.006702216676627,1.4555820921179297,1.782330492584864,4.813528223352899,5.977049334651843,1.046015362398656,1.0147696054781286,1.086663544662133,1.0999725563202285,16.143236579908805,14.155951207606378
23.217233008941506,103.74998508192253,42.939769732032794,8.128550797515851,9.153625318902208,33.48634349509849,7.810646734913661,3.7763012935672786,5.427732423007857,11.16964711490063,14.78970232415439,11.01997394818577,20.74377431128178,-3.4906027156782367,1.4991824359909307,7.702317753793419,15.17218936311335,5.516932429607111,2.0272476751490784,1.3946943037190564,4.830707687598086,4.656715570266038,1.0454149577491896,1.013676397457095,1.0878124033461947,1.0999995448445012,15.93172414298927,14.059235685176846
21.043590337680463,95.80740175090588,45.36074107086613,8.481331568677328,9.13615130475476,28.694856950742984,8.576121292763057,3.7066098871296025,7.237714054629646,13.556027195795854,17.801786007772655,11.695426926159042,15.434597807322703,-3.378434541263204,1.5328799262557231,6.949001727565657,13.924439429729631,5.643771449842463,1.6834433555948851,1.3584763010927607,5.3269917430196285,5.7728721107107805,1.0462568369358194,1.016258479045367,1.0916246292025642,1.099964428889899,15.315413569887866,13.566539991554684
19.98178415244747,102.26184034776051,49.94234016305628,7.378630733721449,10.030834852880437,27.954373452282155,9.331585968495753,3.2910545006490968,5.404347297921126,11.428898844014814,17.16341094994101,12.39678991681968,19.95158324524627,-3.885040163373416,1.8384425717490966,7.640804557344633,16.472388615182116,6.7850742977783725,1.958176509152655,1.3513919407019888,5.052274349976608,5.574245725878884,1.0462247060697627,1.0146718616043924,1.0889659578793203,1.0999737507342306,16.29536379175331,14.347590224620713
24.615189467842,95.90279044012237,48.84118395681014,8.00107620706839,10.927238668786224,31.62634965711007,7.590532527239096,4.145790939314341,6.7103777700596074,14.208340701648638,13.805279459776505,10.977653876280185,18.31100652509998,-4.152059715295532,1.6855742357907912,7.1479234651967145,17.35222165505198,6.52789604571671,1.4589250360830772,1.5683974706753765,6.399848130042955,5.092288940926755,1.0448465323988971,1.0145163214987847,1.083502379961819,1.0999996170912576,15.853379497034563,14.050807807242517
23.014812443224326,94.82836647336929,57.20464129432578,6.2460494709266765,11.15988080154025,24.678715279551312,7.775228023608854,3.3362536905855666,5.259517823261189,16.003910696165917,17.562867069281946,11.867437002800667,20.062082611486364,-3.9526551801263063,1.801975667530092,7.882336829450826,13.281676297817334,6.410564574614594,1.9777306473332052,1.606222531562548,6.734772017900685,5.8168924113808025,1.045930141469302,1.0159159827151494,1.0900679962773003,1.0999680369283917,16.216169484541645,14.344684021325046
21.907553353794167,98.26899655148553,57.29350201519973,6.988413513826709,10.41428524555542,25.75673205142926,10.425120980968325,3.8422837459289725,5.13776855124339,16.101543696469015,16.27653178064025,14.480652316793268,15.565945997716327,-3.907739033549782,1.7271029035053052,7.628839753715524,17.706539172243204,6.5374678275298965,1.7095226853313412,1.8231479523959742,5.017965363055475,4.54177211005275,1.0456615684269888,1.0147169995008172,1.0883364941967508,1.099972251107346,17.07112864841519,15.081517690959188
17.736239980969188,89.09160225111226,45.50387049703718,8.528022615510043,11.886025402897658,28.75332618623687,9.547610323045493,2.873896690721968,5.319862547884838,14.185518418305476,15.7425462425828,14.09260406623373,18.26279816880738,-4.247184390721204,1.7177474128385215,8.890180135109548,14.708464703459871,5.919896587906123,1.8732703983195378,1.9191346463579013,5.106747209826632,5.0464360399345844,1.0466276800382355,1.0179293068490198,1.0892682859419007,1.0999637746375845,14.058082290644592,12.36774283620776
20.364888470954384,95.17564705605672,42.67829887221138,6.224741630419564,11.525093233461645,27.56308092715782,7.854989046294361,3.253509792509247,5.000243691532498,15.932388064086558,15.38364157324063,14.299024901242884,18.41569830136275,-4.52917088140325,1.5893236617934423,7.721835966602008,16.54551202761604,6.341205646412951,1.847992375873485,1.4538233110914547,4.977651712668539,5.212248777765955,1.0457593426908112,1.0159836675320784,1.0843042756958745,1.0999995610046278,14.361235012573383,12.62352430579405
21.60608206622827,78.97636425150954,45.80420594596729,7.6449203228813785,12.664481687538641,24.49799245883368,8.45458325368561,3.9517185717945393,6.462154393522651,12.365774937740449,16.95819732725495,12.665931389258477,18.9874743739595,-4.643476249152599,1.8861545620712823,7.075598050109532,14.213445414322868,5.395546818885178,1.4619479474241994,1.2932914474946504,5.557611356103292,5.882039645394467,1.0461299147182035,1.0197264939776964,1.0854243783571647,1.099630157469482,12.45841472445659,10.967058675509687
24.923381721895563,94.63116598201604,49.047128407986285,6.098037830108011,9.92544517813527,23.892334697825728,9.916342317703394,3.003904114437097,7.000474930043433,14.273951293849256,13.287335312033653,10.96121921078291,19.969947727015203,-4.525305689240425,1.7397505401052045,7.045639954810133,17.18022707258382,5.360967133264017,2.1593876880806344,1.759257080615585,6.065365404235669,4.846518285531658,1.045355358825181,1.0155469700622035,1.0841963246261477,1.099999541175598,14.560562843400804,12.883466056892344
22.725561879452957,88.23209323376918,38.791895730437545,7.281069107964163,13.128554071717804,30.990352918331617,7.502240531055246,4.038991058753036,5.536054632393296,12.11635526264673,13.690662173930713,13.092187359519862,19.339629510098224,-3.8866054572116955,1.7392235926480812,6.949613194004876,18.472908423240945,5.04674629383835,2.003486968135447,1.704838467360181,6.225043278150401,4.96310679425452,1.0460443026359216,1.0176284066018968,1.0852161094891768,1.0999676361040187,13.094014121470874,11.488946565209618
23.149573303669907,78.36675271436036,54.5216573579839,6.248863589802444,9.626361964224309,30.406118560267387,9.86188123964409,2.906752190084755,7.12666614645846,16.057481303523772,15.53146303112596,12.604716753314328,20.834601789326097,-3.6322374696304407,1.5956892378272682,8.748453080443204,19.625552023603785,6.79080034923875,1.628962608213965,1.4287801857387288,5.330581653756009,4.88262222477692,1.0456002245292402,1.018533908601873,1.0839955593667703,1.0999681729023778,14.21118802271339,12.487519736757918
20.086973143034243,89.4603381434477,50.10657852454892,8.398078058365687,12.255300728240266,33.21019809153399,7.315863851575449,2.8668273055502587,6.806094424080255,13.678625640553014,15.365718415622238,10.427141249889035,17.140384888901657,-4.115832715621345,1.8298764096708326,8.750950191544208,16.602785452344943,5.905500219952618,2.0397957343696733,1.624079744478307,5.839111779246576,5.810168075521908,1.0459994248959965,1.0167693490489953,1.0867881795963859,1.0999701308106224,15.099277512145946,13.391210802219632
24.216616018765038,109.61385279329357,42.41288368741566,7.674101479432284,12.734275136098242,24.911544364111887,10.060783755458264,3.0561627367808173,6.851809762164183,14.104805062807088,13.07168650924981,12.564639231010629,20.382479265101864,-4.108810525378326,1.553438205588291,8.698099586762781,16.72790907219929,5.813612132586557,1.4848204247578474,1.870157049470488,5.050910439333825,5.056689386873109,1.0450901068806957,1.0124444524209926,1.0850363541834982,1.099999629748156,16.71241446452445,14.73229977427184
24.33496678015469,83.47827947568865,48.323377304242484,6.811682124038955,12.363433590143604,30.25922578090318,10.281513097422517,4.052381204028336,6.46290969716677,14.717112729258302,15.193351795325707,12.112897963982306,20.125696214958342,-4.536930252640233,1.5466754434761203,6.943230079121387,15.859221271989094,5.650122502090911,1.4929639408639557,1.5990027778783966,5.786809055476138,5.176887655281046,1.0452291701436003,1.0174709627644973,1.0848367275251667,1.099999526931443,14.349955304122332,12.67690542746989
20.509277864491157,98.4618942156066,55.03149585244276,8.984631811105299,11.574582728311901,24.102573256849695,10.689249590161593,3.788206885254759,5.699751302470911,11.594651585204106,12.774774928928199,11.012141583189182,15.546351164265035,-4.527360534298541,1.6260916690094953,8.09987823814151,18.778640501541563,6.476375134693025,2.075476049084766,1.8990429584159694,5.658643826201299,5.90067093333678,1.0459314111411975,1.0149058804516502,1.0843183571181503,1.0999725906283686,15.716487027355273,13.961200335531345
23.638156751615647,78.0227774108084,51.27569327758005,8.16761864519874,13.018255325790522,28.000599163147086,9.305681400978543,2.8170625714164395,5.690263590922459,11.136116121257418,15.030362917678787,14.312634064575322,16.768964460180925,-3.9428080310701343,1.4105655273668911,6.362065403538722,16.673018698444036,4.823624800603368,1.8628953344193522,1.300055974833105,4.887578734734631,5.099994970974716,1.0458592936964062,1.0194287171167553,1.0862828977926178,1.099999981358995,13.004973319834251,11.452643964653248
22.493416343962572,76.45222752593281,49.202964186589796,8.629047676983856,12.195976474276915,25.147984226265425,9.332908731229015,3.7411535001038994,4.970844132275592,15.418877410891563,17.321353687847388,14.480297548680271,21.46719915671726,-4.282145709598993,1.6853965000204547,8.035881014964756,18.63446474774429,6.176996423398226,1.675963408811091,1.5206151053832666,6.721173326623718,4.034244171594324,1.0455524417481834,1.0192960926503416,1.0815620258776941,1.0999995763042583,13.126826541498758,11.488405728918
23.42576264520037,111.33601817538211,51.743082609596456,9.101492444224617,12.04020117676692,24.005483744758962,10.177235573928925,3.1984818767150465,5.968379630621235,12.485296345898243,13.520582473009691,12.351540974642509,18.07851100814912,-4.108008187674439,1.8004167686320067,6.891265959561722,14.699108454738196,6.1871970284191935,1.9226304473981626,1.8567239931431498,4.676993992571681,5.70608132423302,1.045909729005176,1.0128842914442808,1.0907835414550207,1.0999697061538904,17.842871401651532,15.793105883316608
21.882298861191735,98.7706627200047,39.987021943534245,7.395149395931019,9.978314784428587,26.59985535497361,9.0147424128337,3.937438330564357,6.694825469553449,13.991399779064151,15.134932428810664,12.330714699631208,22.592595799066533,-3.9939003846054044,1.4425384949198223,6.690272376120118,17.339384124346946,5.852959863361354,1.4455424181273933,1.8112418382052988,6.273563861819247,5.3236585793562075,1.0456703255976112,1.014902213271857,1.0843292914065927,1.0999996006020525,14.708404457632504,12.90465570158565
17.95701610881568,89.00226443449948,56.12450882521087,8.702271293677745,10.23923236165551,25.45329483236984,8.816716645806878,3.2981625301347255,6.544632359162618,16.018747974455326,14.083488641896066,10.47609879707339,22.021866463402127,-3.1792015791741983,1.8897701741781334,7.993738284027119,19.53281634405454,5.10321047302563,1.4693038525827415,1.5924543860969549,5.68544632180269,4.662984546509766,1.0462067062644926,1.016971934328068,1.0861454904209613,1.099973719277813,14.904669863543269,13.140288349984989
25.672458197693892,106.35495502784276,50.889448248701335,6.575089206578996,12.24976886881899,32.17874696545674,8.730245425017626,4.094700273599619,5.287426032638786,12.243622837022986,12.296817061933778,14.200890867542144,19.925371334325018,-3.611306876862749,1.3848407447003621,6.1204433100862214,14.387190575676222,5.691620379503367,1.6179674176876364,1.445748593556459,6.671337170669097,5.030275346922202,1.0455119870085026,1.0133580188019469,1.091590235248823,1.0999664550384272,17.526728166872292,15.440999896477647
23.68990712675464,76.70558855938044,45.221923360563906,7.536674816082143,9.795147511341627,25.018260189057358,10.333093602599433,4.115204277939715,5.072288343230794,12.684701047729192,17.631382343741063,10.582461604312922,20.091674433878318,-4.636665338708529,1.9060631478920798,7.413669992711229,14.36065407567501,5.108835610747658,2.0805130044895646,1.8634771227710312,6.050280773786646,5.532352798939822,1.0460598639934835,1.0201903256636788,1.0859574160139527,1.0997283145057455,12.175601618183224,10.731451768836603
23.782603262763143,100.29743781222955,54.05753537715147,8.163636134042576,11.352330329748796,26.396085078540253,9.87799731882703,3.4628130149735843,5.599291708978322,15.130509889005586,16.07241305810405,14.921684980673476,16.457356464143473,-4.132735284032929,1.4363132595764327,8.710748955904924,13.940676110663931,6.1622953909521145,2.0095817195001815,1.5071474178334128,6.853600344170436,5.701461369172074,1.045645072757613,1.0145693472054285,1.0889693843581372,1.0999674921853126,17.18868304713507,15.194619539220874
19.91728684126496,75.64414837353883,43.912085207377324,6.9351838302310576,12.947041441604071,35.01202990340602,7.453583949492938,3.4598127599466433,6.217930076412702,11.301722971180398,14.169886346459636,11.770778680356187,19.274028292885866,-4.151457803581823,1.7302304707178024,6.410265070840163,18.67797274091229,6.214217509114561,2.080133940057638,1.567575078038678,6.7138242495154845,5.73154824471215,1.0462916553007788,1.0201430373491351,1.083056234994759,1.0999677381010837,12.222059927088626,10.717541658084325
21.16539300487846,89.72148012023943,56.07536572623131,8.25410079299685,13.118539152042576,33.004302390970594,9.393470781449091,2.9621938878052707,5.591212841093,16.031748998331313,13.823755708336659,10.633734738509684,20.57740550498683,-4.2650466370881475,1.4626929409837768,6.8930159380389115,16.393449423778325,4.690550363448433,2.0083125674600377,1.4829368238554403,6.620730396644588,5.6052608432000675,1.045775535691989,1.0163346629571344,1.0884835986453287,1.0999682820070427,16.249075568311778,14.40561386292481
23.100969647471036,87.6012849923012,48.11197265896156,7.432280943097795,10.47819085039406,33.6080082137775,8.940625468479595,3.965812336916005,5.136733076906052,11.561533858441814,17.74482901847334,13.145863790038936,19.074249518592772,-3.9361234585048144,1.4177720153810305,8.156111848505919,13.84294334156557,5.970111014399015,1.8509535335418492,1.8650805914454471,5.860744119443276,4.274125391948359,1.0459673542125398,1.0175200899970358,1.0913080029340794,1.0999619731587646,14.780984878053761,13.036508665545378
22.33149829027405,78.80122563968573,42.136538130934504,6.174570095929745,11.25955524941855,24.597484860464156,8.889819762712785,4.106123049453801,6.63621784776717,11.218023040816583,13.256290480764706,13.582205093058647,21.999734143783797,-3.171352995351768,1.7999687243011804,7.685441641014926,16.906046399968048,6.86212658398779,1.9783041210696766,1.8240760755559116,5.461269721343627,5.108728081656819,1.0464396997646577,1.0201939449846984,1.0842872336764857,1.0999658797047067,11.388987927121923,9.900615726329338
22.70172128007305,87.47728287285769,49.14314414899428,6.79943235361833,9.602323006385713,28.012849059472526,9.861442663487173,4.082662007303442,5.996822285655687,14.271247916687333,12.5341013006116,14.754675893445828,19.5213920231315,-4.337327666295245,1.788442368589692,6.769441579104318,16.793718369127483,6.868313023621466,1.504536872270996,1.7171519347389208,6.872452661041598,4.6011542161080445,1.045416085197786,1.0169869630811923,1.0834780996029203,1.0999995397518048,13.911210502670071,12.211549901272601
24.83736795778974,110.54021631098367,52.52428832362905,6.783238069413152,10.456323220343139,24.022549674129223,10.193231643283278,3.989455661115511,6.423813156317509,12.703650396824798,12.377793724733928,13.98553265836774,20.721599071435413,-4.543659933912685,1.7475404934434318,8.486084826732005,18.23313866288256,6.103194276884573,1.7474158038175267,1.857355077531058,6.15024708682533,4.796710643931818,1.045804372501815,1.0128137818369276,1.0883111702744055,1.0999937855655182,17.612855205116098,15.488003983143832
18.08451348217939,86.31375897047712,48.63605516995274,6.917931524849231,9.951134358672201,29.823243466236597,7.811353245224645,3.920574088655145,6.061858289276085,13.89885897939831,12.798404274880198,11.808847784997186,18.31668159278476,-4.380812015605744,1.7729020947751377,6.668932424363045,17.37142910187053,5.204818750031034,2.1515379520969766,1.8893592820037572,5.94677415160784,5.397805143788286,1.0461223007473999,1.017800513014445,1.0835843551363527,1.0999995019417945,13.336580611333794,11.7601914103591
24.316415717571036,102.52722046729198,51.620724573495885,8.994004184166563,11.632123356256628,31.108371527464858,10.257367501577452,3.737847215001769,6.668355597722755,12.06451090546187,14.132750867725822,10.908290836216416,19.04381736174452,-3.830934745061184,1.9181842011388526,7.8336259584466275,18.50199362601097,5.414914036157757,2.0387126385668135,1.6736543785521176,6.257022209308377,4.588861555898909,1.0455046584324406,1.0136144832847338,1.0886153874182973,1.099994116956237,17.48650446564126,15.480860606442139
22.122181239917612,99.25051315822478,49.503490201613026,8.862188882730681,12.984261536926638,35.05761188294707,9.602740821625162,4.160679782175959,6.911246320077857,12.26249355783578,14.467516590525731,11.371033606320168,15.231898422312296,-3.4133560549091775,1.2825987752236006,8.15951538405147,16.10554773686877,5.365173366820631,1.9884390415885353,1.8127915357565727,6.902694929667721,5.284027169350482,1.045614234947402,1.0142882655538785,1.0878388976169828,1.099966355855635,17.204986172340856,15.27968476549852
21.36607136012765,86.86235888456818,42.49072416017601,6.727294889467108,10.793168398744697,35.30307899239757,7.203073310774652,3.0760882561234015,5.33967887706472,14.672445221874378,14.020808976484448,12.482884887326449,16.329543391571278,-3.751795380648038,1.3460478796197353,7.59912986366575,13.930310746142165,6.4739794443217225,1.8479532366291522,1.7433394392150507,5.610958017034227,4.762982586484455,1.0462744410630562,1.0181353813845913,1.0896743860350606,1.0999796910634787,13.57318833787041,11.979814904444755
18.212453156944136,95.09887927337356,48.0772813920676,7.503030215126801,12.277522273777372,33.42355192038178,9.902842829814631,3.0014120399295816,6.3978252026483435,11.233744770723481,16.05994883314524,12.099742610530523,16.20699206762378,-4.464799336882759,1.67296533698492,7.0641749038425825,13.48402847287932,5.886559800888376,2.1047226325100876,1.661683092929514,6.894229402717223,4.272902236540918,1.0464638349416973,1.0163754883078193,1.0917072083949906,1.0999611362535873,15.59099501657915,13.817111502823156
22.29288830788318,105.43335180888226,48.28833877912369,6.356841722201916,11.571329286931535,30.818507288941166,9.82335329451127,3.865696121231663,6.7606853592338805,14.382599725650417,13.206234671055205,12.213517639664556,21.098587791869427,-4.607346094105268,1.3305260574954383,7.6066100333915845,15.355147881593396,5.162913834815045,1.804183692134195,1.6678971779561835,4.662671576893197,5.560413144402382,1.046014291116301,1.0139849304310722,1.0909343073442668,1.099967753700114,17.216242655546974,15.197480463292434
24.476576899332002,111.74044786971972,41.69390817925617,7.8874397895772805,10.871281673174247,27.550968648353138,9.236280425175016,3.8953363305129707,4.936248791606313,16.034760607857407,16.746894250806037,13.975860814519539,20.978944104571827,-3.726934707005098,1.761037152540681,7.160310625808873,19.24741334837663,5.051155929271009,1.650490145434909,1.6328560273274086,5.380569603258472,4.848474490590547,1.0458796624920808,1.012753643595979,1.0900029270062428,1.099993891434378,17.87714005608212,15.664781204970133
21.6342289439798,107.627394183293,48.2434358889982,7.181877939788263,10.069858014877319,28.422376549747927,9.056649975891732,3.8445608000845306,5.175359013860506,11.996689616491414,14.182737934577293,11.990823898007132,18.17728546579961,-4.3578931728389065,1.4874588178957908,7.505694541207994,17.42274269817643,5.178654236425964,1.957460678746228,1.6301512446325,5.676532298232797,5.619568053476628,1.0453002998610679,1.0129547272412907,1.0853341999654726,1.0999996233386637,16.662506718092363,14.729896754207576
19.47353884972738,108.63807057274771,48.967251820211374,7.9318916333141605,12.880264159476862,33.24747571662216,9.365623447758841,3.8544627853874434,5.937299556168268,13.75583986889863,12.289938014782727,10.616478223440238,21.503633071816125,-3.213087782864695,1.3884154404048688,8.387497976851323,13.287609112171623,5.295178042922405,1.8605078336351677,1.6610879561403498,6.442994747092378,5.011852508984341,1.0462912888783509,1.0134384656174262,1.092163968899395,1.0999652678394871,17.91034061025102,15.817824061858936
21.781608227528825,102.68970248637359,47.77369973765134,7.929812903153395,12.982027825782628,28.337121889825987,8.5864502553092,2.80496858861068,6.376760078111805,10.960768299998513,14.924724998780764,14.245507648283711,19.37940013594944,-3.5406324177380144,1.7831477897275976,6.809151012247617,18.14733102548077,6.0557996160413365,1.562397333658561,1.859285679900279,5.105493344460694,5.979174148281339,1.0458423892014792,1.0141917032226906,1.086818740289763,1.0999744438020285,16.232448619231313,14.258085391712378
17.423455041524885,85.28805365074459,42.06132888388268,6.122539966918206,12.241008192659972,31.782424464775232,10.05246347167775,3.1593779650503913,5.9641778076824465,14.359213016756355,14.541020283173337,13.70241491321501,20.01819790414736,-3.2988505727145956,1.7798675974892597,8.162029077277554,17.634740333779572,4.999817166548725,1.632957443132662,1.5316333002160645,5.289436722242949,4.455620581352263,1.0465953358539701,1.0185345164459327,1.0877049085328407,1.0999681784796842,13.319956050535977,11.652616969158302
24.350504577004212,99.40859104285244,49.05182715524079,6.7668962409938915,13.07298299896351,25.85595986134833,10.061823358168837,4.15334173338741,6.654106259307135,16.161437385997,15.800264657188562,11.264698545507786,16.749028152245486,-3.626320283438543,1.2845632129414442,8.045095410248503,15.063954089928778,6.531225098919187,1.6986043084026963,1.5871721558165204,6.880398286420057,4.484344246094555,1.0456739444329806,1.0147389006320087,1.0887513697880902,1.0999712283263514,16.655627404418865,14.788251886575267
23.62048556569014,103.81283830102811,42.4654847718519,7.603030383301074,10.528904625402097,32.70849367212105,9.440939948504536,3.466376276804766,6.781646366716433,12.069840078045452,16.411586408282783,14.556101505431547,21.87752413573755,-4.342530805110582,1.5411290668788922,8.94542406815348,15.800501794981002,6.1216109259176275,1.5559734082100174,1.9074872951272912,6.273247338726018,5.506755090492737,1.0459457633574085,1.0142959238300286,1.090193626858752,1.0999933983815522,16.77476641878918,14.701799262859668
17.930941785608734,104.12558323983491,53.05271196669789,8.122189088141178,10.267755069780739,29.3783424974984,7.597563736711379,3.4602218930428137,5.474930200344987,12.685123727068042,12.889098434086044,11.328676188154237,15.781921677832884,-4.555046131641597,1.6194628403042584,7.190225913788219,16.83259397278473,6.0976402900772015,2.1037527312259314,1.3943634894632408,5.325681796833705,5.951578672688229,1.0464221243891043,1.0144367661598501,1.0880528397107603,1.0999707091858615,16.337920658074417,14.498348435852401
20.58195512410919,76.21012300053611,41.06294357922248,6.160069653315598,13.394855678044863,26.890676018096435,10.524753924970414,4.194240786063602,6.343612579589198,10.979260101354035,12.406286117106085,12.60647239994802,18.286907298127293,-4.065636597019558,1.560862598215273,8.802230547814453,16.830671710345715,6.249444462592865,2.0854693963025976,1.3739980005332528,5.172984397554987,4.214637320948031,1.0463590116339696,1.0205101995665202,1.082199472535561,1.0998829164503152,11.2062896775276,9.812098340774583
18.57206130531564,94.67416387408191,44.38094743145791,7.366445432161335,13.361554446437395,25.44911130399219,9.146923454873074,2.9384196170751116,5.657131004363864,13.64863998784283,17.561925205953415,12.147439364120093,15.693290891231491,-3.725531858818094,1.3732743525593458,6.689968839874336,17.384121737815537,4.796423369592541,1.774601104500027,1.6700554150468894,5.618711470292593,4.038252701247461,1.0465210678946026,1.0167264863776717,1.088767236607062,1.0999655335176661,14.566595136522496,12.882345088692269
25.91430801791687,89.19292211339138,53.12639581416406,7.069965336249857,11.088075071330517,28.183870982809758,8.433141226234588,2.8305919280908904,5.758451088364988,15.603245948157461,16.034744298018353,10.898748124204834,19.692778035132818,-4.51188014152024,1.7280217862175076,6.44605317707009,19.04240777831706,5.339582110830167,1.766934823904886,1.6167313662010536,6.613175322157413,5.863214990295322,1.0447864354403364,1.0157345696794153,1.0822411217178203,1.099999605811406,15.318417717695155,13.561581278097169
25.429386979222027,75.65971355057542,55.86650784439394,6.245336376644779,10.15066598254211,29.67685668578843,8.92773248041582,3.646593711442349,6.049848798118294,15.845628670058272,13.35367113535894,11.552045445715507,22.197608311267228,-3.2397136414425995,1.6701189260190785,8.045207856196832,16.63679704357347,6.250617958869678,1.5643833451286162,1.8256846289737856,4.964859599570135,4.801624888631499,1.045162849353827,1.018818041867629,1.083614416102276,1.0999995236108102,13.516393334883697,11.901507251014463
18.013235979355226,95.90355344983965,51.04553983797822,8.941313770689682,12.272226157614082,29.985014414158982,10.5574212618132,3.4698115732572274,6.24934179356124,14.018932049418515,14.36347916628394,14.419492068074385,16.60733713522245,-3.9855538169797082,1.7422292839598044,8.711928515629731,19.14921815232361,5.8202774714779295,1.903076244837606,1.5323121511227527,5.726172409882065,5.812531585146099,1.0459630146783014,1.0152339392331766,1.0848600368406163,1.099968644488469,16.17862151247944,14.252771630726215
25.438510660910673,109.0992017079653,40.88565087787676,8.664255424845134,13.208669514976233,27.862746395968536,9.06712664191801,3.8907333581381938,6.2514706556601825,16.164811017213747,14.636051656334697,13.786828972933478,21.223692665493736,-3.8907966485831658,1.8284696356552805,7.63846377362159,16.013361290762834,4.890150923336517,1.7232577749723055,1.7497193310293018,6.777384475097849,4.503358807720621,1.04565901869472,1.0131946575367545,1.090294251580531,1.0999689951311882,17.52859342240579,15.407816076290718
20.44344429042876,81.16125025785479,51.44662173765787,8.998972827230173,11.831465944919826,30.881503054073466,9.192563749801561,2.923838036959751,6.659989336487696,14.051067535166494,15.86240154238347,14.7259603525793,21.158101981663734,-4.33822779336106,1.8733976120827827,8.969804854388997,17.139717340221438,4.892605349192304,1.7705735335983142,1.7840647337354527,4.7043227534474905,4.113774876712299,1.0460999074119592,1.0187488619352645,1.088229894374536,1.099966044755801,14.251593980363971,12.509778894063786
17.942929551082887,102.90542737381075,47.822305938127855,7.201449748302604,9.433164362772578,32.24043495242949,8.355671317983239,3.1714536980905343,6.4716588517906635,13.818658820022947,14.079967425207279,13.418756351692386,17.2612835549193,-4.35993520810275,1.4267641281968988,6.476513086146047,18.47539767907253,6.2823095112192044,1.571500062505295,1.3543972817215604,6.585085885289126,5.5531969643933765,1.0463392460118213,1.0145565886032888,1.0872423267199138,1.0999743925628398,16.29399873159342,14.36043824583089
20.200594003713086,100.16087834147964,40.613942766794146,7.621424883504941,9.04391170843068,28.220902194874355,7.469434157297059,3.4652060522196355,5.908903218321062,13.199679143845502,12.190174560206046,11.997011013711708,20.949277253159366,-3.695506422431647,1.7377100496701319,7.1084361709012,16.09030989149484,5.948229701763898,2.1244909945010995,1.3496706858538596,4.716359943293923,5.2159143676200905,1.0465456809479066,1.0159425606821066,1.0883498083269043,1.0999646795330227,14.103535738197143,12.3913781345338
25.59816273189874,112.65276763466166,47.49722041013507,7.502968128098699,11.849437692938478,30.156490135018643,9.482717007410825,4.023599195753052,6.700987053549765,13.483137915108696,14.67271217564101,13.40917688244663,18.663367761594262,-3.834135787974398,1.2904357771433632,6.5221924122219255,16.5237305695718,6.548556024996857,1.6406834448435295,1.6144917972039357,5.440312036641418,4.209607979079179,1.045368340419593,1.0121358452181028,1.0906832201482128,1.09997298024557,18.781461481530513,16.562381068587754
25.678030833058887,107.56411143103136,39.74077515580725,8.268153277903584,10.5171579715216,35.33922772332915,8.288634671384319,3.13423382350764,6.265652937865189,15.309681282053301,13.067412476045996,13.763766070174203,15.666690031872527,-4.553538199252376,1.3318879463342714,8.742694129032488,16.538960136365947,5.679571381686534,2.140781097240271,1.91384587372686,6.148413252229547,4.2542385837140975,1.0456031583895569,1.0133560905506178,1.0893573717077896,1.099970044936119,17.082567115027754,15.109708375979265
21.75355634348716,95.29886564400937,48.076215705947114,7.81125518910083,9.04388671779887,31.992481921351928,9.764619487030757,2.9616576852490435,6.2713842395677535,13.869150385153182,15.987404504334783,10.59382027604621,19.961425135222335,-3.557973043164292,1.6044819139175504,8.31997065811223,17.96548901745041,4.915855001012945,1.8656530467235728,1.9002345798020728,5.003705094617206,5.705814175450829,1.0458978829876897,1.015595626251655,1.0883684795770259,1.099972341232276,15.720430384403993,13.884686326360569
23.458117339206783,104.52444483043975,43.63104321496738,6.955182345314721,13.018967161878665,27.846017978692192,7.426855406494118,3.6408353850112296,5.184555112462096,15.101619703602704,15.744808797306302,14.603610646523736,21.164763098348025,-3.2948972914075862,1.5238852329180304,8.323680749743762,16.051147382488402,6.89588792468955,1.9697331239232834,1.2899199466818057,6.68156680442114,4.201609569737116,1.045844900086711,1.0141050305076629,1.0884553084804884,1.099970822920658,16.453534899274857,14.421483808677042
18.579745925883145,103.03567365502441,54.77819885631078,7.71050286881465,10.25494280359709,27.745523433987472,8.434401586545802,3.257349345333317,5.472699599244826,14.087882310997859,17.2864156986478,11.719978658463372,16.618876660706732,-4.428181159539422,1.7547413317694103,8.79251109467973,14.3790510444166,4.974663048750493,1.8298291638995976,1.6732375390944612,5.754002385114247,5.197933272647751,1.046476658939662,1.0148129523965834,1.0920214006867457,1.0999656545508671,17.118235322195353,15.187457062037158
18.92569639383562,93.43184625690266,50.82272976516644,7.395427605716059,12.003924064458356,28.92405711053531,8.400958491032197,3.2250470659219292,5.882601023932154,10.924683962483885,15.90440982513884,14.453136656179728,17.895165917767702,-3.191811692381081,1.9115363823267568,6.7910947663532015,14.120764248026735,5.497825818497425,1.971761069256161,1.4681066220099623,5.973311433093212,4.831119988874285,1.04640194877167,1.016708350576053,1.0910569031981814,1.0999637257694392,14.920019664477596,13.127730414224153
18.38219145296105,87.80521463070271,52.09952406925295,7.9404918478875945,9.496607141878354,25.527204434628842,9.506640093506803,3.9387815800492163,5.732717770137933,14.014678059954631,12.937035788962548,11.741791791479045,15.3540535631152,-4.318510478567255,1.5366462846546989,8.44837672096186,17.983596693590904,6.562686696490066,1.6456742420996757,1.398469587473821,6.894821183751875,5.43465557408174,1.0463977103373285,1.0177205144697383,1.0846107231047781,1.0999669564523251,13.70706935059192,12.126596220856541
24.599486885603497,75.85486552139031,45.017306180057346,8.338162739355088,9.309363091795126,30.294611168913445,8.744661962838013,2.8246631099975503,5.455780408171461,12.337876740960256,12.586685280224083,13.368207501492714,17.042223859514355,-3.553086419406246,1.8548727028480945,7.401369278079419,15.883730895875969,6.319380808890143,2.094921933755697,1.2960232551919644,5.679914124008519,5.221562712155894,1.0460697090647018,1.02034957437419,1.085902915171309,1.0999999919910306,11.744559774958617,10.293300272847429
20.12512769173359,104.46432296960376,56.81464158356763,8.94801919340086,10.151601776422138,26.270791685562337,10.646965911676395,3.442079882404052,5.388246444326647,14.617783603604257,13.615145130466598,11.517614633360946,21.882292727391164,-3.3734674792679695,1.3212114857383914,6.807559320515062,17.310117541245674,4.925563819895588,1.7795481640392914,1.6814957506722046,6.609069822816163,4.459739182404509,1.0460618816278324,1.0138783573171644,1.089925264566974,1.0999704837610147,17.573976217115856,15.5012709613375
24.45456608696261,84.21126791942508,51.17977626850192,7.389247657306663,9.473771965856443,32.028308861297816,7.983945426776464,3.047272796434428,5.754307945758095,14.327767321701211,13.314619013592141,11.09300061701198,15.27564755542157,-3.8557632314786887,1.5543331643617169,6.701603230912129,13.636250369024348,5.635873629062342,2.0075076799715745,1.7377805640493933,6.637044144475595,4.0191653754263115,1.0458018612478899,1.0181647823643543,1.0900259549997364,1.0999999588745741,13.865144900828614,12.312552730898307
25.748519669863914,88.22441367900225,57.17640586127836,6.847963160229394,11.072483016350535,27.776346583588584,8.48073857397949,3.9791949382475016,6.701262212959105,16.15761775024226,15.576547508996375,12.513343550324072,15.884561358396374,-4.674635814441617,1.6329796178766611,8.101432409070425,15.980769450950309,5.910700442975826,2.1186559669628786,1.386508440276226,5.318304395646191,4.304119455556065,1.0454333625646148,1.0166470840857922,1.088685576836359,1.099963830630955,15.774815240166852,14.016198403777544
24.23643404502544,77.69786541269455,39.80079714515759,6.987422102873601,11.26356305052613,28.394042646603122,7.361338718414906,4.140488181019332,7.205001629673723,12.308524145500103,16.279892667000745,13.099163089826776,17.004822882042742,-3.52898762071692,1.5943380315586884,7.257710824492081,15.213762739455596,6.513426903427945,1.7866533006989171,1.699102759929042,5.079114520389472,5.067015325032973,1.0462247724157154,1.0202978294487728,1.0870240123313408,1.0999592731769805,11.908632196833253,10.442550512624614
20.120032109196675,95.19526483967901,53.16938993481694,8.417496158677436,10.546908637593555,31.792469981539742,10.588643821419396,3.6759370618948686,5.242120701053635,14.470426598107114,12.545230142641897,14.590320876668578,19.126619768094745,-3.720819548646064,1.3164842205758032,7.142351203776329,19.277292274960843,4.688680551384223,1.7817466736028995,1.8759411783107982,5.556031119454849,4.856351374924301,1.0458449559093923,1.0153613437170188,1.0872323641433845,1.0999716761749638,16.135081086225227,14.19419877178736
22.38190127912836,92.80347872918827,41.463664336462,6.136408838772376,11.691956227744583,34.465517726692184,7.582910878897796,3.095333806953855,5.7833599454129345,15.167208036714046,13.524791486167027,14.640836373736143,15.617679847340506,-4.587892329163938,1.6388781298392097,7.976333035463113,15.721458429641386,6.45422674238566,1.5599277000607725,1.311303568178232,5.557599308009532,5.7073914279620785,1.0460187399264176,1.0165986604850867,1.087817999999268,1.0999640645056377,14.457646742243188,12.738245500425375
23.912764942015187,94.84643696802394,49.17927372580155,6.474874191948216,12.726253158606767,32.886124258977524,9.563293417992995,3.452667450860514,7.23328061460201,15.546772648132944,15.760805741347127,12.048749068403822,19.896969317979494,-4.017687845387838,1.5323148722143465,6.920021915064228,15.982551660455822,5.971474461997483,1.748257088191988,1.4486876724488857,6.405434897205075,5.062934991914826,1.0455410289940725,1.01527568789324,1.0889809650686217,1.099969495845965,16.663885568463915,14.725250137165393
17.94742041679821,89.23816593199241,55.15954530189331,8.375919054847852,10.408145592069152,34.670561194125206,7.475770470089556,4.145728585449064,5.479520425662609,10.849108573633064,14.505495897649228,11.983569782810003,19.297076439571633,-4.362965662488959,1.8191557133762861,7.203689998835075,16.134175738210168,4.983772334364379,1.4742342783944378,1.6903775937504157,4.789495291282247,5.467660238842912,1.0463313950944146,1.0171600675859713,1.0896872997816693,1.0999650384643227,15.088315105104156,13.335446031183206
22.039302458793106,82.84260661955882,48.555678679961865,6.63631305847038,10.925542689646644,33.0348117316583,8.862909456278295,3.0081790456165676,6.646141983647985,11.808549447858049,16.321757251245852,12.595109629216433,18.648437369116692,-4.448238659057661,1.733506255578028,6.098732390864818,15.246597448954642,6.660535933171764,1.453194841352543,1.6289622056076611,6.328555552483549,5.243712170969151,1.0460642425974789,1.0185326150562692,1.0883702697011395,1.0999662959176513,13.871884224310381,12.229500190835473
23.96141951426651,102.70406886710762,51.47162689132752,8.577481177213981,11.852694194653932,28.34853823223239,8.898872795692515,3.803414695754031,7.018186712386977,12.269981524534789,13.958777703987582,14.888156133521056,19.596689622311786,-3.3991804347306016,1.7047648889039249,8.972286466618138,18.747731668083457,6.370119436799254,1.589793591071714,1.8407294621977646,5.859830117002467,5.778580044143911,1.045505887387176,1.0136200115490344,1.0861050476851635,1.0999926150534394,17.111786629154928,15.026509224721313
20.222905559407952,77.69808366330312,47.34066052077434,6.900306318646348,12.164227218197814,34.893857323701184,9.68750694414563,4.041707501592885,5.985378593186943,14.966859980854629,16.944538882563354,13.771248188124394,19.05910737412869,-4.096351130999974,1.7283244772344835,6.759253209664281,18.6556062924755,6.8447529304040735,1.774972306929554,1.7286829971903217,6.349900101433621,5.324495095042961,1.0460126436239876,1.0191402363622872,1.085393013153657,1.0999950582487905,14.036111640094106,12.30822749997574
22.108959140292555,108.58049492837887,46.82347868122125,6.265752987719275,12.743612563190476,31.5529790133353,10.257331055398728,2.993966419422572,4.955037174843707,15.845622518065506,12.800460702869424,14.273033846917896,21.45639556057283,-4.225580112856445,1.3640078150994377,8.002195873682421,19.183534913290387,5.627233415938049,1.7377321351525914,1.5634293181308283,4.830870786368799,5.784051138059947,1.0458793194918867,1.0129979943205285,1.0878579556695258,1.099992415740357,17.778365323574278,15.582642903223359
24.90450725935083,112.961223245058,49.42870166544966,8.363622574812211,9.867970140256725,31.4768400550452,9.539038255526606,4.061692230178257,6.90713424372734,15.867718898135921,17.098247497301582,14.572964986086166,15.68429728283426,-4.439700646205691,1.6687861724819957,7.141333355297884,13.655257105936736,6.212203157461868,1.6763052603870845,1.5793768095910623,6.221609973967911,5.8235490940482855,1.0449998970236134,1.0121199075996306,1.0916323295792174,1.0999630069262174,19.912251334727625,17.588087265055318
24.524792427451388,92.33849982462365,45.65441397037476,6.808930406085904,10.628471845268338,24.9103473700444,10.695979830113115,3.6034844215434108,5.19184625642032,12.705152450035891,15.180353295979108,12.867059034135618,15.469825602261606,-4.603312013397414,1.4562404361439647,6.048554006795674,13.787588219429876,5.986052175535306,1.5392055748860698,1.3067038674262423,5.52073340207749,5.245522384680377,1.0459661552278838,1.0170009435342586,1.089319049614364,1.0999999589676954,14.03708091668235,12.431456789802265
18.330769506025195,87.16619271546158,46.22758404146125,6.564758697271772,11.227211065130861,24.605526225440897,7.367466586842248,3.527769514017189,5.484868613512137,11.31501856264935,14.446519021426289,14.808914956748364,20.70386259457158,-4.392360827941363,1.8380249528055275,8.917883224189255,18.34795724813411,6.051506378899592,1.703106633817618,1.3962516713969384,6.233050907641243,5.989899972243884,1.0462639899477884,1.0179695304787164,1.0811382205109294,1.099999552526034,12.589072971817744,10.98038041991271
21.416673382492217,102.62823858973698,47.70616764386914,7.393077607024968,10.79816914874842,29.55457125859403,8.52082438271535,3.848282650550531,7.0132237448833,15.567580655883996,13.277084332017925,14.711218424755971,17.795789362098798,-3.602519958157064,1.745123876734871,6.914089020258868,13.631696933248477,5.506793231759914,1.9594552322580112,1.4892533889729132,6.10057700990874,5.32023888852626,1.0461057574763653,1.0147209499740262,1.0918834549539846,1.09996538527342,16.537111039596248,14.573941173275065
23.728828581784768,109.1638759705961,46.51063322601241,6.58595351305387,10.388787205134863,28.699573611053033,9.770009289581207,2.818370975786287,5.650516335593304,15.01114993750431,15.918311911850944,13.877239065814873,21.36976184773788,-4.3418477214496205,1.716597226337778,7.318984597111772,19.811092903750943,5.960249813768971,1.5859938307455643,1.467400227267062,6.249064897851489,5.849479130398927,1.0458023584606218,1.0129280005298436,1.0875729181572393,1.0999922794197006,17.753098297230352,15.555583853684364
18.911290721507193,78.46281595970125,55.09487363856315,8.862445055895016,10.19817946701523,28.051971547580628,9.57667679099229,3.2619020291794647,7.0202672481789286,11.38092499465486,12.146374036922763,11.21910993025337,17.374267114357764,-3.296165482410645,1.322041874778014,8.266823140505394,14.370796397590992,6.760299501833825,1.7049597562426293,1.709187718221661,5.162932906263617,4.480645536983734,1.0464404554536972,1.0197854202632843,1.0875717267304315,1.099999984294329,12.846866947738281,11.360491826268564
22.348475880890554,96.48502541950076,52.93810283959099,8.383752449310569,11.964681185693202,28.899740677543193,10.406305390610223,3.6716098863098185,7.29608431672815,15.224597016845536,12.184086474980425,11.788617047968014,19.54625544517923,-4.24549247907952,1.6322153585676427,8.358391267386546,15.15683353430877,5.066675958860155,1.4788200123286346,1.6469207965257742,6.237550887967149,4.652299434238723,1.0451579691518937,1.0146860611128632,1.0862342892095338,1.0999995395034243,16.387008221268392,14.526258160570714
22.685910724549007,77.32528445855345,40.13848878119489,8.213334507665834,10.608952279373499,31.521741567015464,10.194196033007705,3.993671412466563,5.30008905493326,13.425942090697271,16.29420327284962,14.091821429035905,21.16353745353947,-3.4759410416337118,1.403222283343215,7.770037404821087,18.200809696981782,5.380403676039328,1.5153877129409437,1.7387176850624497,5.33529896880161,4.332725448623444,1.046135235170125,1.0199267151111135,1.0863267172035322,1.0999666604388885,12.514655322889745,10.919523950247378
18.642240226487104,87.22579175080666,49.57200462027081,7.169542805629202,9.052565095138572,24.74351952919817,8.24581168991503,3.7235862750059283,5.120376779263223,13.827547008903682,12.634519790111066,11.235005862934857,16.508632809423798,-3.224876671490464,1.7096510831274179,7.390210642158103,18.798194847558328,4.8694267487589755,1.5442077120034121,1.4761329480642884,6.4168090896980345,4.611517646311397,1.0465749080101647,1.0182539671225814,1.0859070420435466,1.0999644575361864,12.82556636017167,11.309665450704838
20.905074381088653,86.72442237807716,39.77388845923569,8.935878213604408,11.417454684478924,32.896431620588864,9.570085531867067,3.519955990686765,5.098814946248887,14.270761144459643,12.84600732138352,12.265066500329885,19.98125989045127,-4.340277240736512,1.7184289124535166,8.014600587163887,14.26964026892338,5.443018212966083,1.4708968363153399,1.7404652116329373,6.8499994766564125,4.528220780358152,1.045983273098901,1.017801404477304,1.0863241827102281,1.0995879024023167,13.321488904706694,11.73489326355023
18.121207435528845,93.27948049207768,54.620070026199116,7.758001553626209,9.169561632851707,35.09641243822976,10.183139675865363,2.984231707872114,7.129186525868562,13.233716758468018,14.13651202382665,12.502150919078115,21.542746872219197,-4.148788298127386,1.3179190095358257,8.872813113348514,14.261286646296032,6.369717648026014,1.8980183019082544,1.400017950685799,5.036098416582275,5.740655187409383,1.046272107848802,1.0161990787066209,1.0903228776534841,1.099966281851138,16.25253063418173,14.326477269491424
21.0029519359765,100.02444305408154,47.87783759373959,8.291154691910917,11.1070058401762,26.99108300001571,8.508180135587386,4.00270877223048,6.0220046507314535,11.952626394120891,17.49024811294043,14.206730319011754,15.623062710027114,-4.6783510206896075,1.7247530857216653,6.480799797121761,14.854793403822683,6.246473516480388,2.0014279598009677,1.432983003615876,5.236167741046308,4.614241389744121,1.046230154489239,1.0154147540513447,1.090601641094394,1.0999649426693274,15.907050756365532,14.063968123039901
22.550799406782005,81.83403359839212,40.23312996267695,8.14374683081996,12.450358770273402,29.510966972114762,8.509797756966186,3.404859798937067,5.827715114647562,15.983918504483444,16.497815835106074,11.21708305143856,18.11983755561025,-3.9686591745264512,1.6723109517207604,7.404551688086301,18.65924085647941,6.420845965143098,1.8037137014122802,1.8268348075403076,6.382527710626335,5.557163697441286,1.0459603198776144,1.0186741358796951,1.0839434237114112,1.0999730465198774,13.157391167165956,11.586262052506285
25.661558765482056,85.40047434476277,43.357432864454154,8.782414857299544,12.419574152767844,34.5332373889404,7.427268577168031,3.678859908166235,5.232893145021212,13.521044870779948,12.84825171384653,10.810638825643187,15.292479424903453,-4.103172547317331,1.509774474681655,6.315564854636915,15.423642844135898,5.031950292167677,2.118020278681195,1.4848031268872628,5.414772174031384,5.679716006799172,1.0456257605546582,1.0177354384808817,1.087845842316289,1.0999872952447225,13.698479041262106,12.160796999744793
22.982520007962517,102.1192661669451,50.40035449226892,8.95643670320364,9.887363725380043,35.27066305271838,10.191442239203447,3.624561624426879,6.496186763526848,14.303659733103315,12.26804149539256,11.267523812542247,22.50717872238809,-3.9536085090206314,1.522146306087624,8.286115390167225,16.762805779234576,4.670537629722003,1.9700910696348848,1.7486192384338315,5.02314501209514,5.913320176848426,1.0457427444468885,1.0139984013996235,1.0906925981384823,1.099993537078623,17.548723328031333,15.47585765233893
19.30352258177687,92.60799616296127,40.43375157930869,7.913978251129788,10.642021017856312,27.767446854074525,10.177116757995408,2.8133863979906697,6.82699012097751,13.885822255039624,17.797147140341984,13.154371560669583,15.62088141952448,-3.199006709252213,1.8452179112779725,8.523642436533159,15.576710101864636,6.073835363300238,1.7925057770800321,1.8989849952870737,6.843909290034388,5.967678017081549,1.0464373645985805,1.017025425420125,1.0879429513791365,1.0999689340940286,14.320116081007185,12.602559252116144
24.88077541590541,109.63190394040582,42.39437025002764,8.606260638528914,12.135679867155151,34.96088080417123,9.256542582393429,2.919234033394779,6.337653294496652,14.507537011314954,13.233113331126074,12.16209598824466,19.748625946792767,-3.7036049502137485,1.519966539032745,6.399259917518393,19.526558241235705,6.381146972028623,1.4408952759835936,1.769992501774186,6.356324382966232,4.019461920311046,1.0455391673183778,1.0124393960167986,1.0882919015660022,1.0999935784566683,18.03891581377443,15.888897232210994
20.568165303287476,98.22225297146599,46.89659246352564,8.445077800910342,10.866053330202263,25.41558303955528,10.715096247385782,3.1388559898864656,6.63116923772085,11.573044082985989,13.880915178152238,12.405500250826552,16.66096323440569,-3.8219369391350306,1.38058420671472,7.67701961695767,17.687055996734088,4.784847538944985,2.0672151271791614,1.398490166426903,5.162840826743151,5.322699680166125,1.0462220725488296,1.0156603859378694,1.0875166059142714,1.0999684319673957,14.921430114462922,13.194035464220468
21.428759204570714,94.17722617676576,40.6903233048471,8.529436898504281,11.724403022546861,25.197508111051583,8.546397721292145,3.9345739058290423,6.266786312207354,11.386703407317825,14.141751192904149,11.392887544155132,19.132738207768323,-4.435643361040303,1.5592109662748288,7.30002609110497,19.291529991451526,5.976750157016872,1.847657582926133,1.4476223308002494,6.049916774982132,5.151820934834793,1.046212241323802,1.0166240336154246,1.083805530003881,1.0999697182025956,13.544549269918873,11.937729374787212
20.80467076256738,112.68940892308113,55.10175524980742,8.358742321833518,11.36730823609024,29.052305662356638,7.865630622803518,3.228032463620473,6.768464351568633,13.250244351262777,17.178326318754227,10.911388572635285,19.06343792970364,-4.129266467073241,1.6107830120370725,8.667680674754962,19.85070019134549,4.908736407351978,1.5335675309353833,1.3634074326784775,6.220330862883623,4.745352190991675,1.0460442356213508,1.0121944796838698,1.0885694986050107,1.099991896465558,19.45153838934492,17.187966107571352
23.725171259788063,90.63816509838135,50.239840511869055,8.420368337263836,11.416007279734044,29.966142367310074,7.517643571028284,3.375094440073209,6.211696253868847,13.294696458598613,17.288660721123016,14.765175611167006,21.446572092474586,-3.7054649975820673,1.739071457080022,7.18586538320883,14.824421497199042,5.435534133038045,1.4910945359655856,1.4923376057629743,5.708921944045918,5.910961789561659,1.0457647067253504,1.0166277848570706,1.090046879000398,1.099967260722861,15.421878068719419,13.54016071474184
20.080403888386343,109.36444935726402,42.61577023374526,6.660545449188119,11.285099644816098,31.535634157709385,7.359596102888213,3.1094922110661036,5.991868146263212,12.58742341430918,16.167221632916,12.756695827889889,16.418729202589642,-4.5153659917315405,1.4674596323093503,8.19339332689327,18.458640773259923,6.8745258645941565,1.7989253758973531,1.6741347298972364,5.416913000872518,5.356358586824133,1.046238714722443,1.0134413166041338,1.0871266235648671,1.0999749129191192,16.82884576052294,14.85037455233709
21.382168657319657,91.85074110281623,54.596539156699926,6.232513284236013,12.91119167668677,33.65442408637697,9.022918512822441,3.4862839958878795,5.762809978006596,16.168538475081366,12.582569223212895,13.158293396993322,20.38078008485437,-4.577554812818433,1.7793302379883273,7.931541608434641,14.055633783632496,5.507061759049004,1.5399659826345495,1.8439761487779287,6.379121080907652,5.515073573594458,1.0459041959988293,1.0162530412704844,1.090107097446096,1.0999645124348014,16.147003619344243,14.26287039423548
23.021586574274362,94.46540047177521,41.10744665694207,7.082272455583357,9.573382750296469,32.15397508565765,7.776823593679218,3.7829589702403594,6.569103150614007,13.28024418655296,12.725962778543593,11.759188196760906,17.63270762897419,-4.212600807703537,1.3527955324247838,8.487205938648273,18.33308840683447,5.072232050164315,1.9577983548808002,1.7078484361394062,6.375640256257349,4.377857110897389,1.0455316218527093,1.0157895238001098,1.083529018516539,1.09999954115464,14.099907701653446,12.454987524368436
18.72788399631815,84.27071658956937,45.23546696420841,8.492741542348835,12.265899239905247,34.52032878888669,7.411066412755016,2.81617879341986,6.585898744469949,12.308152477288495,13.911110217381554,12.937754291645723,15.97833973576367,-4.122603289814958,1.4880943655879362,7.898145372902975,18.817805902807283,5.0369782933428375,2.1102286268984543,1.6196404102799642,6.7811924152036065,4.415460164403556,1.0462951068166801,1.0182985761817294,1.0853204109608159,1.0999648843297887,13.479289935138228,11.881225020413371
22.60760392876478,90.57846658075343,53.04312829490297,7.921963187368421,11.175429247173266,34.3732277958859,8.557621431018049,3.107972286857454,6.3637668959191025,14.169753560733195,14.537003944568378,12.631979021942062,22.492605948679238,-4.26298967857901,1.3507851209488493,6.636390212611833,19.757828852652114,6.325400084800992,2.0988324908241505,1.4744713369527822,6.3611311154008945,5.428005417047022,1.0455365871064686,1.0158349666514663,1.085101724779243,1.0999940917393543,16.022000706432173,14.087242507734704
19.917909073613774,96.11475914298258,50.236176927488046,7.542640704915493,12.665760605827897,33.427854693216275,10.262161973885604,3.924792996737428,6.070923684361032,12.85976681000464,16.87500265093765,12.650223409465834,17.07242262957266,-3.911455910422658,1.370783886028315,8.074888471796395,15.51051730998274,5.244728412398094,2.1286862972890166,1.7772038372853167,6.466001246319522,5.2474439385583675,1.0460026603175914,1.0153945455907887,1.0892612831260016,1.0999680207667868,16.717708166120737,14.789741356394995
24.644019995229378,103.96524229023622,49.68855322303475,9.001818181629218,9.818345374586215,34.73188068413806,8.645177383195914,3.5397585767620807,5.179483939688113,13.716580170177672,15.562792241074833,15.228323832387302,22.611462324143602,-4.627579775323888,1.5029683584653168,8.973799496235129,16.304374926591535,6.616260120327609,1.59575037769366,1.6037332349802256,6.881148063016044,5.894062793846855,1.045533470404514,1.0135364994433245,1.088029086895851,1.0999905407770207,18.00868502046968,15.774109013268488
23.29481873948998,105.42164367379931,41.61327843903791,8.273841990431837,11.728867621342467,24.680310481864705,7.607372423722834,2.951821064851767,6.647430920984799,11.565262124536892,14.707684335842245,11.97346757385901,19.383831469853654,-4.222103320062268,1.7182224238216524,7.54655974774313,16.36318356077296,5.5629321806836405,2.060575162779153,1.491745155118493,5.241728705108589,5.4866309873105426,1.045560023716036,1.013864314647737,1.0850474131035457,1.0999995679741807,15.317408926521091,13.520590329538953
20.482746847527583,107.27490723885387,44.509232300342205,8.213912266706748,9.162088348158305,28.149641985301777,8.435628629883185,3.943350234986293,7.239615183877077,13.288758894141992,16.8360242118364,13.714449080863414,22.55213350624407,-4.385329282374807,1.3295859622167878,8.139845167146708,16.83571811040456,4.678131654402999,1.6209453302823196,1.8699233568172116,6.788462384865267,5.597700920401269,1.046339691680737,1.0140972610446493,1.0897356915557677,1.0999664772905333,16.953020803505463,14.863925617897383
25.881846956452947,105.75062406384005,38.435104060893885,6.955016394516596,9.097196336425178,24.710474031103203,7.987826941022794,3.504981964855731,6.947978088447323,15.454620483248384,15.592563077001488,14.875133770456472,19.000473682085584,-4.506896228847794,1.5706017640524879,6.831675022265647,19.36498177618684,5.540009375574976,1.8024509583680122,1.4904708048196333,6.177783232674492,5.99006245001207,1.0449218335060024,1.0134050650558732,1.0828756000880972,1.0999996713289624,15.661941386716016,13.73960154603073
17.5814576041462,109.26627286634758,38.31506620963476,7.187252758684481,9.715358492177025,32.536633011936104,7.382199026725825,3.574878935018059,5.599619766582563,11.521819343869392,16.520036544131738,11.264477518016703,16.899931611617536,-3.5491197848151597,1.6555307288499375,7.978997795072245,13.396880757376932,5.201137555783994,1.7502990066038038,1.4924652493831894,6.691275927745256,5.5754174617728385,1.0469584249337098,1.0145748111535082,1.0932877731873814,1.0999645343248239,15.997386351464474,14.132520290961818
22.79272707087702,88.09743823476846,51.636855233458576,8.644659559051215,11.62484009056826,32.85664530934188,9.89677786103909,3.6004322356244507,5.641727049044486,14.827223653206868,13.152506343491336,14.11980080007539,21.314554860283252,-4.402546012129782,1.582666221426213,6.5774423033112654,13.942164704438698,6.364598101131984,2.078108196861465,1.6965365496556204,4.974451340101018,5.869792897035148,1.0451157696265787,1.0163198281516659,1.0860549986790402,1.0999995288037119,15.350634245708742,13.519086195195893
25.94540548620129,91.68970602234786,49.6130595309145,8.442774700805039,12.259026259424198,35.0198888648147,7.613579127883641,3.613014812599928,6.568312664002344,15.606531490613417,17.129693381200177,15.128238951291353,19.09179624992636,-4.415986952228634,1.5534602932014898,7.266941633568097,14.962233140099785,6.5383105058846125,2.149786876185731,1.4440587061422452,4.7702252842088875,5.631084874838015,1.0452173908534297,1.015670866613649,1.0892721264063394,1.0999683507320812,16.746801671155087,14.756810247074448
22.74359685600168,111.52145080476186,43.06281386875132,6.2959240803238945,11.166141328681926,24.608499070988742,8.142444003969747,2.976369005146836,5.426882518370592,11.373181125235517,17.605279756586622,11.575098584324655,18.573621653543498,-4.5218344199093865,1.7134858162953437,7.854112441685324,17.964939583995957,6.562867636484485,2.0719218728532676,1.691289389225617,6.704816877290213,5.070795054850954,1.0453889238644032,1.0124541219874983,1.0837902092268321,1.0999996799033223,16.579134322177275,14.629673753090508
19.766884632409916,108.52129039074325,48.59296046013822,8.834658266204391,9.139951806498603,28.29068586818658,10.612098066104885,3.149510129861624,7.177348440333922,15.951073290097948,17.17756819278613,13.023433669073956,20.116739813012853,-4.476602517581796,1.776574132729078,7.890281548366235,19.802202468261466,6.230769796294171,2.142347034562388,1.3167286237485383,4.962388060121933,4.902917692000981,1.0461464082874705,1.0131835767051363,1.0884601812938453,1.099992280229596,18.348714598293874,16.127588359105147
20.700753720475856,104.8534488223328,41.31094018609117,9.047329344498925,10.371495121168895,28.66129975133388,8.189082116784082,3.611109064257166,5.023054029031105,11.608258530080425,16.3649543123756,11.107422963696404,16.989909831830637,-4.357052287730747,1.3397127541486424,7.312421468312523,13.433140889661589,5.444593166417537,1.9432666098797433,1.3376660990190263,6.700936334126723,5.818998085881431,1.045976244154223,1.0144022288003693,1.0880133511063346,1.0999994995839752,15.592847527454902,13.825450300808281
18.271316456086176,112.69079820263926,43.92876506092175,6.335669080240082,8.982700672947734,28.42057017001358,9.467315948542023,3.265050949864639,6.921590371758079,14.66967388805127,14.006962730529475,13.890293106371711,22.347706800966296,-3.265229757727107,1.4759065345008748,7.38997781735008,16.586654448291664,5.897893896135691,1.6564513727078272,1.7070461734287035,6.136596048189205,5.155643012543227,1.046593573743464,1.0132825447393092,1.0905145346384542,1.0999689631232747,17.27543056630586,15.094393034147545
18.34745174445041,93.33215013649519,45.05105808879686,7.572756948307893,13.089961631107315,29.27026984926922,7.250330850622243,3.414371433317783,6.882381559320492,15.012328985378108,14.97980483822796,11.428826585325321,18.73467383815054,-3.999375462292379,1.9199177204954456,7.932534270508132,17.889919135615752,5.7801736130778805,1.6952324765634215,1.800289909534212,5.788242992467028,5.98938025992905,1.0457256885770674,1.0158547814135483,1.0823188254405716,1.0999996341117362,14.729843805513374,12.998134789813644
21.327806584646623,77.92225068784072,51.29089398116238,6.221790010814466,10.08224715404347,27.77411138280286,9.862140908236778,3.491930296970658,4.949896072397026,14.130989196889978,14.372159975062909,14.842919310632904,18.99667356466579,-4.2260012276653685,1.42007583509091,8.282920693594958,18.067143261611587,6.737469563815836,1.4643515820378235,1.5664004464751689,6.215640534355942,4.19032780016043,1.0462199155961287,1.019720826580318,1.0849633542552428,1.0999672671486895,12.77356217310628,11.185899839567245
20.92404330285256,110.86008400353424,46.575067465838366,9.075630541781118,9.214638993637593,32.070391358462516,9.29165845049377,3.5007555479849755,7.248867659623422,11.500112162652096,17.260153752018244,13.671501288573978,17.16837015707721,-4.5266038671863775,1.5547487474310486,8.442681984219211,15.861874473194737,6.61415951964512,1.898372965280435,1.3702698454935855,6.147218539249304,4.3826895254037455,1.0460098921560146,1.0130219507829807,1.090702548532654,1.0999678053833584,18.26909997432694,16.11824800333727
20.93548841012133,81.77673761461664,38.66094813155531,6.724135079927871,11.362946666284081,29.282419419772683,9.00538954392983,3.146761629825242,6.551793329498614,14.603021748829867,14.053488240335607,14.636344049448804,20.09457644643016,-4.232341269403466,1.4574975474809213,6.001834905466762,19.02609406435801,6.548024572225156,1.5286981593908378,1.5194272863720362,6.174307195461512,5.304221714437456,1.0463512925285203,1.0192603919372085,1.0832490525496552,1.0999676664894389,12.302337939084673,10.723789894324737
24.827840906138267,80.64530433042295,46.46044797765147,6.375562230496332,10.705386713005053,23.77826785793491,10.433783034396457,3.5378615955601536,6.953517516357743,11.123485385418165,13.275650338418608,11.477650375723597,18.138855359254787,-4.372471540940172,1.5273970391881555,6.613960588938982,13.711535328649424,4.824420856178235,1.9872339882919035,1.5646739142634454,6.324740203040036,5.364574243527395,1.045815746027074,1.0191981662497924,1.0850598762519228,1.0976421382744146,12.067871333505671,10.658902702083646
18.53494616807904,80.74401736036464,52.682139335100636,8.272655612195667,10.65357783559691,24.513582707327515,7.2435528781144285,3.203419729246443,4.902502347552834,12.042392153959998,14.420224411659579,10.776792087784727,15.992510959519752,-4.518442399721229,1.6547008185746492,8.803367060288345,15.576285727536911,6.210976254603659,1.5873780057276892,1.6757378030591625,4.940638893623164,4.004161278352571,1.0466993051972728,1.0198795021407923,1.086687513981435,1.099999935873275,12.27637841684898,10.867522698064008
25.445696036235148,96.26842009428188,55.96310547239259,7.094847832054299,10.42848158984467,28.327729020921772,9.741747542249406,3.5921320878606435,7.137865973321848,10.937380866115173,16.140847790316315,11.838064661982095,16.569775753820306,-3.9162171711313545,1.6032408218751977,6.411033086065286,14.62058981272239,5.586942022571607,1.7343442169224672,1.4832372093565984,4.984624751503156,4.008747358201959,1.0455870613033555,1.0152969284152953,1.091936022234006,1.0999630115722077,16.41707443260653,14.58578479253124
25.781640341875217,110.91105097524397,47.4873952498477,9.104957329956015,11.977971401904448,24.41251894376899,7.623785516697459,4.082555181417493,6.417327373245094,15.353191583949696,17.273687111817715,12.43554541731452,15.568797231982868,-3.4137173442798225,1.3226060462735587,6.566219537095522,16.00593863166702,4.9142166003947665,1.5600479384198471,1.5653259405258748,5.429196604901295,4.935316248376082,1.0456354258676077,1.012819613332266,1.091650602610503,1.0999716268330937,18.207639696908025,16.146175335467476
21.085213200948658,99.643932018922,56.15906417450633,6.407907588870497,9.404685468905193,33.663112110872646,9.023028136748854,3.8729670329958195,5.405629444801766,15.275857895104778,17.42612588018847,13.38825371897616,16.0046805632009,-4.516659910083889,1.7871921455168456,8.25263332954347,13.523875174335283,6.493593058596173,1.5393247275372173,1.4223271527660089,5.978952816896677,4.529961545833766,1.0459502424700406,1.0147917653091536,1.0925306405222297,1.0999668488878271,17.844436935282218,15.80205282588167
23.100502430787465,98.27209446930138,40.30782031401358,8.07428432195818,13.099317996015687,25.501096881192833,9.349423275394395,3.278611520711372,6.001452479127593,12.349800967026438,14.030618592632264,10.306872062194111,22.65979320817088,-4.094687878433487,1.6004515779160866,7.15114604850098,16.861447070591545,5.5218459170206655,1.6991337077954447,1.5769257867020885,5.280280638117163,4.360099799933571,1.045671734266168,1.015070828829295,1.084743342116179,1.0999995174204646,14.402015961597565,12.701857989810586
22.191339196204947,107.11540163414334,41.16207475811906,6.1795123954368245,10.065716618290082,35.16070359275496,10.183529065476021,3.634212474940035,7.147367353193251,13.20450723092112,17.780352391348035,11.665214389205962,17.02632369632114,-4.115355193789337,1.5220185394882308,7.879096625928773,15.305170241529835,6.073570355864139,1.6385373076212264,1.3126221240440898,6.756155292461785,5.766410403746924,1.0460028809330761,1.013592652392627,1.0904404410296218,1.099970148650929,17.601860391211048,15.557632125713152
25.78652793568679,102.35874400002254,51.293628918298985,7.779369333027485,9.524222025259302,25.832976669201386,8.24209087922113,4.046218907602753,5.302045640031503,15.78351514223461,15.035802968986445,13.795093748203204,16.037858098772308,-3.539692336090421,1.8934519092361128,6.7984498407891945,15.248904223397211,5.098425932831304,1.5329330390209173,1.4292848905305588,6.130198389325852,4.910735467007127,1.0456250789881085,1.01435392926245,1.091470904749401,1.0999669838216843,16.670147135427836,14.747656822495495
22.16660065941296,79.9707067479038,53.57646646975465,8.463647889762736,9.056722801919186,28.1254781152216,7.447574167096133,3.908948091180941,6.678938026826718,15.670735709183042,13.328967595360563,12.477983086289218,16.602107866449423,-3.6991264977796265,1.614235681002806,6.159992369515767,18.02673952689784,5.900440596060894,2.0368504923916846,1.4539395207623664,6.73570496422467,5.9973885060608865,1.0459057801724445,1.0187968094357063,1.0845999992716202,1.0999674954074703,13.482447844319294,11.896471947881043
25.33951044511821,104.67098848939325,53.772491510946686,7.824182497335543,9.811889305848494,31.589080084743067,9.765910807415754,4.179539196375067,6.200775211665425,12.265392681135305,15.994688229567462,15.135229163905587,16.546825702845116,-3.6285567529155403,1.626803810414516,6.510643904646015,13.427545046412392,5.421800844063702,2.063066977080762,1.3078197755671777,5.635115416919248,5.5244015458521645,1.0453569237987188,1.0135503590128707,1.0934296525950242,1.09996665458176,18.230661015279267,16.093872979060826
25.63362494118648,112.49271303448702,46.30805455723914,8.969168254912518,9.11867700029827,32.40181986838296,9.513885724681007,3.149330600620613,6.117857141658343,11.499590183906676,17.114719019671302,11.978122274571891,19.957937975539444,-3.367691006608129,1.4119455005639727,8.975869112409455,18.28049365909043,6.871774737875843,1.653012838952672,1.3853202410366852,5.807118835270887,4.989336564454686,1.045588138305788,1.0120086473553158,1.089083873611346,1.0999917301027484,18.75937063082733,16.508691783322725
18.878535739419334,102.98771338182753,45.157186458468594,6.646550302028772,10.447285607553932,30.25117265569318,9.815295355849596,3.4746472404804782,6.162451775181231,11.550308054090841,17.371557911261064,14.877918925799584,20.394042087176828,-3.1475049979370784,1.6237274981781287,7.88765691626584,19.88450404044185,6.9508753360519275,2.057480089434401,1.3208518348967129,6.851601226606652,5.225322494303998,1.0462177058024666,1.0142824522550673,1.0861784051196683,1.0999929554171264,16.404999669689126,14.319600023539074
24.311697167759277,90.70302657616297,44.352080290005354,7.488262202270776,9.617997818100346,27.81338043728901,10.287422999165802,2.853130680765234,5.248142434252035,11.475627262107222,14.32233023449336,15.224693456525577,16.51752026960651,-3.346952933374846,1.8656356670567389,8.646151550897896,13.494076056777125,6.38395782761601,1.9119353050630292,1.7713541183057337,5.787245695126539,5.982758436896591,1.0460285691317626,1.01728687472878,1.0894679059835652,1.0999844725565968,13.670659375918776,12.00273038105666
17.74059212241116,84.1911213756954,45.821959270935515,7.447324942359737,13.087725964093842,30.208051496111658,7.362399583873418,3.3710081487959265,5.896236606180531,16.013651067564037,15.491214662485806,13.389107441487408,20.62072303750966,-4.321261332464113,1.6864326849295932,6.711583053401807,19.08366487122533,6.338517936952662,1.974146749269808,1.9177963131102396,6.501861560882893,5.6583028063103065,1.046362106966734,1.0183061340295667,1.0836984139951142,1.0999735046574437,13.74681627467826,12.046396088906146
25.618199876364173,81.05472911430633,47.756547438260654,7.844923751715993,10.43515526691661,33.50495945795517,9.944710637924603,3.8092363043113737,7.313044633009926,12.20065941640531,16.30332521998551,12.961134732521975,17.578717786953458,-3.3705155183280766,1.8533656557232303,7.786366448123536,18.757560681934876,5.905200362883583,1.598383498070894,1.4960312403842082,5.525170114538628,5.945869625007405,1.0453189785198613,1.0178229810029868,1.0852102677748483,1.0999700414668245,14.274344564564622,12.564252416208276
17.408896856350403,112.49989574756343,56.986426463299956,9.108298403211615,11.095115041559962,34.972945841527796,8.624157054659378,2.8368122169357415,5.427407134747106,15.904599722661874,12.002037572278985,12.93365020794871,15.774572075599561,-3.5667786623470223,1.3363794244556075,8.57858586333917,17.20470951206077,6.732887000466485,1.9356143036689644,1.901458643996864,5.822916159044143,5.277421163525748,1.0453936201820329,1.0118977147329296,1.0866640138073238,1.0999571587913541,19.738535169503063,17.443390069611894
22.36236055663701,93.60693298154837,54.41474306688799,8.039356412437895,12.549878946552518,32.87909445190847,7.887762578359064,3.710228945524701,5.367141166802455,13.949930582516362,15.95751071929995,15.22595416366494,15.432119033938013,-3.2623381348174045,1.3292970856775883,7.19508385880022,18.735346720265806,6.598210692066154,1.9706253089192294,1.8540020747711665,5.389035070473129,4.176309288504598,1.0453531456753713,1.015119094575309,1.08648048105616,1.0999689674363098,16.61565460240179,14.650882107767966
17.8647682829519,107.46836087525848,52.20594194804258,8.203790530273807,10.481749996684595,28.08288122569507,10.649208704037548,2.8893266417371093,6.767905438128213,12.472019948025324,12.152765525738836,13.932256162571676,17.714930331155646,-4.246550129238763,1.732898805195597,7.604360626299345,18.441757577958043,5.9880089120772855,1.6463785340507477,1.7498337926812284,6.006804372836318,4.025454563379841,1.0462975985393217,1.0136776395595963,1.0883417980067878,1.0999721500309916,17.10971712029105,15.08048853897522
25.186271463046285,95.91985153846014,54.848153315968645,8.763519990506023,10.953450622173197,29.590387958124523,8.696715795632167,3.4292114854312636,7.064159067891015,15.05597767542672,12.674093030840847,13.260363530223687,22.7688904669362,-4.049059093922677,1.7829578403795876,8.307184420143512,15.606108371792264,5.502690382273184,1.9613350236890905,1.5999894602270945,5.9637240451825,5.4258115807296745,1.045415862632795,1.0150123183771962,1.0886591626556166,1.0999654236050613,16.634529017457123,14.653253368949272
24.109351234698956,85.59074464898214,41.04669668043473,6.967055726040124,11.233771696412498,27.63726754410506,9.246105931851337,2.8748520137758797,6.123791004337591,12.787118497463624,15.10661385916158,12.306469442815681,17.360116464845323,-4.530408332513912,1.3982495925896687,8.04409672674168,19.41964089154723,5.889714306470204,2.0710141117772274,1.359904946197302,5.785589946994867,4.914050560961879,1.0459448385625474,1.0181134441364603,1.083551638087278,1.099968147010734,12.8415647755685,11.306384430222035
17.430471245081115,92.06193662241972,45.29584894203527,8.11618813243483,13.163717408022801,24.612334841492032,8.378914992172643,3.421690632351953,5.990652322403895,14.98397249254817,14.562638168367307,10.29797941138456,20.596791118905518,-4.500334324427247,1.6088990160317906,7.743325565095516,14.361897954754468,5.15189859165518,1.6093225721697204,1.555674863924029,6.7932969124778895,5.043569533429773,1.0464223397103138,1.017114349072455,1.086077688931251,1.0997844400861787,13.907094717621815,12.305855369058591
19.02740756034774,85.38618588754203,45.58236736838376,7.97470728610611,10.931348525457944,28.230849161287715,9.233022961436381,3.1385689929362517,5.072523985106381,10.93183730004,13.417504614264079,10.625287533453902,17.756188852757827,-4.325776322961218,1.7384283715115765,7.832782868364085,18.940601619359743,5.294396888942722,2.0772387021815755,1.5355130685882747,5.570072498378573,4.810703227251043,1.0465085792771596,1.0185595618773908,1.084654092654182,1.0999633948908958,12.593062367307256,11.108938863683306
18.21145909897172,112.11648197711419,40.88824959201704,7.11629260238632,10.39046543506387,24.481217307237177,7.748136468402756,2.86280167065954,5.593466964287653,15.479947389756095,13.943075546194812,10.788354506902285,20.107273399717776,-4.67469742280566,1.4286872253004337,6.838713016111709,19.733064440424435,5.05476098711713,1.808074128570598,1.4333773651303008,6.803056403130885,5.963042029152588,1.0460531620154154,1.0127311435450188,1.0830512442200102,1.0999996745870957,16.0669004763237,14.159589164463966
24.431577304321735,87.22105417982671,45.95468052736325,6.816609278345921,12.95059569220028,34.39178767672026,8.70793438408577,3.719146297864203,5.2839497586502535,13.148653861962408,15.683734675774048,12.117847842071539,17.917756395217094,-3.1215584279364306,1.794747816817353,8.668012836064344,19.717237836184328,6.308709613360579,1.835130464906317,1.452342092677574,6.958374784235316,5.179505709064212,1.0453949152805377,1.0165417418495104,1.084531488716426,1.0999947912272068,14.758098626049762,12.998119022594654
23.27241734782827,101.07306418247636,54.40121433487731,6.109404518094634,9.946706293132545,31.453301202006166,10.422524652568443,3.7594742946898982,5.888918751244579,12.752399677699414,16.31817012936859,13.92548750145694,19.813640743043244,-3.5746885575918457,1.8720990837699478,7.655639826355917,18.528869245488917,5.13719516821545,1.6877093678026043,1.839730890487899,4.756248309460727,5.024630622513325,1.0456855159549396,1.0140755868482125,1.0903714585750168,1.0999935864482024,17.55941316111885,15.43800743964216
21.541203565045997,103.66635351805654,43.629808893859234,6.745963138453183,13.109075117704087,30.346173893109885,7.576882445821157,3.07025062710005,7.317135585214765,11.85628857976184,15.558434047667925,12.29425064129774,21.93055312085875,-4.298063003980712,1.6620488936075621,6.032216945393948,19.121840177756575,5.671628532345822,2.1107359101733754,1.597144968226689,6.250600814903923,4.138585298933284,1.0460098601739447,1.014255706623121,1.0870448459458155,1.0999743207313277,16.204333310896846,14.241111970104656
23.827916352612498,88.09569045983326,44.957984354023644,6.440713767916545,9.617920025908106,25.79195686323328,8.38154220685712,4.048757877885848,5.778554981281396,14.711558615441378,12.413175123183635,13.162781900301722,18.86237335765534,-4.645614397249028,1.8215729727225363,7.364489317315949,18.42694795326105,5.087849879801564,1.8448821557220803,1.3277561955639734,5.447566554823904,4.451724363244341,1.046069146403824,1.0178487832364,1.0857963853517734,1.0999624090859739,13.042934306082783,11.474439639798993
23.600137197022832,93.82661724495713,52.60046755557396,7.6464981303995945,9.347450300839341,32.27733826684382,10.199625350356099,4.064943716277909,6.275660346548367,14.869360938597275,16.402184247820458,10.951208779778637,16.44807722469274,-3.230581389062237,1.484744726489793,7.420525763223194,19.906041742288,5.639904553598154,1.962894663725307,1.7237740968144224,5.114398124581345,4.117014302898873,1.0453905897217604,1.0150424532890874,1.0871385581365838,1.0999718203713265,16.602247604365925,14.71158230151283
22.09933860331154,101.74751471840945,57.32657422836121,7.1701775989347585,12.975713238123314,28.1068029792564,9.681882150349844,3.6375541027238727,5.009268255658336,11.223297505639396,12.043753974757788,12.043837149737467,20.86808797062168,-3.389498414625528,1.6677458997656935,6.866483340093234,18.57203102322104,6.4922790656869385,1.9982984507758248,1.615893448832881,5.300194767385256,5.618888087757269,1.0457035300046371,1.0138550547849239,1.0864119324871415,1.0999952199403138,16.852059116281254,14.852366724843172
18.975352877632616,86.27814180443977,41.757080141791086,8.12959888757845,12.034337405958865,31.299617914883683,8.696165280712805,2.9402394100820066,7.1032537862166505,13.541747205666086,14.345554281670106,13.15123045770133,16.665207312225203,-3.326776095403604,1.539536141733084,6.681662082299732,14.902087555726775,6.710626651646188,1.8221466075737942,1.589420201166945,6.239592657450346,5.90309622735348,1.0464359742157783,1.018269919304473,1.0874317790118915,1.0999656734233552,13.413532625741736,11.799337597695112
18.333883539604496,106.76758248867681,49.40644671907321,6.524342675587985,10.291228947726681,29.291864714283925,9.688237720478723,3.139649823734833,6.185104309740919,14.497226788045653,14.594494875051137,14.544171882490492,21.807889181587072,-3.854278299519095,1.9026724546616958,6.226755277216343,13.302326192064301,5.523150372025092,1.8727898841882067,1.6826881007677832,5.745354108201682,4.249766626481293,1.0465049890692795,1.0143243303749865,1.0937778864646943,1.0999999863632786,17.146411374722565,15.035351358090953
18.839918489118922,107.4689360315437,54.834460838854675,8.128651555096589,11.935696515809392,30.652649110728127,7.930533188527159,3.3995509803638644,6.577982949570643,13.701162268818027,12.030738790968392,15.004068578138096,21.62060199954829,-3.5264502220111913,1.6745337185064295,8.769718151184563,13.917513120434648,5.807028395448346,1.768494978609332,1.5425312033814607,6.578565572631586,4.761292293394915,1.0461222506722387,1.013613715439005,1.0910315595472035,1.0999623882656868,17.924108891317125,15.727170370275914
17.912597732531946,77.84076612475093,39.05727687675052,7.323802082497073,12.178460124088652,26.003925050780083,9.52728667355358,3.7619238609451857,5.502693182598059,14.043011342727397,16.00181530656001,12.530397203834799,17.759046139328724,-4.085876420455951,1.9058221358899567,7.280524228106934,15.881121039333205,5.7170992136285825,1.494877243280435,1.6340244989896897,5.402577938344051,4.242844244662526,1.0469876258551396,1.0209953344685396,1.0871231271764492,1.099999980802525,11.541923011155745,10.108789238309646
21.407108512898798,75.48750861410747,45.92213388751195,6.40143521449641,9.068831311231015,33.32880554568513,10.498495691817485,3.0907445077027496,6.195887763755597,12.30097404850732,14.861721534486206,12.378087110142333,17.24478801861169,-4.212613984231064,1.3609542139649629,6.159218346514102,18.377364875367533,6.184957672431977,1.7989388093854066,1.5793854531024267,5.793994400420109,4.8740481521973456,1.046248979886547,1.0202607635139989,1.0850740825223704,1.0999619380899655,12.382550932018233,10.876738454809765
20.770305127814634,94.18834191674902,48.345210072574616,8.183383034814206,12.146208080088421,28.056023145653704,8.688745881876558,3.323176037630712,6.189147287646733,13.248109104736654,17.221994920291714,13.69751523593568,22.029788516533785,-4.226253706832703,1.901434975055241,7.907210334765806,19.677972917402684,5.0069541457498685,1.477783930197171,1.65064011853047,6.921704237455478,4.835210494604794,1.046023394532304,1.015988949066653,1.0869259861584464,1.0999947050778383,15.520956914534139,13.611014313351472
19.20053638383489,95.01168180561162,50.645029701948346,7.038143234368302,12.16216672607668,35.106351183139566,10.42906723815822,3.2082195229170734,5.67720578687282,12.80632261202778,14.271534559226128,10.669623055901859,20.990917575558598,-3.6899292512326927,1.8430847850914895,8.780821869360327,13.442223893803051,6.933327122233438,1.951216366680133,1.6130510246354959,5.543704051424323,5.037036265219426,1.046152636110527,1.015782681477556,1.0905057731942218,1.099967389995248,16.11943738099384,14.242869853684542
20.1777426041329,98.82287682008594,40.017782885624406,7.968212712851902,10.193544928620229,23.80809098281769,9.18974075818636,3.6098268581937747,5.920828371496148,11.190345655771711,17.244323998712982,13.266068500717676,16.07942107672417,-3.91705169948687,1.5982427622070219,6.181205606378781,17.30954843192357,6.5153172454980295,1.9792857990589041,1.4099004250650775,6.64051866856577,4.685084331318702,1.0465193658262149,1.0161511111790305,1.0871215103131011,1.0999689195364801,14.16119508531123,12.467352526935414
25.575692723574047,78.0634632920249,47.53631012449939,7.89525810661975,10.069472441166228,32.702286226898686,9.456824447318581,2.825353212203138,6.364419361298815,13.45398246585961,13.088334042152907,15.218400993462408,22.018432680689873,-3.576312004245339,1.6262853893111147,6.949506419730873,18.42929179086356,6.798368925015775,1.698356596978356,1.7955739194519216,5.796305499094635,4.793157122623154,1.0455234576247572,1.0188794213030992,1.0842343970437733,1.0999691990741904,13.176172716732914,11.494563679149055
25.50550167621732,94.5920486709331,47.17688876492272,8.124200581965523,10.130329220561913,27.43255587530213,10.555365010459042,3.7499417836117193,6.896994640561253,12.26400351445132,15.160989531982038,15.094693036306648,17.622149632614455,-3.3703433030545855,1.6069670452637852,7.163463266174629,14.339592825703779,6.701439207871814,2.15332121559872,1.6438925956415986,6.437250102626414,5.718076739092599,1.0456028545028002,1.0157958203099602,1.0889589077871527,1.0999691117371901,15.304258352860924,13.468378623476738
23.44452381226946,77.02379993053005,41.253966510425556,6.295807141100215,9.004260637756413,27.21075762333539,8.612481457733615,3.137441625270296,5.037635341330623,13.66126069051806,13.548983146944565,14.203868746706895,15.26119992435214,-4.434342200008672,1.8910423545254127,8.148405189460709,18.151396593343442,6.805864562918341,1.5905313254162514,1.916521963653489,6.434476391838216,5.453141416655587,1.046390071629406,1.0205799379641478,1.0833383630088533,1.0999624518154358,11.190331610132487,9.766975916634882
20.49426622567914,95.9248956500834,50.742908111786384,7.965842298404335,12.11833118037956,24.572104521125247,8.480334358194108,3.4076000232336683,5.515935486814918,11.73218725945381,12.748007780280664,12.021227632663452,18.9501569242755,-3.218243246628791,1.8857331805379518,8.295729968582274,18.132855773951498,5.041036417973847,1.874736552968776,1.6190239659575472,6.9193277222251295,5.495343540160316,1.0455670904288803,1.0152526125216252,1.0825053641032583,1.0999995993210427,14.549764688580638,12.829576243307134
22.357613150656885,107.41862127259421,41.20540245885677,6.126258250260571,12.052245333697064,24.760075230799405,7.6155611039406335,3.8425530169943425,5.5401050196869335,14.194608564072022,17.387745279512778,11.76769062072032,16.850295599583383,-3.2862380986360407,1.363495911308625,6.186668086136528,13.861945395429476,5.642250646037237,1.6710228324172582,1.7321989211667188,6.6589606471330445,5.569546406284768,1.0463827359514193,1.014466082000708,1.0918310253448082,1.0999677006117063,16.05399780699671,14.199235221896645
21.96593138785786,79.22001893964638,51.810750468962496,7.182999323169696,9.343713764741038,33.54110360510898,8.41757946185702,3.1055483655162,7.006343037669977,15.671522889613827,13.940266189661697,11.962391209949377,19.605176809631896,-4.264168730344627,1.3204154892203928,7.780030971565415,19.60672521024298,5.248057841457492,2.0943555941497927,1.88810773808838,5.264436447052928,5.508403731770701,1.0458375906087662,1.0187294149835766,1.0845553383209685,1.099971673574933,13.862785920431644,12.218556803912579
19.432567072213782,103.15318857406676,53.48666985104235,6.8315053392803735,12.16709555525289,33.18283355859626,8.490883939584883,3.0347838863856182,5.104393544254733,13.907061199493686,17.74946479112165,14.340587625712857,18.5123812559026,-3.9571286084537354,1.4588978466635643,6.489197602080191,16.481018890662295,5.71532363350787,1.8157895660187076,1.8897949347609222,6.041037096335872,5.211543673244748,1.0458748570206948,1.0140146231769682,1.0902509071989441,1.0999652107560727,18.024137422469632,15.867113518395886
18.471254941634147,112.90770047754259,53.016795333766865,8.746698166045775,10.816065845002854,29.525111530270376,9.079501712984197,3.071732355005447,6.562353541437775,15.676074307534265,12.895686676104978,10.598496829309715,20.8104636821066,-3.546194857409852,1.679272026635091,8.087275013976543,15.417487470183298,6.53113546602782,1.8359920671222363,1.8361596210891538,6.410841041936758,5.737151264074908,1.0464474756528712,1.0126102055373332,1.0897296265742724,1.0999927045297677,18.874181633422644,16.65236600477417
17.535000796783322,84.53531590463025,39.96095182132635,7.423932372255622,12.947021344836624,29.116975094749055,10.258966960489419,3.258049533227045,5.708550977644816,15.63603334376514,14.457870193209741,14.172008677996905,16.99849096390245,-4.600129294297111,1.6477300777795656,8.277970705735205,13.87438424663804,5.782981003926826,2.088747718368497,1.841304722587715,4.748608380783407,4.607396938257893,1.0467925303695298,1.0192776533762942,1.08899710378869,1.0999999699914118,12.941958589199722,11.377855208445583
21.208017656238415,81.85093820492611,52.19756770612823,6.640916466620083,10.51294583077709,31.426711514922257,8.935521640288128,3.8339994540888513,7.225347278983778,11.429352113662066,16.149023589732444,11.330148310611142,18.350023128297526,-3.1712658522404182,1.3669807246673276,6.959331867146699,15.550785747112222,6.727037702192061,1.9741052946718909,1.9021970996397064,6.029845903977757,4.483427464182636,1.0460584830746655,1.0185498640098585,1.0882019017659483,1.0999677150630072,13.959919330716177,12.328334076365607
20.20404565971986,87.41141758964133,44.48257154492137,8.12581108625992,11.338019517845064,28.1480053014224,7.73672316742338,2.830994828119004,5.41395661331397,11.38034558143088,16.60125238387935,10.731489625694538,20.704134603531955,-3.721627556050689,1.3269621694360167,8.438190148294757,17.128746986371116,5.186966709843489,2.0841704455195207,1.308965320877153,5.10822149101881,5.504093855611723,1.046011571510612,1.0175421667778375,1.083702574980178,1.0999995137407277,13.216551415994308,11.641725250348651
23.517400435089836,86.25975741953833,39.42591561674521,8.688557339563829,10.365365418553163,25.909418296153532,9.057822560499517,4.074318078995426,4.986253649937836,14.935342075366794,15.331940438514707,12.32128151208323,20.855011375198455,-4.626686102128946,1.4266919751441225,6.430942095216359,19.341534788278707,6.191971139700944,1.7553499355246154,1.646886124969141,6.369824260008886,5.546063797411435,1.0460242507313646,1.0180907960255925,1.0832895083357585,1.0999704185795205,12.943294411441338,11.357042615459438
25.34468148950861,91.44343628558707,43.85001659957083,8.024579371041119,10.822460988772296,30.61626175659794,8.711948874441422,3.014194101349444,6.025401274047859,14.530956238481577,16.68373149369919,12.666097486126457,16.45580796559905,-3.766912827053113,1.783228114458687,7.2385778118512185,17.904964469532036,5.816735741493169,1.6136806500787657,1.7895363251347676,4.835375213443994,5.049780565510301,1.045542596362419,1.0162622118016125,1.0873677436465066,1.0999694041284447,14.880854788883006,13.141722893419416
19.173174177232756,77.88703288343905,47.85609687703171,7.598668954042167,12.126916039507227,32.38805817801248,9.820049359294428,3.373382226083457,6.421323080832813,13.915504310277386,14.43250806645684,13.193840486464843,22.399083862967597,-3.420914240142949,1.8596941413027368,6.160366541949595,15.327704373667027,5.308496976778746,1.8909828776742523,1.363983969137466,6.687046459468229,5.657102816930082,1.0459118056503296,1.0191272278785495,1.0849647335119443,1.0999995211336846,13.285112781503125,11.631106149232757
23.01993131486821,92.63303318193002,56.07811952575654,8.60546952635049,11.196931863403975,31.88210558256087,9.240947827846865,3.62311913374357,5.687581609427429,13.295256864974442,12.385603727506878,11.975331353656129,20.488296716752355,-4.607017007589651,1.896361032168333,7.667168607374675,17.30797175201563,5.070873150362244,1.9406218378273419,1.3252216273116073,5.300470791054711,5.336726694570885,1.0449306386572679,1.0150382943153033,1.0845475871213917,1.0999995735202295,15.993659185380164,14.149252977208583
20.053491941797486,77.23823021663264,54.145362226790425,7.023403221689072,9.242711407366878,24.48250034113381,8.106331675639513,3.049222326110137,6.769292287383568,12.537093852001986,16.715986878837402,11.043137668941615,18.945881764535038,-4.193337928342881,1.6972741464741472,7.803388229790805,19.420815436822966,5.170178342679647,1.7954778272127159,1.8457552320463415,4.820713536180764,4.1117765365061505,1.0464385765402098,1.0201257043526577,1.085291049545143,1.0999641250875134,12.556709280932129,11.065905424115732
19.385063856005967,99.21223955219254,43.20889845772031,6.658329246778749,11.015434372805148,30.840457211479055,8.094807745260265,3.2209676614132388,6.377084703740093,15.906987478743043,15.941460695531005,14.137153049409562,17.98775672014156,-3.5447168006397667,1.5707313556496785,8.421398486135022,16.309829621489293,6.604402948392477,2.1519158261004914,1.3260970660674154,4.745351562114193,4.299179405826724,1.0463004715133652,1.015460719275738,1.0892228711261218,1.0999719166069666,15.657897252714235,13.767564558614366
20.696328785374124,80.2976704405999,54.88710481207062,6.1503646031222745,10.374751369184484,25.779396628031623,10.553541588567116,3.737273406846039,7.1053538257413535,16.050575035676125,14.882705532317122,11.350341068883973,16.67233877509408,-3.4677534242299113,1.7334997168780817,6.121337184369003,13.621037524937229,6.050891626328907,1.9022811456509328,1.7057682715663747,5.502762770645532,5.611889777428306,1.046259450668566,1.0192557046417874,1.0898716602525649,1.0999610304107381,13.83815560987581,12.250719159550751
21.991861421467043,79.33394493875494,53.48053875112763,8.977326070262192,9.228962682250566,28.217945796666843,8.955057761405092,3.005059064109644,6.99720983259022,12.334408082406238,16.586730898031433,13.568651968703845,19.745148250749377,-3.419742843966625,1.4212502531525797,6.142045214239708,14.87833053375425,5.441429173948393,2.0398646187809466,1.5144913066974754,6.390722536016206,4.878884562590975,1.0456715476156355,1.0188159854703664,1.0861364457598945,1.0999994821835541,13.62563409091669,11.988097060053933
24.17265694810695,112.14591390446766,42.82577059006093,8.701518500370183,11.74577190664987,33.244072286746125,9.545709248164098,3.39352931018381,5.436502852237968,11.178190216788291,15.111689452185875,15.190856560196476,20.80911771810797,-3.630659044582466,1.8094110720555105,8.30695200052922,15.150061667866954,4.673193376322625,1.5250770997444438,1.8414759617997172,6.580826241907301,4.590418001756725,1.0456918265501154,1.0127003876623917,1.0924470755943647,1.0999649518149115,18.110134295934092,15.869329829591262
19.83549630014877,105.23515271402113,56.16954042440046,8.448577260664702,11.67299247309781,26.463521933915295,9.092692490742937,3.1269166020305708,6.851547865036127,12.889589829395781,16.888835413284397,12.098574827352245,21.463535479519173,-3.6399757916577773,1.561684930955309,7.846465258027973,13.746709757158662,6.839840383411877,1.8529961660091383,1.6050048094021137,6.587394012998196,5.731525459793655,1.0462813373268793,1.014005615913505,1.0909879657704833,1.0999935541545613,18.007975725501627,15.877248337562506
21.893220311311858,110.29924443590424,39.477786087382306,6.424206408443701,11.63361127046469,27.777977169164288,8.871210598281117,3.259310905056033,5.867529759925643,15.242290274590015,15.457118151131658,15.22651031036017,21.18028190343932,-3.54691935639885,1.4491808753450857,7.007694810351022,18.879242951501016,4.703307349509313,1.6057305207873056,1.859147789020331,6.124559731713145,4.453694191002112,1.0461306374678467,1.0134571149546654,1.0891600774900123,1.0999738097158434,16.82409734165801,14.700420285709797
19.262178324258798,107.86345007429534,55.32864355825712,6.858638516524831,10.843886404182864,33.44822971581414,9.975626778995588,3.939482549192518,6.144891585522643,15.722364860847936,13.862671201968435,10.955894442485391,20.586365727492975,-3.9613928889707584,1.826934892038068,6.243477747374145,18.882117558828764,5.320443595444467,1.9114960803610916,1.305682425010084,6.054228607424354,5.434543378374672,1.0460673471249384,1.0128956580016366,1.0899653459266208,1.0999919721058673,19.052087142624025,16.798503161365456
20.560751861908784,83.47667537427745,48.519498536659775,8.612900045484364,10.409492165168995,26.579137710751098,8.204167111095675,4.12878501408333,5.756635674465525,10.81946289539675,16.578819999439336,13.712315960303782,16.177118810982567,-4.656450628650463,1.6691598625952713,7.502338472821805,15.817935937015998,6.724920792907639,1.6156537066213656,1.4628920961407372,4.923993071512836,5.518238191168519,1.04638526861441,1.0189212174898046,1.086748984702999,1.0999608550059154,13.098503112453862,11.539491147985615
22.529367753922806,98.3096132575095,42.41715464109214,8.059551902946334,12.38925384366595,27.823084662563133,10.084849718262163,3.288306823944829,6.729857846082661,10.982142580271683,15.20494102478297,15.085194928050624,22.65745896518617,-3.559534022213115,1.5624954182914275,6.1889337239599,19.078986282494544,5.959087395285296,1.7172724888371724,1.3521731574330582,6.836500102352782,5.060438095641987,1.045842156803663,1.01516163511962,1.0855619566695072,1.0999742955119878,15.224043459186255,13.284599853176015
19.815814424439605,88.55610610335528,43.41573009923146,7.9095018189252215,13.126236819496683,33.70898687925346,8.857371151533519,3.957099107221411,5.912377374314244,12.162458560096645,17.78115408698791,11.703748845291774,17.6603041555005,-4.663920873746974,1.3657135956260191,8.281601964029086,19.493796716325306,5.827364386718971,1.4418156684260306,1.5200377242323881,4.898840062332799,4.832375321867391,1.0460597416542055,1.0170854730334735,1.0855414088043263,1.0999724982456522,14.6480515497309,12.937482944307924
24.21743229105503,91.8906511619416,46.49840832013403,7.772640009833293,11.565973819669606,33.70429644382786,8.310079581224226,3.9503397701152223,6.260878346808595,12.422859568472592,13.67895122227622,11.99457858689708,19.932468643911815,-3.480066300921521,1.8690134794702513,7.7247377525337,19.388904759253485,4.747658111903639,1.686680186732261,1.294596902840079,5.27162421102729,5.724012944537176,1.0454732247713407,1.015808054267529,1.0859428344763813,1.0999728531380244,15.04995918966578,13.259254954952011
17.6777723335103,91.79402272482527,40.48788238744812,7.347195604151517,12.71805509750441,30.95223819414973,9.852322843193123,3.2887457616294133,7.184330375824745,14.630015306409298,14.433920962935805,12.326441185153438,22.181999752369062,-4.0191913217592115,1.7320826943379466,7.251105673539512,14.765319958037704,6.31865755742705,1.8776331159417992,1.600859443471859,6.0877285807871555,4.416571172128467,1.0461053826131832,1.0166133580372074,1.0858925879078727,1.0999995336514572,14.285295649451967,12.545916810003865
24.251387972697383,111.08677449316512,55.27789211648647,7.057164665733332,10.778905864303699,33.13914713761122,9.342421670968573,3.567080221147309,7.141006400781606,13.694534789276075,14.989034530340366,10.373454443633106,15.727568885285049,-3.1315756802938144,1.8644763045015253,7.2251599800531014,16.39124753752586,6.601297718414512,1.8786573434705602,1.670081021689972,5.327959876103165,5.667816747849038,1.045136809073704,1.0117097660916083,1.0892572498606294,1.099961121113733,19.726404022044555,17.49845586648993
18.799404192022806,77.36267663307669,41.90345619575434,6.8939211450746765,10.224753539186846,31.51206046370146,7.984168514383117,3.747321626292978,5.102362502690471,11.59489328992871,14.95257583300633,14.843230677089345,21.732713674964465,-4.631255370210773,1.6963066017780293,8.027444599248275,17.43015271290511,6.084939901031017,1.545926648448661,1.6279929319449142,5.5356776056080035,4.885074431554587,1.0468260112837797,1.0207575829340592,1.0856059654445374,1.0999629936227608,11.67397566468536,10.14613800843093
21.90485297415418,80.19796775350885,45.11340547125253,6.272886665064875,13.348913224292348,24.99863074007749,8.130689058761837,4.047810097384756,6.057812512823506,11.532440888211404,14.21001400671452,10.748609410492241,16.721641577842217,-3.2011665612417586,1.560465596511424,8.41990836517578,17.17083534656731,6.0467211087243,1.584420501659933,1.5000920596815146,6.60096168091073,4.17571236865303,1.0463297189142162,1.0196555662837699,1.0852104436858097,1.0999623745273857,11.969483971972462,10.549123868758349
24.80683807384287,93.58544018965713,54.24625888693624,7.046739514958976,10.478016423091933,32.46893744621308,10.025986224211993,3.1215025491862054,7.253806032565448,11.256246562922078,12.3282776600887,13.185161413653402,20.692829835064323,-4.618982361590959,1.5391652997112715,6.0758742269688994,17.28323169392414,5.312094767789151,1.7517219272606896,1.5926204686399588,4.789669256912239,4.971963569128206,1.045499534686353,1.0155746251598472,1.0882403729044887,1.0999655336964875,15.833328500310609,13.974880461086762
21.06045470786145,102.20866791599884,50.58513222238003,6.643055783177705,9.883502353582578,26.561872909537605,7.844221585069839,3.7200984795358543,7.3064096372486595,14.321385038786056,15.535822015300097,12.242433901423448,17.57560996733418,-4.541275060774107,1.9001611994509782,7.490328526763183,15.206931290163542,6.42668352179386,1.5353688894241526,1.7699764720919562,6.539960228402306,4.249807889254335,1.0462447512933444,1.014935179287552,1.0904927651608138,1.099968146538983,16.29400305453013,14.42462774166694
25.83915754915417,112.49410310183787,56.15007644473895,7.587945820595043,10.06241215740019,30.46770951440657,8.71176181849717,3.088328102604076,5.913770439467548,14.385005112658988,12.342643332284508,11.853763447345763,15.335241164097473,-4.289212988520213,1.6900424112746883,6.188016404105898,19.685857395757065,4.692482012534874,1.864771665462784,1.7768751755513958,6.467919446263758,4.068570271186408,1.045211794921977,1.0117643724313812,1.0893109300573136,1.0999736454857607,19.119198336618044,16.966892412600515
25.227683351319012,109.96725899821396,48.9737839347116,7.545532924616924,9.161006234520446,30.23105888161645,8.67376469437283,3.8819289703721185,5.865475903202054,14.491336499953432,12.524392551575684,10.835397535491111,16.261797448933603,-3.1910197796875996,1.6264504699326743,8.381903178130907,17.333130392525945,5.973895334482627,1.9300492284499704,1.4973730067660895,5.479733446223891,4.628540196441845,1.045598773935571,1.0126188842869024,1.0894113564258514,1.0999738463384392,17.640366309418962,15.642489466322527
23.54110553716903,81.45060784807478,38.489043359583114,7.892437198036377,13.18186851400924,30.791013420556396,10.018517950587222,3.7419069932524422,6.093745434596159,14.679318969632767,16.83166057817712,11.301636752392225,17.754591651671905,-3.4690121427051226,1.5693906915778824,8.655193652750002,15.572175149546608,5.508763182782884,2.059464408963791,1.6098395716765923,5.882241679182048,5.7216024066644255,1.045957093259931,1.0189049362305211,1.087340605423085,1.0999666534659853,13.245648855137965,11.678832926904107
21.617772077381108,101.0410879048356,39.87752601151204,6.623040407905731,10.77160537920878,29.439101000274523,10.676641324450426,4.158912286266906,6.956920893448178,12.504233710542103,17.66560861336134,13.661851592555157,18.186344971412243,-4.214612870496236,1.2905745470633772,6.438464046822641,18.789113124734286,6.137730837545756,1.7022201849301566,1.6004266497425403,6.739929787178179,5.263156218958173,1.0460343458300265,1.0148567751494577,1.0869421308859772,1.0999755906832822,15.850709662297369,13.93614480220529
20.815935784549985,79.89390845073913,43.856438847080724,9.054154307701614,10.919386521575962,29.16770567336936,8.994952916629256,4.037745632127495,6.353585013900155,14.545855996840379,14.24090471359266,10.30776510243199,22.275394148245617,-4.600639182229593,1.8874579541427527,8.83106125994015,18.693206488701886,6.228262836269878,2.0480471411524457,1.664349592960663,4.951737504229495,4.782436330082842,1.045855003276553,1.018756551319257,1.0811982036664363,1.099999543917666,12.770018921191422,11.234347101637217
25.79083983592509,88.59087281628433,54.83286971054378,6.363362871155604,10.457143613842103,27.74124923178308,7.385769155192328,2.9667320622614572,5.351323115137121,15.324204190374608,12.297875860041247,11.677400578829486,15.277330019678434,-4.205179282828719,1.6769939776277631,7.934946786159425,15.76590169050507,5.12318134534076,1.958630553565944,1.7991154385540449,4.961555475587828,4.973658855874843,1.04559935866654,1.0170245901184511,1.088206743460708,1.099999987689416,14.349627335670624,12.750174819974566
19.518852119576525,81.69426653024712,52.28029999402438,7.715814683837425,9.928510289056431,27.25800013229623,10.679953216779873,3.9881513905919794,7.027070052610433,13.284065324235822,15.637891292968414,12.07398012023841,15.79061101523557,-3.7456681246245807,1.6601476820525727,6.861432812304394,18.910391816190042,4.990552369285069,1.7043329443945823,1.3599384994074901,5.579210550845723,4.079322609948541,1.046220315673548,1.0187196357496635,1.0866558619636066,1.099964165064218,13.746297563176748,12.144019204615574
19.725728749135083,90.4597044126836,47.38252174585034,7.7328369297644315,10.191960261458837,29.77188774845549,9.032416637623415,3.242649271226692,6.905688806801806,13.746462083605252,13.900327523729407,14.972479641370342,21.622854339340822,-4.652836986020809,1.7230296797730693,7.13466871651814,15.144914826748643,6.178897397324795,2.1461879393966186,1.6810976512664633,6.685346663096425,4.658206862095538,1.0458293213897822,1.0167608411331976,1.085529062132156,1.099999518201435,14.382967576220544,12.608027143724563
20.89235883187654,109.50845102772684,52.71129134143349,9.063487373918433,12.430943659600443,28.892485345175135,9.111844871360507,4.060721689448391,6.226018036079236,12.179145820488005,14.516294084108898,12.782885223353517,15.935070734988585,-4.280269771834509,1.349986517347183,7.214753140106417,18.622693011828286,5.724763238942849,2.046251174197326,1.4988040461159136,6.861716202076369,4.4189368636104716,1.045740687113569,1.0127173988921567,1.0876579650337705,1.0999705812390594,18.307734096851284,16.21160305764362
17.692132778507133,108.23303213987897,52.6221159289718,6.785230864684813,13.371642399972298,29.526905525368626,10.623835584518988,3.5070402799417995,6.031373991721949,13.225348100580112,13.915856645752385,12.87120360565688,18.639415430809116,-3.1773251275327445,1.4466785493910417,6.639368400316675,19.039772399411884,6.029378347166272,1.989851832323804,1.8923686641595396,6.134171112261271,5.965219982809488,1.0462187956031959,1.0130400520809624,1.0875119474167037,1.0999926340792685,18.09397944433418,15.922020882212784
20.066111968340483,82.37854742954985,45.95128505842447,7.5112302214048565,12.971219711979579,30.207297180632782,8.251851597904862,3.839687996014529,6.114229926619332,11.67551250448592,15.357845934043866,14.789884246981,21.603931892816234,-4.035423557311116,1.5213332312863925,6.260936253192634,16.398468850921983,6.384824295068624,1.6993970782077676,1.4306859683530653,6.800800948708612,5.643111400915984,1.045803714107722,1.0182902832023768,1.08301064815324,1.0999995376313019,13.258451552114073,11.58807685325813
22.900232376566855,80.51399639892517,41.01065702856603,6.3937875580255685,11.72100906767949,24.963640998385365,10.233457915905479,4.190151002547051,5.7738895706891435,13.249817173622327,16.161536374834647,14.920737272134888,21.995112679028527,-3.209843252849764,1.3882059536363298,8.263791595673377,17.854250237335453,4.949067138173086,1.8014864990411286,1.7797213638945892,5.1475711828494495,5.742575271469333,1.0458001055899553,1.01895290911284,1.0826205768782104,1.099999539578179,12.33322100172038,10.728415888238988
17.819795005440792,104.83311080536502,50.01445736398232,7.038206013829221,12.18977781657176,32.83191638278368,10.56203629669429,3.314884541015969,6.553880835791089,14.05412789544733,15.050228173964246,14.683315688707589,15.224071587451844,-3.560094105521612,1.6244974333086912,6.534879784909657,19.308233783985514,6.142420672862195,1.7840757561350329,1.801409125802659,5.68605596419904,5.117306023860019,1.045739729575032,1.0134447875542902,1.0871727176776986,1.0999670295800907,17.808504764389966,15.681938119107617
17.383878641408035,89.13959597775037,40.89367383135054,8.176653589213364,11.106040776211287,27.160739175552724,8.884196421738272,3.093481843131885,7.137211383266182,11.09145221577493,17.077885530364878,12.757702646765422,19.90399337065501,-3.5920647686175777,1.8986864747483658,6.84555287555847,17.190149901011623,6.944726755848539,2.074387965396081,1.623251088183108,6.937668893283932,5.402739723465229,1.0466858736852678,1.017966769658048,1.0857262011448616,1.0999735084925952,13.278353777348704,11.624178811176975
19.171519612110906,90.64286520922118,44.63551254630085,7.125801673144415,12.3668448483322,30.494302541818964,7.337133761722303,4.028427877111366,5.604182582771601,16.18420433533098,17.606976752795322,14.93789604074438,21.3645697908862,-3.4641567974263268,1.6208849561784207,6.672907880474924,15.004245025110624,6.057408105092163,1.4694001526542058,1.9004534827652528,6.771321760380878,4.76153514431544,1.0463627898340455,1.0172468303086732,1.089965531016208,1.0999690879348551,14.931926933788839,13.06850752125153
21.833866848700005,92.92337971800916,55.10765976716602,8.173349704000978,10.205938388461115,28.8727268026905,8.74427751247235,4.143069235597486,5.30775862165572,11.283712221389917,17.168488239683672,14.715164826689822,21.82521706813245,-3.9171239883758675,1.7022364340924547,7.690089142682951,13.741133565001224,6.0223369608096755,1.4498021860243926,1.487991942116535,6.802918776025748,4.608090539271616,1.0460326601103849,1.0163949084372133,1.091572713130996,1.099963092515543,15.816599537737023,13.895928238749383
25.51769525815207,84.78504750538353,44.254430037624495,7.990358789173202,12.37208883809604,29.51637566245763,10.37561647389896,2.856336590254867,7.130155406267863,11.860062119435204,17.19006292070455,12.196384951790812,21.528953624619884,-4.167798257693764,1.3926026447860878,8.754142709644345,14.910235472843375,5.206405075372397,2.026208805578914,1.3477588835664136,5.155123302779468,5.007355146842125,1.0453214570850307,1.0174601457284185,1.0858127518255394,1.0999994758702363,14.037053423591113,12.375113612969432
24.5685406089999,80.91719616810025,48.711416643876056,8.242171399080934,12.81546660672746,34.63967361038619,10.024703692088158,3.7139597575108025,5.938033008163148,11.405394832617466,16.150033667452107,15.203105506735472,20.79938051996396,-3.146069306230853,1.5976063859467768,7.843939897448712,17.859436695322877,6.309763938593644,1.8418380776758974,1.4229506129499139,6.825905534625588,5.393332935327324,1.0454298755929385,1.0179017029011328,1.0860316664205685,1.099994422874878,14.536586898577983,12.718105364107963
19.415771520026475,87.50508663994388,55.867257062452666,8.7779549675903,10.77505604384424,24.05202521949912,7.374590528018178,3.1974856072857447,6.415058215187159,13.954651030806634,15.697613610185897,13.803797497415102,15.344645127304812,-3.283933528469011,1.5100694091694162,6.464579992564746,13.780125082495841,6.127037398713809,2.027042263793591,1.7616810607579407,6.535532286373296,5.331713088115755,1.0463759767112486,1.0179109958434087,1.0894610072122497,1.0999601185618568,14.351243764576207,12.683099676178454
23.742797393347274,85.6006242121688,57.226313653753216,6.636823589661416,9.920932557264432,27.009277615426992,10.711196748383683,4.183604025095468,6.819540749283854,14.196911032222022,15.019572948100297,15.090753896089174,20.48673330172268,-4.593779000188607,1.4825925116656793,7.001324376808697,18.955371304946414,4.987663415757884,2.1210680601331746,1.604783586984581,6.789280198314179,4.673585577451626,1.0455918294168005,1.017205964929397,1.086131642733288,1.0999701136684952,15.174553544511106,13.340513022337305
23.574523287929967,93.55473459593095,50.22448541029344,7.613292379143021,13.292677965823698,31.76684369420422,8.104748287054736,4.073547690667118,5.597432561098454,12.806667536224625,12.528657240200472,14.73182992056465,17.37445137653176,-3.5239114839729564,1.8689680627167704,8.4165805872151,14.216764038888648,6.424832849056539,2.097383830598729,1.3302471796548763,6.554498788178609,5.094840103746112,1.0456637863915472,1.0158345498094679,1.088733453245511,1.0999656837236744,15.424902134558698,13.6015275700912
23.16863386060799,93.93075148993802,51.581994983388924,6.183657499466929,12.376926120040311,23.99345563473571,8.839079451890436,3.0113509903824127,6.889521236737189,12.49376890954861,14.626397525841822,12.338053765795422,21.07101493920377,-3.8705852012817217,1.7849333344066214,6.220524830408026,14.55218394687589,5.919559459179556,2.12190359382194,1.3278450219019395,4.7399553814839255,4.313101349855711,1.0455321558481543,1.0158262001664884,1.0867757410124903,1.0999771550695492,14.764799510153285,13.029712219335728
22.925209158506156,90.39405310013493,54.024561494466155,6.298676780503352,9.839935108929861,27.14031158448577,9.456228312079627,3.759241766422166,5.183056037271608,15.896545428555394,13.952623045733647,13.782897316041439,19.18397866400251,-3.4675026571334864,1.8215861267938633,8.45471408457579,15.909917110006823,6.005569598809745,1.6256345010738766,1.721505042397633,5.356942205279401,5.688157468764469,1.0458277012360113,1.016633379521063,1.0883404820368217,1.0999693488995421,15.017355359329848,13.222578036104816
19.24690270512674,75.91779297179973,43.3738737624266,6.66079955883684,11.237123249967661,26.0036988415476,9.94748353459018,3.137918893205606,6.605002358986879,13.923742984274112,17.79804914457243,15.239496963206896,21.808398233211705,-4.305574056106051,1.5273321049603672,8.25983018139391,19.632325566207818,4.69423597491743,1.827298584142372,1.4195189148085983,5.934273052815733,4.932894179517782,1.046665264803502,1.020793707684225,1.0847269105444926,1.0999708550140137,12.164122721253715,10.571502932055743
22.35767128787383,96.12025650305753,56.5972465889029,7.758645771161596,12.751119754799404,27.37387938424999,8.777162479647776,3.4585788664627337,5.560096425738327,12.850867411980959,15.487137953621982,13.107353837587024,20.036908618758453,-3.66883594805542,1.4821321568979566,7.834853648262489,14.162202009558767,5.227033180994565,1.4703319706061566,1.3264709456614914,5.2046492078846125,4.039058560593839,1.0452034552695482,1.014899049462276,1.0883463058637686,1.0999994946847744,16.360614978385474,14.465500364051094
19.490163939319164,100.03950785297714,39.408367340325995,7.407679500495708,13.050727365399581,32.937160981319735,8.299575008261487,4.094727670868306,5.684337452064448,11.191583680222838,17.84457350233796,14.579714438120991,18.741089153088303,-4.159547377740149,1.709585969828269,6.583446692191381,14.60832292414012,5.729427231776236,2.0963326608991424,1.2863960159094854,6.455413075402514,4.1150535674293085,1.0464315563237543,1.0156275272482738,1.0914522106327755,1.099966394332805,15.600031448504854,13.7076009104984
21.510967957185464,99.3950483502086,51.370837186616725,6.257776961392371,10.835344205880176,30.48927967392743,7.437763934301626,2.989132379233434,6.499303534389853,13.616846261589519,12.884498821159013,12.879015831526846,22.13646203817756,-3.1443166322495677,1.691285615030947,6.220951303816026,13.322824301285616,4.989518413692671,1.744492774934822,1.79350015934845,5.2937423521225755,5.251346424777516,1.0461327841282866,1.0153426672740622,1.0923861776572086,1.09999998864418,15.855018477402242,13.949682844385904
20.928839617452063,84.18962192127918,48.072404825088256,8.504292050732774,12.689565817851527,33.5889304761514,8.418808125197925,3.910838490602054,5.397715430465735,14.78749554671157,17.572371180584796,10.229818680230062,18.546765876958865,-4.130522741925847,1.7291364931120339,6.528263274807607,19.735296947584256,6.067415653692658,1.5583252328843529,1.2931344074960098,6.4571729411922805,4.159409478890918,1.0457928718861647,1.0175132016412212,1.0854779752167303,1.099972490664337,14.836071474249172,13.125174758930697
18.584321994889653,97.01959541192242,49.77902522595672,8.16813684052089,10.722942776733019,32.73200429380851,10.707690958617198,3.179532920311836,6.595389824352587,15.813730722933848,16.010269105197576,13.620036253112838,16.90067152504757,-3.954803112498721,1.6400146199069312,8.10038868736786,19.898894427310655,4.718053668301528,1.4869675161125908,1.3298880444357881,6.363711592014379,4.272707590221515,1.0461262221088103,1.0152006292809366,1.0886947162288576,1.0999940343646348,16.834417170421336,14.845990452370764
22.762882270576196,87.59352331902552,46.98395756274879,6.735616005844938,12.840157394644349,30.51657382512371,10.60042774889611,3.604434749586061,5.18233559465655,11.722700342727768,17.814880899152367,13.845871202440806,15.574518500221084,-4.217898367854076,1.5437907499581516,6.9216251604695715,14.302963670370751,6.588577174571232,1.4859657928721526,1.46549469592297,5.350808313675634,4.321810567927001,1.0459787644197445,1.0175528674092191,1.0901990339040022,1.0999592127944242,14.587246786872239,12.885918168974854
21.771044786930034,75.80095497823444,43.99465185464702,8.918233509860514,10.351172470652186,27.85342076785967,8.903394173642658,3.5863707247920646,6.8532490933626145,11.827734605042496,17.11560840806764,14.008350734290957,20.692142543427817,-3.255415134994831,1.2938500415837344,7.782038102724251,19.01120951115379,5.995904196806276,1.5935291031207823,1.3379327346874967,6.263063770537145,5.443540554635619,1.0462124176337513,1.0202302547676048,1.083770949635192,1.0999706786131094,12.272424349388633,10.701018793227746
18.857575161964103,76.42221108790949,46.046380772827526,7.851464854484387,12.122890794861014,33.15735110800425,9.397934738304237,2.9552328520378794,6.545499280027491,16.114553871632364,17.317284124200526,14.588078059089122,17.49649316552339,-4.291229555268241,1.824706205417693,8.034978613893788,14.943730063611392,6.852894814749903,1.7645899762502466,1.363075557546163,4.894684716533149,5.295037974598092,1.0464150887900912,1.0201321379301422,1.0882038386288653,1.0999649270976688,13.558913116820403,11.90175654686313
21.159319730897295,78.92015241674336,52.39577061962452,8.509948508466202,12.209862025923302,25.986678356671355,9.68319164158585,2.8150119240521394,5.624473620815318,12.953636269600736,16.89807181535759,12.143203415192573,15.285647791039429,-3.6696604024516946,1.5993114229499439,8.847014360018319,19.52846777716258,5.059627768673675,1.5733055100524052,1.3845641321373126,6.47029888320072,4.012044080736813,1.0460464041494153,1.0191611992332696,1.0849789115842017,1.0999649007459986,13.357250118208642,11.797964222481857
18.463898080305494,95.63031892034965,42.973386718874956,6.360763633047357,10.572253495255577,26.835649739710888,9.039975503451425,4.1709270313622735,5.183303313828401,12.81272420610411,17.47463070651995,14.61451506094862,18.19645986436053,-4.210367092650789,1.3362284886920612,8.137623166630846,19.739775323778684,5.886972514575324,1.7989129634647782,1.3998839166092227,6.110388621464917,5.18087456155783,1.0464786364844723,1.0163780208507878,1.085282122770618,1.099974738036378,14.436878153699189,12.651695401542142
23.018778956249516,76.34281824228033,48.73159309723428,7.888601924232013,9.889735006649353,26.058327718364726,8.19438540663942,3.7964102284181322,6.359289195018986,15.367118289036142,13.682125088184867,14.793305744232654,20.85216683107352,-3.736218205221367,1.340967722000292,6.770950987462448,19.632940962306606,5.360043032051064,1.6775286913073264,1.401336915902539,6.511893394641935,4.551288460484555,1.046053521254766,1.0199886376806493,1.0835894449836632,1.0999667478537019,12.398921254830636,10.827385820103004
20.226641595841667,90.9726367257037,46.532884709290535,7.330476002861666,11.216771755278785,33.21125197947356,10.14942614667128,3.9176383872686857,5.1267446074442296,15.118265537683998,12.636700569979999,10.79359675186547,22.403757064425697,-4.398260637740644,1.6335426987955257,8.624910613433586,19.84938122654437,6.056689594585723,1.8812868746266929,1.762833298662354,5.178562369487572,4.3342497230375985,1.045939763636025,1.0163784450942268,1.0848851706874156,1.099970969896181,14.812039291760549,13.042131640301319
23.95316091013083,88.35601267537778,40.82254521256946,7.037228286789959,10.566693168078096,34.98968638216714,9.712654959916524,3.5431988443596274,7.244050458385556,15.676954598560574,14.971525105420394,14.760852547715062,18.27271540127619,-3.4794562379563345,1.4289140331661345,7.98694657332638,16.60710692949632,6.1687659650526365,1.9339746942687626,1.2942866386545395,4.7653718542471335,5.0653554531825,1.0456741598122028,1.0169584228430057,1.0879984178085569,1.0999707509647783,14.681244407502192,12.888438871141176
19.018187946957468,99.1938724085513,48.79779133294279,7.8607114894475085,10.315000101642928,31.15015337407918,10.186173491346084,4.197299755029132,6.925804302260202,13.810493302271716,13.072840366412542,13.621745050688688,22.326168770240635,-3.4505118019823917,1.4438371971370094,6.447025630234954,18.17183171367931,5.5832226879428895,1.4851408599981968,1.8399679945537792,5.9337988189099535,4.662188584000711,1.0461179768584334,1.0149653178562505,1.088239487900737,1.0999724290097905,16.24406342975824,14.240375999202623
20.345772232210322,86.29666597679336,46.948780896147305,7.104606733003961,11.41479944223633,32.72750357680127,9.628060620399745,3.212239649855764,6.1701280681570605,15.336681263526154,12.326509159066644,10.557750116293477,19.426892517178125,-4.117019600288092,1.4153043300965786,8.235660380074552,17.571188823550433,6.782031102308185,1.5616470253381465,1.760879529829127,4.83405197015318,5.1305848190357946,1.0456079497494462,1.0170652331837773,1.082461876056034,1.099999554779553,14.017480743005054,12.38827987692104
22.150449810852585,89.99434848228918,54.388200343422994,6.093286760149478,11.290403720505372,26.16241188805521,9.876595028819159,2.860294396828536,6.90899343916305,15.325698024217537,16.883881433924877,10.935048115801964,19.99108954106394,-3.142413080326088,1.822696058425088,8.168925580525862,16.80686077317104,6.334972124784151,1.507913349589276,1.6183397325931883,5.315761461014153,5.9452389264459455,1.045792302585423,1.016468562425189,1.0873494423254364,1.099972109119458,15.485932138524442,13.676637697505639
24.79978381141547,102.98982821902425,56.093254785974864,7.13440364587904,12.99594194746705,27.437811138859182,9.838068190888151,3.830983676487029,4.924773698547988,12.749722370702253,12.035818727554648,15.22522744946006,16.12869538990221,-3.9667849972110507,1.7859559928080877,6.603790806782677,16.50074971615394,6.049234725337071,1.5553474231647928,1.7782754943433847,5.334460580679328,4.42204615267768,1.0453814560220662,1.013750570921602,1.0892195268647136,1.0999681347568702,17.1487336998538,15.151667840490592
22.20594631907678,90.8206174895859,55.8358672614483,8.755390602522386,11.125410971982197,27.83931254176205,8.371864733872554,3.1745890723141104,6.208696763058444,15.146884465566536,13.772109384893204,11.125677975615455,18.81367692699298,-3.22769369020436,1.7288185639230123,7.555074798905801,16.575928724939754,5.337033280556052,2.0913648750228506,1.3379112267837139,6.657991700617913,4.753410404831845,1.0451442205780697,1.0156543195884058,1.0843351219676873,1.099999587998932,15.455222263823572,13.69282732141963
25.00381211866319,102.81973174996422,40.23174429377818,8.607870310988435,12.016152214973781,23.981162572401114,7.681329655594812,3.6898792781699727,6.496745227027894,14.831917737323014,16.212662588618894,13.51036136972337,21.02341565327281,-4.017133701192101,1.4469064867356511,8.737129841192155,13.400941165388335,5.490423190101858,1.9647866110299574,1.5533798663357916,4.697615825353633,4.131961806232426,1.0459993959495066,1.0151223234522657,1.0914511427832274,1.0999999749234923,15.541568078988249,13.691611690284336
22.990172364120344,111.7160981055917,48.791632717155615,7.620543766792259,10.386096954492077,26.628949951619546,7.275545934322625,3.1821368146966598,5.975829475711216,11.868928828464332,12.44059401134932,13.80605756565338,21.99911404491731,-4.581364428711853,1.6755191862380732,6.158323747797845,18.199327862946177,4.895421108207577,1.9222186447352334,1.7787941348786405,6.324006129117417,5.9037676115222615,1.046042390364901,1.0130204848379778,1.0880470884433253,1.0999695507832996,17.015492604883185,14.9279534306713
23.767109749176942,101.48014443435456,43.24452945214092,8.89129680676514,9.764356541157868,34.27778001538289,8.325585156045276,2.9822290314287363,6.897106586541656,10.813475449444478,16.879246373377754,11.492544157593557,21.923881672942723,-4.1987075242968634,1.7063573330243778,7.0959586894945295,13.674435746634721,6.565769587836939,1.5630507325271004,1.5182455308126415,6.03282287038107,4.964507477121243,1.0459318087089917,1.0148062998134382,1.092003921386293,1.0999666121658673,16.35085614567,14.416340734496949
19.08437431328704,80.65842432732445,40.59646872542555,8.703543959757571,9.101386779794774,35.12876826327875,7.914703285387492,2.9544512156307094,6.28781083765538,11.231924172879763,15.510621448455026,14.481183355653153,15.56402496315243,-4.367795023064529,1.5324655622285561,6.47847190149363,14.44928062897593,6.771533741370605,1.5196361413972785,1.8347409837540205,5.9026475206819855,4.078112357632878,1.0466381171140966,1.0198964893754796,1.088439608898246,1.0999999532749947,12.412064958883274,10.88758807877469
21.391652944826497,106.16149770546701,52.1249972996596,7.565898549761542,12.813023461039052,25.020304189006712,10.475787792212527,3.9850176918766884,6.608195454603655,15.216593807495245,15.16114042078229,13.589825139816146,19.46054533737912,-3.6744685075924006,1.6440709103111537,6.772395997595777,16.203453694382816,5.291398944843764,1.5284792084122,1.48599158808954,6.616610346188668,4.762161541284612,1.0458994708087972,1.013644528491414,1.0903922194852198,1.0999714140821957,17.86416021936254,15.747276268212115
23.852671673049784,81.96145514769393,46.35489432328531,6.429162450778937,9.581022363886355,30.885749282702815,9.38693454281644,3.098720670296807,6.037592594064669,15.46185330168092,12.958240991711838,10.257589508013455,20.155163069043148,-3.2034572046183487,1.9071617526863656,7.828860851396643,16.403431782883978,5.637582692856391,1.8526108741321907,1.3379996395009377,6.79764421646123,5.251284137103756,1.0454973072672857,1.0180590818395399,1.0838645803711784,1.099999530685821,13.144122538328839,11.586719477826048
18.95693335926269,96.55805410585249,40.78786439152718,6.133360261377269,11.78471609375871,31.252103434067504,9.301307698092295,3.0568764861040325,6.352368854727231,11.105159080992408,15.551060599208657,12.974406457066703,20.179936714377156,-4.516941944973734,1.8242291873533034,8.941962574687615,19.762240458698862,6.4317816886271055,2.1286221279679642,1.8350616869690317,6.3279912837563375,4.150768509287511,1.046334797469313,1.0159550214031121,1.0848330289392574,1.0999728903002828,14.500971233842826,12.716258709684745
17.785753030182626,106.92075170361743,47.60222000250687,8.556404320499759,10.361873852535382,28.29226832821155,9.720672195642955,4.081457431704931,5.094137997728482,15.451981981026872,16.646355840281018,11.762939495307661,17.899646267399852,-3.192479904466179,1.2900739911146997,7.431018379073188,13.914383246102144,5.090084209443295,2.049672383659198,1.6454581704002895,6.110027254457383,4.3749586616638405,1.046616523888451,1.0142959157200129,1.0933976099513152,1.0999667962976944,17.3073737862825,15.305490606641987
24.55278446266436,108.0654778255297,48.24602359179339,8.854175626511125,12.744832239796526,32.22962528475836,9.842673296497063,2.947550863531209,5.540839931977424,11.160974987015452,11.9717400069888,10.964212419430263,21.891702588116747,-3.4942035320962406,1.900898536058702,7.791872998683617,14.855396357894346,5.793343464083374,1.597748272344083,1.909743077236719,6.6056547626595155,4.052477577564658,1.0457080503374232,1.013110259649704,1.0913591616547123,1.0999657343664648,17.508248222959562,15.454528216557973
25.58669595313765,102.5297332431728,39.81512953864684,8.118738748832394,11.85823160688627,26.181707200529488,9.930408120027273,2.921890584638154,6.074246242204245,10.853585318680675,17.693675433812686,13.977943249426698,16.407275778813386,-3.6530115023240017,1.382759921797233,8.299852392387944,13.671071600840031,6.589743440907816,2.1183813639617255,1.7130418833960321,5.1340798440033275,4.720180191627101,1.0451830502191612,1.0142650930559165,1.0871334779944244,1.0999995425241889,15.517609978761941,13.698816339831517
21.502442113341523,98.14226141658092,51.024838277199464,7.764812734569403,10.533886365281914,34.11282391066585,7.493011408864651,3.452758475940893,6.772378205860653,11.128712392573567,16.123797892195356,14.324135043586889,20.222317868805597,-3.140181551949555,1.395287697364612,7.026339236675852,14.831701836636627,6.873352965327632,1.9091476181619313,1.4700614127050051,6.796898196903833,5.481188398952374,1.0458509989051827,1.0149606492471923,1.0896216678056243,1.0999690010757555,16.55781350455254,14.544792963793935
19.830390598658724,89.63625753506568,42.05307977077165,9.032064954728098,11.277488301587528,34.17346891247622,8.447399175660653,4.0051782443364665,5.01148391016228,16.103287714631154,17.355724827518483,12.005070959465407,21.087888456390786,-4.293522365299169,1.8568030701458764,6.921764943386433,16.371052835285955,6.646799101246042,2.0005772069773555,1.5318186999937788,6.602082540356123,4.093908078464803,1.046163926535715,1.01710949617127,1.0885831045710443,1.0999721575741546,14.979369402219948,13.180688978108517
24.148161909718752,83.15093758346184,43.71063175759081,7.579373124530604,10.974810564793483,29.742727261064598,9.161192144419285,3.264138767444096,5.3075551317615535,14.949798638151453,14.303857848559367,12.729671581292019,20.099695059468498,-4.5390351587983835,1.7328338119297406,6.136377676771154,18.84804081296284,6.935303635095844,1.780189218267395,1.9005378153309445,5.909802682236107,4.919231991743899,1.0457720466508345,1.0182272914045043,1.0837061632630767,1.0999690942564326,13.228017324951116,11.617991047010099
20.23659335783431,100.13666772140022,42.634166440438854,6.399000024283789,9.08202221957728,27.050085330040112,8.624774995801337,3.572907374793747,5.594309573456296,16.11392169088122,13.65880120271736,12.400154973307755,15.984898858042444,-3.5265773608058377,1.3109325694649545,7.678525900311984,18.267069495999348,5.094046769259678,1.704895875227571,1.290634385105383,6.587691169275533,5.559927049863339,1.046380376597115,1.0155562428954916,1.0872623806485426,1.0999714981390452,14.749200357896145,13.015744587441413
17.909044987988857,89.1082115191931,56.50508005680235,7.27176225048009,11.31741487172359,27.79186575992219,9.346072997261741,4.169419625891551,7.31390610849412,14.983460881260433,14.329694144201818,12.67171558021126,17.91115809365352,-4.65749642265078,1.7329665957282583,7.346794336300533,13.36044539352776,5.8475215213860725,2.1484283052251647,1.6147589817427535,5.063229910334744,4.044187494209551,1.0459191997458106,1.0169428469870403,1.0879774685325954,1.0999226369311512,15.283879469298089,13.546072139827965
20.438828620518134,109.95883313864815,57.29411454832283,8.953918643428487,12.22780156977907,30.186084195599733,9.326470126976108,3.5545888127287455,6.605200304012091,13.061915424154904,15.908455869536361,10.777789543982582,17.21928432986728,-4.424164740541462,1.8583993156757703,7.617024712680899,13.490060498293872,6.790578684236902,1.9454862657796461,1.544977871203431,6.0282391482228315,4.859549668882732,1.045930473344689,1.0127814479071846,1.0915386249038947,1.0999656057593008,19.451042538944947,17.27222644985493
21.399144488034203,108.77499573804626,41.31993080105517,6.395154171865999,8.972224775418312,27.305204432223093,7.730689559343939,3.107979693193356,4.9074231177035195,12.026855239313598,13.90296102831695,10.320362881762197,19.820071344658324,-4.007328544258662,1.3421028982463523,7.785029332555204,19.91106201956295,6.831167970522775,1.4419231152247176,1.7890421192514303,5.460364240868647,4.127302740669255,1.0463670103788367,1.0139577547714902,1.0859831556121442,1.0999726491582429,15.337329994880982,13.520329868783955
19.929134295056684,87.48303193467241,48.24442985558917,8.089694652497318,12.315769142693668,26.501655902246547,8.35837405289459,3.2317343896036292,5.765077958214938,16.19814406836423,16.556542084851458,15.11295156356498,20.467644052557635,-3.7537822945697634,1.5294362775212642,7.465743434925135,16.048015361539864,6.56171689093517,1.7748014493792188,1.4691931905349416,6.437675823376232,5.7088408187627895,1.0462175348295855,1.0176835937468407,1.0869154556211218,1.0999718722252028,14.450547581359858,12.661590184125375
21.009323339299115,100.52302698940046,39.36434268794439,7.689573149993259,9.161515497099876,23.944451917834723,9.40652946188186,3.224669535352982,6.691790676391334,15.638845827415999,12.750771395432892,13.840576019980933,19.110351986991407,-3.2949060302538102,1.6970192681476641,7.828400409319418,16.703861999541196,6.789413194578406,1.815177381194892,1.913929673888136,5.821410848127617,4.231704076602735,1.0458112003197548,1.0150749312996337,1.0843196148361613,1.0999995850512794,14.29991712966023,12.543717695706832
21.443690459331265,82.23014777307509,49.6571922373572,8.187121812588547,11.05859004860778,24.75289501866115,8.88710903490079,2.9140359006281606,6.544387331435943,15.067988414271472,17.65578675027315,10.91591470421256,19.24639455005311,-4.005358293355253,1.8703849816198272,7.881829921789542,14.246184047084935,5.652335071594599,1.9114290205245004,1.7281820365243505,6.64233167673013,4.361014239688795,1.0459161852280623,1.0185841401090372,1.086199522003173,1.099999466279437,13.601908414788031,12.02821785746438
25.619385833837722,77.58837304474753,57.0495320129574,8.68761196231388,11.918022066774528,32.27294690312017,7.461691221307667,2.8580718080522334,5.128308543585332,11.271742999186344,15.182392151477833,11.25445545452789,21.73756284277112,-3.8153678519861924,1.7251267049332961,7.95861927891048,15.403824178493275,5.204148770579692,1.6865685254135774,1.7898613592638961,6.000162288333515,4.507077325038351,1.0451901484439114,1.0184852257515031,1.0855690632681423,1.0999994482314293,13.928762533518492,12.312466017309358
24.458907125764533,77.42333366863637,51.60838612981445,7.414866449477905,12.236180929575179,34.54404310687244,9.900122752608855,3.4187514974359354,5.248380662893869,15.154295269349344,14.665804940451375,10.542586603162219,20.66482102310418,-3.57528906682988,1.3112884668833187,8.708253044922232,16.487791251503563,5.291829643361409,1.9557983216771364,1.846977521716841,4.640712414078313,5.375704370084308,1.045117183937448,1.0183033278836675,1.0838656749155422,1.0999995347148392,14.168201528893142,12.529073443467528
24.017661504079896,83.2700654598913,47.60160765656253,6.351429132710525,12.305439473668756,33.59998101904756,7.589471966368778,3.9430443548059686,6.762631215982261,12.673331930002846,16.034125598404156,10.160244469383104,22.281662173941587,-3.9785978470810615,1.6770168729996797,7.993978240617297,17.007490274329957,6.6276922190915535,1.878985319149112,1.8609663943939028,5.9910093635829,4.342244843961133,1.0452407381567168,1.017251319663337,1.0831359361915662,1.0999995706002679,14.137596190205901,12.472891996444194
25.28972298468515,101.04372413819638,51.609449573607826,9.075864521737667,9.296880562858915,28.65739276372302,8.060743414751816,3.68259705059912,6.848620508345294,16.018077828019027,14.629392797450132,14.15398861166443,22.169592099506882,-4.18598767475598,1.4353488335678537,7.823562453323374,19.72048159750612,6.931124882958832,1.90249907307608,1.8476721650380732,5.104810524128759,4.492157209904434,1.0453957497717103,1.0138951969185475,1.086309373077539,1.0999929824939454,17.21927463248736,15.114632762887299
25.631064479840582,80.45566894864437,41.89395509634732,7.358467741324957,11.601337609135008,30.72504318382561,8.251113631196032,4.0888594571304875,7.112843774563184,12.91716748648281,14.508378945804571,13.728685353465472,20.238768812631648,-3.716383343339101,1.5451163209734422,7.044116830264617,14.842956446169966,5.702881001984004,1.934232574969829,1.7548586914011475,6.446986863953834,4.749464026906242,1.0455003904179156,1.0187220708830558,1.0852162132927063,1.099999461112054,12.83790853199082,11.264813540528879
23.997040430393568,75.60553477526986,47.36119480914679,8.493469376403379,11.782600348473263,29.19394486502319,9.520711223782858,4.069724404408129,6.261971593488906,15.118845433884575,17.765226642342174,13.744286466543878,19.55727580555688,-3.178478077515531,1.519665854882936,7.696328200545354,18.573451636128055,5.656403111982377,2.131241958550637,1.4539480016791522,6.3673958928879335,4.838062834168255,1.045691252403372,1.019502346658098,1.0850771748667174,1.0999716871646725,13.538533618526285,11.870912559312734
21.578380132832063,105.5982766360498,43.903635802780606,6.374308652049235,11.290745019068153,29.839776419284235,10.069803980011345,4.1556468887249425,5.01493367464117,13.995123158212788,15.98042004067621,15.167870861802488,22.363685628504523,-4.231423192950685,1.6139452231964584,6.484571766897784,15.830932326557333,5.997483794132598,1.9621442855489428,1.6866557167866318,6.29676490024036,4.858305009103796,1.0460982552242684,1.0141602292815812,1.0905136275234366,1.0999704221818525,16.863963439019273,14.74801901708782
23.67580488215636,80.77617052682304,41.34865028091073,6.575009723321568,12.951075007520275,24.49720194704189,10.085430141840511,3.126999257265432,6.022969054808411,15.746165615514661,15.41218588893754,11.227397846060382,17.359084458422934,-4.555896733277425,1.5533721120703863,7.760956449020369,16.333949785592583,5.5179763642724025,1.6007609713913296,1.7191625603101455,6.306321500951318,4.549770183214799,1.0458874291044518,1.0191792704829663,1.083805061524253,1.0999994702915656,12.437313256288055,10.982404781460243
24.20861411771593,107.55888634736728,55.84330784010173,6.570085738311844,10.321578102587432,33.75216950054361,7.914744730180419,2.8048558429408934,7.004818637013988,12.562826985457393,14.390405249828142,12.42737685066084,21.646886965070934,-3.6471117455657978,1.8510591269481484,7.850817414144143,16.781183847583666,5.395425656535713,1.6154724213224538,1.679397403377503,5.676794451331256,5.8210320198640115,1.0456621809585036,1.0128460366841496,1.091094979365911,1.0999917620098836,18.687866217082398,16.443538694743005
21.62742405586995,94.64443246130088,46.20774913532033,8.479359510853506,10.863279607529531,26.778235597047107,10.303311147456634,3.635559509911337,6.323284936236363,14.098439918685203,16.204284899305776,11.750385385707839,15.457217218330822,-4.384525330968135,1.3624992344842481,8.165459211631632,13.826573580627866,5.510714193506101,1.4853787702787076,1.6142167549617437,6.155274992853254,4.342866282356377,1.0461989819377726,1.0165437110706301,1.0910427727232652,1.0999999870899912,15.083399214859911,13.396197188162517
20.58572772804533,110.41142402250226,46.698479919094574,8.519732449688732,13.113787657869736,35.09728073473198,10.43395927088893,3.2443674608225566,7.22867784223331,15.186934305428652,16.909566478491346,10.23707875959292,22.452215361219032,-4.333820749204035,1.771499197765056,6.244574192785759,14.82425511272692,6.8724470631199255,1.800487493859943,1.534629131671844,6.588662695780839,4.174680828227889,1.0461460505638358,1.0127777999946774,1.0923972158139639,1.0999915678846743,19.634111026112677,17.305061941577463
20.979056701232793,89.51640518022411,44.929158520021105,7.015384420705342,9.90113580641955,25.640347475288163,9.505462020910826,4.0871527776921495,6.12159801440971,12.40906258267188,12.86859477842447,14.377128294467179,22.583339629196427,-3.6646824262898487,1.4662082723533627,7.804478858924824,18.428184433530745,5.696534504235221,1.8936526678998835,1.7385914035349068,6.868574107826335,4.330074661040167,1.0458527810471148,1.0169752610305878,1.0825578986344526,1.0999995502668838,13.23188611207117,11.547396202253474
26.017280046404203,90.1364627694895,52.06758672893171,7.820139709037912,11.140275404199603,31.837289351032716,8.624713860804942,2.976553973871529,6.072899854815825,13.61834570168452,13.12333683426364,14.912946330149577,16.928814914511815,-3.7583950467711924,1.3791549995806232,7.607389938560832,15.322713717784596,5.775112246344515,1.6017241798499053,1.3144160818871784,6.4478058305108314,5.282172567919316,1.045417979771789,1.0163317146576978,1.0886576464508697,1.0999637963849087,15.253105381097829,13.46514933738979
20.31761760757159,77.1495823860299,54.78979519876895,6.5961768150044655,13.129725137900797,29.24742546743231,8.425392155670542,3.838463267647349,7.019488150823452,12.801853243686839,14.347768762934317,12.360443754283763,22.209655267237885,-4.200399826762359,1.4384935149092195,6.5549990925059385,14.809641285140781,5.2514682229104,1.6057321137604812,1.7014441262031335,4.908965744725415,4.774716979415921,1.0459305031830883,1.0194013880929764,1.085882119694292,1.0997083408628512,13.389735681614123,11.797728086426101
22.785465013382776,86.31960381816964,39.4880462354957,6.3287447254517435,9.524331157844994,33.462947693444235,9.568308620177891,2.890331375536703,5.834208065129464,12.304359933374155,15.36511906530765,12.81585422433535,18.856542577609833,-3.6106392977812765,1.3681918541081544,8.227129148617912,19.122248945115228,6.830430109420136,1.482205658841778,1.7535415754168853,6.325488025824153,5.894219228291178,1.0459589051508815,1.0177181085700038,1.0839894029410018,1.0999740662216249,13.222051257925793,11.581197725700026
19.555298680240604,103.32530616296148,39.284454641215184,7.998986991115322,10.531798251753765,32.6731313866602,10.307895431167417,3.310749459104523,6.162430066186293,11.433981936763441,14.40476551273192,11.99286599775658,16.591738294362337,-4.5153866546361705,1.3747762163457027,7.9072180725905605,19.190547152706454,6.755767105282683,2.0111325838852094,1.3927303256794732,6.536440869376177,4.553129624831249,1.0462534959194316,1.014545217238823,1.0858152965180978,1.0999747471114638,15.570223701005787,13.746559475696529
25.366414878114178,102.07838615605066,53.2543157664899,6.338498658645889,11.570787708227078,33.28947709740442,10.301725269980999,2.8400843866270984,7.17154852743449,11.034029159833391,15.582531330862105,13.682408640285784,16.015824212876115,-3.194898510350341,1.7823437788484668,7.154011874392301,13.991227101692424,6.409389334019329,2.051397410503407,1.6559271620856368,5.014069395568377,4.030444942982982,1.0453803199400569,1.0138377498965387,1.0926390252743627,1.0999676724865506,17.718827104008525,15.673099512961024
23.44296553770087,96.08926294741795,50.68324134968791,8.55208139740677,10.905340440928514,25.06928253223672,10.583939827406976,3.5633669781456003,6.3813176505760385,15.840421719579457,17.472238591609166,13.066240602179121,17.461846827882837,-4.675497269059873,1.7157229375702632,7.2253100306761695,16.997316370947836,5.604734996621829,2.0795797096535864,1.5887995999140776,6.550585832276492,5.680352595646008,1.0457159654625807,1.0153935874468671,1.0876973316353882,1.0999719727727373,16.392295657247473,14.50021872606163
24.515204691541953,102.57206691808342,54.58526194536096,7.257177922053826,9.473691163515982,33.54095961159567,8.993406296474443,2.9783264455389915,5.161362554124099,11.659908927653422,16.395800627615948,13.771151901208706,16.749021969405113,-4.441200532251281,1.4600286691380768,8.378956749944843,16.525671227360018,6.337192943489473,1.7145991174129676,1.5021699821406567,6.59195426958565,4.07060450902814,1.0455025033978607,1.0138458923627434,1.08998793472732,1.0999687164461738,17.64421391288913,15.602097346532707
25.82071670219516,99.78340575543928,46.50908238237333,7.989285774697292,9.509879440136244,29.665818972463864,10.74634388402327,3.1293772129853896,6.642358561648692,13.148845429491184,15.808650564988202,11.20082712175422,18.775533867893778,-4.648944633620468,1.4049837766502462,7.909335083546272,17.101969051811523,5.950919680193736,1.8828887685491642,1.6014323031604663,4.679279340597766,5.800193622926235,1.0448188356312345,1.013900120098499,1.0846644840225526,1.0999996202419617,16.295687891842,14.435956174827066
24.538176222561386,81.92263821710786,46.14178315148397,8.422468901308447,13.350679172935031,34.82341714801308,10.437693118834227,3.021723456218796,7.111319258661971,15.543602529935828,14.166621470551682,12.16417478024421,18.69530780685922,-4.14363398430761,1.4469347942291302,6.068845288319834,14.21776404332569,5.661068905578115,1.6430418499868655,1.7692905990631242,4.8875209636743095,5.834930451109608,1.0450694028405028,1.0175888648127525,1.0859584928446313,1.0999995067578547,14.614599608257972,12.932272699762244
25.13143992191315,109.6019568620463,52.381343173295605,6.4052799133101415,10.92285631973566,25.150583387304472,10.755717093939897,3.2662537927581425,6.3082065222117505,15.008722492918798,17.40687186198485,13.998182447274106,20.326228718623405,-3.846931579979516,1.6674560856003353,6.28249142655849,19.149245678622783,5.901563356508533,1.4688972363131587,1.8687373604223343,5.775180579301535,5.737178283122003,1.0455100347904558,1.0125403051042416,1.0890948545232197,1.0999919085836551,18.787269460295235,16.495401301466863
24.7977874425025,106.09751981538409,39.41402572892721,6.8310826020895945,12.882454468645127,34.2080944614147,8.849047904527701,3.4160580547158834,5.307343146682205,16.029418258932218,13.190305313139898,11.129958864501889,20.221540173133725,-3.4988371126806985,1.8808138310492095,6.032720985953385,13.318201661826723,5.81131417933059,1.7914049711377,1.384552974016583,5.787285386091059,4.823322210339973,1.045812863569037,1.013856604388409,1.0927680749172588,1.0999660683059178,16.800898715697084,14.840334460894976
25.08806027997176,75.70868771377519,56.906278672230044,7.978154003459361,9.640258636490834,24.151768162971763,9.137180370813235,3.128846232360548,5.6148439102830725,12.123713690106374,15.795026988892165,12.971927127549957,15.79260561876577,-3.941381391753273,1.786361449960512,6.2435837724609735,19.18786680216999,5.981671426718731,2.124449617874628,1.3748103793423205,6.9450707984996916,5.288545731939354,1.0456697576802763,1.0195416514429076,1.0832968562614291,1.0999655314076238,12.910067463982141,11.377518613017234
22.285849651495624,94.7757362365434,38.69227161363974,8.936503142310716,11.845095238386806,24.681192517091638,7.27542781306029,2.8710970949314523,6.366925662774666,14.115683240430759,14.89801705901739,11.718370368916993,19.24124476027127,-3.925430840566962,1.292425958321002,6.847407690982495,13.633150667341875,6.728359023358561,1.9621606772052975,1.917513708923464,5.341037330868268,5.756971695513821,1.0460101915089837,1.0165382239526113,1.0855677359797393,1.0999994871278753,13.602848234772342,12.00474748343321
22.59451104565394,92.43376533212783,42.4955978878387,8.324712182469874,13.010550555091262,26.376639097289374,7.831405205905005,3.7747106810068143,7.263814517050267,14.84975754596202,13.616101204723988,12.29337355467075,18.120814029483626,-4.449268228153391,1.7736772984782232,7.76692630428456,15.10572849303544,6.816133384315171,1.9103869618337856,1.9011050537227405,5.985871516657512,5.642385516727229,1.0455635065668059,1.0162774196509725,1.0834544908354757,1.099999552276184,14.165642016700899,12.517970753151772
24.417754693144488,88.07054831108975,56.672076222942195,6.146702061496595,12.403824871278015,34.99357361201571,8.420069531821401,3.7073548229073605,6.251824729619873,14.912139472253227,17.082420413004513,13.223466412041702,21.400874856499073,-3.607165498387238,1.426295717571083,7.292003068598521,17.780171021216404,5.074412921537839,1.9298535783493618,1.5322199350861232,6.485734635430906,4.073671634206607,1.0454122881508854,1.0162532922367435,1.089557267617824,1.09999329986959,16.751132249863158,14.756535219387615
23.158089296359144,99.84530564497078,56.230686303516,8.248637362834774,12.5274324959763,34.274173987067385,9.630186905851156,3.2062150889439645,7.002248070983794,14.836921845170266,14.449648119845326,13.769488197061806,21.79443546657668,-4.642017324970383,1.8895049625337954,6.975983480292424,16.08004625908873,4.894124923547501,1.618231886652993,1.8447495734316484,5.477171828968112,5.241105317189763,1.0456243833850285,1.0142079445256167,1.0917814016025205,1.0999923112417234,18.459588912625037,16.26011714792111
23.14058156690505,104.8193270874,41.73513657829646,7.006631929227884,10.968546809732647,27.90512452261163,10.738458838294882,3.9689171244991974,6.050435681273985,15.548050580866928,13.99201156759645,14.152007885362545,16.89993454560905,-4.3248223905531304,1.5721301780452661,6.322497962976727,15.09446269824907,5.57327712773467,1.9794908963983948,1.3267089374278087,6.170149028614924,5.432027281865687,1.0460380291886102,1.014421968971414,1.0905030935964868,1.0999688045661478,16.284410706720198,14.369685621410163
23.036037490955522,104.02203196615349,41.64658393835666,7.864794199391633,13.17632936347338,30.807254383693543,9.40081084903063,3.831015498958576,5.6930183263870955,14.58256986713632,17.38075364654676,10.215349002968743,21.81285911242738,-3.4610445967638204,1.5717908951682402,8.557043402857914,18.75077652631202,6.709271749252449,2.1171000906954185,1.5661804523339256,6.1627640410583355,4.780956881052213,1.045733784861967,1.0136807267792354,1.0865727825427671,1.0999931442723918,17.07854724184651,15.041795156340594
20.404221107832,91.6225150713202,52.44761569704476,7.604379871310321,12.606987341528571,32.39357803091464,7.273722460047838,3.6823334199486264,5.9452335408729615,13.265796541416165,16.797503401064574,12.941848569310157,21.930725858287996,-4.231976724131037,1.633817605608994,8.26361392845331,13.534637698144707,4.702834079201442,1.5000115153830136,1.5600418080941714,5.186244337854508,5.9685225888315685,1.0461638685085282,1.0167330047684793,1.0918091906036664,1.099961648867546,15.815529530537134,13.941741319052255
22.067078406618663,100.31982531233804,43.57104100503684,7.058262602106331,10.462869375352378,31.84508132077354,8.905342347681511,3.5247571135421043,6.324487276468803,14.951582943686372,12.458603701134372,14.10651947407161,19.480586523451368,-4.163788893974202,1.4896331294980878,7.228160510449348,14.814941042502031,6.91197599400838,1.797842140207428,1.9174892261098226,5.776303469102138,4.439502528768135,1.0453557306284154,1.014481055013607,1.086271127812812,1.0999995633573387,15.621727397618969,13.749362014562475
21.764686803675914,76.85196114538925,55.53919860318771,8.5683927636311,12.211675932710396,30.795955242221027,9.287403241213308,4.195419499711248,5.558313739008648,15.01029557297412,15.385172430473398,15.117473162295136,21.491304193066718,-4.677699176263765,1.6565279964559658,6.613631872634806,16.624481917013036,6.289777830997332,1.9975394780507434,1.280326392970204,5.811662845325322,4.470469159941294,1.0458732418894836,1.0192964922217242,1.0868584415333293,1.0999683480084606,14.320869029163976,12.57360477223666
24.954234712651562,81.12147713181263,50.98264349187081,6.888829058587771,10.55730880159994,34.69859927693077,8.065613251469086,2.933003866552103,5.0490551595239115,13.524921594537096,15.744600434414357,11.822651709340105,20.445974037627412,-3.2152126009742514,1.828694172750641,8.449701629217714,19.823695242043446,6.812691555692281,1.6964619580216282,1.5355362457699695,6.370638446149561,4.268165543909967,1.0453471250239965,1.0177122964467855,1.0840951731161532,1.0999688002962666,14.178192197092258,12.464783511680302
20.085647684925167,79.82662250524243,46.93742890627254,7.758093010851365,9.90599890543313,23.914253905586442,9.789680994301882,2.828007230196636,7.255102365785189,11.996679186408937,15.876844549013095,12.368538769299144,15.653521338562015,-3.856606426349769,1.6107268059499518,8.564049624278606,18.142797822462043,4.823981741427857,1.5905971320712309,1.4796081178975666,4.910065832598382,4.913798141828981,1.0465695763953375,1.019953371289551,1.0860592225179064,1.0999600923939798,12.207778117387816,10.742915377826836
25.903803776686804,94.75060997383885,52.42478705833899,8.156130905006012,12.767603229212776,26.14553718749419,9.9137745420949,4.0338973364280495,5.298483968071793,12.67273198685522,17.701806515416106,14.126402257577345,17.347690327285246,-3.9997491606454,1.5387687186236665,7.4698955289813895,15.638303510834305,5.28804796299039,1.9258293898018215,1.7782667616551153,6.66758052477384,4.3106599346363765,1.0454668935515303,1.0155026918732872,1.0897575327881996,1.0999674571749471,16.26374242497172,14.381879125167119
24.50238594524069,84.96089506629576,46.41067177508016,8.82038880498171,10.996176132402057,25.925349701722933,7.775527158853625,3.462177273312987,6.740920714502792,16.184907777461223,16.612955425448174,14.615220751429694,20.88352594310515,-4.516878757179525,1.3288278677209047,8.789794796944935,15.912136860738359,6.778144998010631,1.4945276429708225,1.737755492557527,6.3467978969148735,5.993821778595545,1.0452889829823597,1.0174565556433128,1.0824389170700144,1.0999995702387309,14.054621362215055,12.34243342096795
24.033663749587586,89.77537723513205,48.89459230694659,7.194314852026434,9.838163530965765,26.53232746452683,7.999237923387556,3.568341462228498,7.09103194825782,15.728723780877347,12.246392114053922,10.56588895683562,17.062904834509812,-3.517892745852381,1.3407290721531209,7.165390023520321,17.18249660747015,5.981336305390755,1.8312693705061869,1.4967500319279983,6.278977189934467,5.652967881962143,1.0453175452158943,1.0163933847399056,1.0826728773035819,1.0999995523612704,14.047963288549829,12.45081283710951
20.365660633023904,78.58297233840374,43.905834400876294,6.497600709907704,11.053767097977769,25.440034785529726,8.866241127568719,3.1094040492545068,6.682503897328263,10.948868500513568,15.226287970838278,11.021000436593887,15.207538169969167,-4.475952137381099,1.7097777842010033,6.29682846615157,17.689440521420803,6.059021811951228,1.7808168146711065,1.548325182992393,6.698001849964505,4.490296039794902,1.0466231646089224,1.020390815923093,1.0843555518624832,1.099999983294802,11.534256294281153,10.155974131331032
20.817331294876166,87.76106875787708,52.98536367518043,8.86605453094692,12.76702201035623,33.01290637753727,10.752443804052298,3.776002370574539,6.712571250561021,16.1071337144071,11.961665080979078,13.380965752296733,20.816183642844997,-4.551810203861224,1.8456603546779793,8.525882043701383,19.56005404569291,5.886719715959801,1.4449824688210753,1.2870748151660862,5.903562609033431,4.870544477727883,1.0456767559761981,1.016497558902324,1.0854770958005517,1.099993913261338,15.80881221452753,13.92295935965645
21.276807063212093,90.4472504980742,55.786917469824424,7.1718778675561605,12.795896699098611,34.25380456674136,8.998206371996236,3.425713252311124,6.73689027428569,14.623046141255365,13.878069294913388,10.680944479697205,17.21287824138685,-3.3244044690671863,1.4686286564970825,6.785464696742397,17.514403854607778,6.854430786015088,1.933735487277948,1.8730556211613245,6.459186839971588,5.455755244142346,1.0455440043330508,1.0156798293664084,1.0857022712902478,1.0999683843196715,16.332597279691512,14.48276003420767
20.954057641051804,87.59825686789173,54.42082336168221,8.832395428104176,10.984433571556174,23.706944558602405,10.053111812063294,3.1990963766612084,4.904126390641286,15.146938218471059,15.003788565348714,13.640870591399421,22.151642640698025,-3.964231175015444,1.6020442064505382,6.8719863640447905,15.306487060681286,6.487977593188778,1.7633010568218745,1.3846567735091972,4.85930673248115,4.945840233723558,1.045590491566828,1.0169363549776511,1.0852094481815242,1.099999523276695,14.522589444845952,12.76992662198011
21.395809605001897,99.98230792277933,47.24681017448709,6.5161661405680125,11.23495692389734,34.3001149658551,7.773989081832766,3.7656564973688487,6.329016606515885,14.842362924243734,12.817577629628454,14.943355111482452,19.919344851030406,-4.441430974798173,1.4378283287553508,8.218238668193884,18.466043876777224,5.562049831938015,1.716446486076064,1.7009896096164796,4.8567058216837005,5.471248300435017,1.0458261305857923,1.014639093783249,1.0871053012711984,1.0999701676125238,16.311197639638664,14.32310340089187
17.732257075406086,82.54144254623273,50.93842863845494,6.37890394795957,13.313852569816017,33.84707527165043,9.45468839666425,3.94668043793709,7.045695318558544,12.20116850768782,16.982493064177945,11.149552420879017,18.341401207530996,-3.990885024747815,1.736890216367381,6.090423953167584,15.208982500847178,6.051764307848105,1.6973054489873656,1.7760160356028756,6.151833013869661,4.468802907447472,1.0463770438724809,1.0185903122934965,1.0895737826869858,1.0999673975868,14.530625502859117,12.847866493039936
18.62666354286145,99.06249071836005,46.852935305714965,6.593629404948008,10.42215643982633,27.17595163015932,7.589275100421751,3.5656726269713195,6.743302666746632,13.90752119980613,16.84469653502662,10.808048219854392,18.5106501194489,-4.0706875617066345,1.7126409990028209,8.08735891927028,18.12033043592993,6.151317164294759,1.5078442240374248,1.72499563366547,6.321495763716579,5.986959868667254,1.0464018044102472,1.0155064055391572,1.086598546451257,1.0999749080000156,15.391780380389648,13.594190171600566
23.378385950565775,101.23976931191837,48.0832301082793,8.718485642098745,13.425819733585987,32.792729468329696,9.405001360288109,2.910536757704196,6.653243481420291,14.626232470342531,16.542386160944215,10.792741373069406,20.168367000958693,-3.5813292917246127,1.7665735957778137,6.721121862094399,17.821618414087528,5.324383637002833,1.4464758908285504,1.6853490636627813,4.9027842729287,5.318582945576428,1.045613739949522,1.0139864279980675,1.0901032418032404,1.0999945602898213,17.679102128726576,15.626252210946115
25.394290011738214,111.88118680107387,42.75084942970395,8.540129812057991,10.543918680388533,34.22539345842619,10.034962447065746,2.9034904033040694,5.873414265060557,12.62151626045224,16.59967888351073,12.244251410118048,20.402871822163437,-4.059798998721087,1.9044087802224856,8.813354870404844,16.119924777865094,6.318701451007467,2.0372112676664798,1.8552868824717728,4.7980714919614424,4.604157598546993,1.0457600500731032,1.0124794284496428,1.091942225999937,1.0999928345580872,18.5525649681773,16.331913749798026
20.139596755606767,91.72992344196503,41.47634203367881,7.5884658750480245,11.931200186297081,29.46889425855727,9.596855142711416,2.8930182845450605,7.0174090893660805,15.870973637345768,15.602728247747145,14.637466273075436,16.198989726526413,-4.364020315319044,1.3562548438224604,7.22403069449261,15.430155069466949,5.998573034511454,1.6570904653724643,1.6878807229869652,5.492338510832542,5.721580762060929,1.046317352611387,1.0171430692200716,1.0885152854886953,1.0999658333435778,14.517978041728671,12.788162741073966
22.862111733106225,83.4724398430721,44.66679454917702,8.656159498385033,10.691429279943813,29.922428973674617,9.536190969428397,3.2869335094202836,5.597307859049686,13.366376474083355,13.200690593673023,11.603789781548842,15.671796478643474,-3.594193630514768,1.4852506197526845,8.885499498873958,17.195799401093446,6.466727226964668,1.4726716220018323,1.3481834839093583,6.529725749201215,5.247099098835272,1.045952611288835,1.0183498757185665,1.0851895482746918,1.0999643538141675,13.055880663860643,11.52939249384632
19.017724025088963,90.6126908928703,48.53941819964863,8.644573880577823,9.230645722791333,30.641323014534876,9.781329317712062,4.1690486010746435,6.84947059103293,12.291627493252477,16.14909199551446,14.037451655429042,20.745989799379807,-4.399424746004916,1.8583871847767282,6.295289606968021,13.975632015002631,6.487647973947898,1.6217081830954592,1.31746651004805,5.570851699875005,5.639753823652156,1.045761556588809,1.016561820441668,1.0870688212770403,1.0999995350000926,14.926483247879336,13.117474038959713
18.45858440670535,100.67500549759232,38.30913527707237,6.413601839525848,10.531809549042821,24.586506916088087,10.245246002773607,4.0096987044036565,6.723592515562839,12.109390009536334,15.03855256843028,11.095677709658727,17.33771622055564,-3.9249682557911143,1.7504088374149107,6.283963141180918,15.250066072250494,6.789761528686859,1.7489687888029597,1.8808765913019614,6.940049256400954,5.053319652222832,1.0462953749843604,1.015509929716146,1.0853253446989866,1.0999995552404278,14.142064744926248,12.482149088500162
19.860222004932503,105.15647014701479,41.28602126323829,6.846222453403094,12.476261994556783,28.717021911837953,7.925536573155601,3.7115760429332543,6.667938941771306,11.475384693033073,13.570802349450608,11.284085917290945,18.086895178594638,-4.31097403709866,1.7367731854555677,7.987571731151112,13.321736024567448,4.969772487042504,1.6007742353534882,1.454051741464864,4.979709576625448,4.82063110294778,1.0461034446397106,1.0144616422625405,1.0887268980344713,1.0993763745961933,15.3063049287575,13.55804220674302
18.012567477921746,103.62083613381158,53.301221453101526,7.82577073638673,9.361877849148016,34.10298140065174,10.676288983349211,3.0833089844505053,6.599321159435355,15.346468605469422,15.137467394354507,11.802481345595885,18.83704623461068,-3.9191392512237453,1.536407708280338,8.78952748090112,18.219383856658215,5.199819810031516,1.8616011748703054,1.720761056595947,4.965162898348942,4.716851484760298,1.0462752764903769,1.013989876617225,1.0903245608942815,1.0999929833932927,18.116312707721274,15.996436335006546
25.22015908432199,96.7310824149784,42.388996904673256,6.453265786282218,11.28165648276745,30.062691531743898,8.403892024876605,3.682582439786766,5.047590634375308,11.58375434363716,15.175791973227104,10.474023724729825,21.894906613932363,-3.341748337912166,1.7113087194141035,7.173610325143275,15.934590643680531,6.414543706377853,1.799612736604498,1.7444194967320745,5.812043650706425,5.185810682810526,1.0452607627701473,1.0148378328174532,1.0849656883487515,1.09999956781468,14.669192853284855,12.92389710763011
23.963002969908686,98.24339343327367,50.010560891513634,8.479227557939886,13.21190893487079,28.045250616436974,9.277621766013423,2.9207824208269644,5.755481468588035,13.025065819802684,16.898014408271344,12.768033402798439,20.756104437068277,-3.149651544040047,1.577275308562122,8.703952995490752,14.769444357790414,4.713131469912502,1.752054288273703,1.7308363652144612,5.694355335872209,4.919956627022532,1.0457272039025105,1.0150412641096742,1.0909515779803882,1.0999662572643096,16.496287984722414,14.551125645597045
23.173907757948612,84.9453702961053,52.6161328161946,6.54546513395343,10.732962711681225,31.340895679956834,10.182128426028711,3.9081434996310778,6.640912862310782,12.739120471096511,12.648933725110595,11.261517825880391,21.772736990781286,-4.457436937406949,1.8889989456249703,6.227965955686625,16.84441232624231,6.144944664177822,1.9516733114881366,1.6920724704066754,6.426426424573294,4.718943152578683,1.0452984965396024,1.016996316335202,1.0839211348053277,1.0999995311701218,14.337572333152561,12.652781775921467
18.917476462135987,83.06870146262852,38.46903254266954,7.144978491202916,9.371013347942297,27.393566574924254,9.461556277798492,4.052269277821548,6.92863730041686,12.164440744570914,12.719135527500361,11.140807150887396,22.57949855446741,-3.977180188309365,1.396801422720368,8.522238464060445,15.904069862235367,6.726195392581367,1.6276875313208303,1.5316619256347113,5.811478809672996,5.7852306681780625,1.0465996729341605,1.0192979173102912,1.083067417293362,1.0999994751698785,11.657131381120635,10.192608205835153
24.900814506331884,97.00169904905013,42.48034774701063,7.30620519408314,13.330836132837462,30.771724041753345,10.011951918447108,3.429810573505988,6.178097752139008,13.116352206055739,16.10940914844933,14.485472750545334,19.05596292850668,-3.870153235472512,1.4977833389429742,6.5312900828822515,19.516604879890725,5.373304947336452,2.0164978537734854,1.7378220936239837,6.474928832645259,5.873536266744205,1.0454964996991232,1.0149332160762703,1.0859388366550784,1.0999949322158862,15.849181107538161,13.918404926135015
22.770858198717388,109.19476893863545,41.446372814083055,7.985206230908634,12.419794745857464,26.805365342781254,9.866713684651074,3.889867560762731,6.908098612680125,12.489567728018036,15.982375277403122,11.70560667972159,20.816706944988262,-3.842238917627311,1.6624283996974207,7.247519944291707,14.355566634814036,5.053028508684443,1.4958496132287369,1.6755665150218637,6.6088410832510975,4.041673652524162,1.046220552957409,1.013831586345709,1.0927542499571865,1.0999638179521105,16.944112379154067,14.95021682430955
17.93495887812691,92.59735626997366,52.345220475535776,6.559431239924332,10.176997911580388,26.337673175125328,8.636584387216155,3.1149981478245996,5.740340775649197,14.734130032774496,15.561615120786968,10.5724030633898,20.046867063467456,-3.864240387632373,1.878121967812569,6.86791295131216,18.101745026802423,6.335597109463402,1.599480562326615,1.858063119981399,5.779545024996679,5.357766733778605,1.0463963015451234,1.0166524257477176,1.0866195310239413,1.0999736134174998,14.758387670079781,13.023663091092061
18.62602625110882,85.0740515922574,49.4463680949597,7.049842895854982,11.198624275197961,28.01326135260481,9.505993667918572,3.482003507893132,4.89124824377453,14.308276524905073,14.435844480019083,11.895827569690331,15.915515317352499,-3.463776717283727,1.4232142666117464,8.806108498214188,16.151886152317072,4.737592765539194,1.539948011215191,1.330580912469064,6.00617698528073,4.373242983133654,1.0465369407159848,1.018614430781975,1.0889255337005324,1.0999681648728823,13.453896092302752,11.890976424282812
21.687480317645814,89.30393852894069,53.61011633099709,7.0542884972867,11.0130293611377,32.111169473454346,8.760064344950301,3.9105017504184643,6.494509829217462,13.016857215312267,14.923732277090721,15.073393555678342,20.228247373463784,-4.531792552516827,1.3944054422214813,7.449708468735456,19.31351348777114,5.388459982544089,2.136718222665423,1.3421295939031408,6.734197115038086,4.890424244131718,1.0457988280980655,1.0165448873177345,1.086227727611221,1.0999948417014742,15.474396140320483,13.590849606662644
18.000099353425277,108.50037360864377,43.057096861262245,6.147640381505484,9.56841583294998,31.377553954417188,10.720121360897501,2.9560469954169237,6.0071532374244185,11.775437375116676,16.36041774324549,10.759739210790016,17.02279728845476,-3.4263933095325516,1.633612659434866,8.619552276001897,16.67363893567862,4.775124810429813,1.8456400300297184,1.790413439563526,4.946602377746029,4.145422428689184,1.0466721698793948,1.0140968372259345,1.092128337090998,1.0999700234504264,16.608126640316037,14.682997101185862
18.990171509199698,103.47253264391892,49.55292962145187,7.723407748043717,10.077669927950321,27.52039182391294,10.677186046596033,3.13687531742114,7.080014832742415,13.934870124071777,12.654846939572638,12.533946881027745,22.40897025194266,-3.7729623330942794,1.8325674014651918,6.769286083955124,17.070923087954476,6.597736775028579,2.1028956776421808,1.5909269549768326,6.124076396977395,4.005960261564662,1.0462841314875464,1.014452984850001,1.088674605141271,1.0999728693571484,16.403551319640844,14.406551202545414
19.55797830921622,85.86187206918491,40.027586382832716,6.930272840605209,10.398626708100464,35.03143926690468,9.606968570019015,3.396407111182882,7.290852884097043,11.6274545292669,14.757265115825689,13.447076011809168,15.622412822078987,-4.2385182186096655,1.3439151058700736,6.420846925799031,14.34033836274824,6.7950243978408,1.9319295924994808,1.6994736007059867,5.928744911798781,4.585611997390206,1.0465106975796217,1.0185722113405444,1.0891097779856118,1.0999676621903705,13.307785535517873,11.718685427429335
22.74932263592237,90.81444144540396,41.020356789770794,8.176375762596308,9.540528112326054,25.849889256049845,10.14371752265138,3.7241639345752158,6.419618416281287,13.05829503545071,14.281831888706654,13.666534054661836,20.824042093428744,-3.915932595688324,1.9003323163830566,8.867098676756616,16.018531813684717,6.543843629936917,1.8311528459508593,1.6075237680365917,4.767516622398472,5.14794942093662,1.0457133425532859,1.016789354041616,1.0842098850644302,1.0999995331218084,13.4561320636892,11.791930467043906
25.177016437288266,104.75544343767108,53.27438380664989,6.566184277272071,10.565853523158365,26.35181801647278,8.337295016840288,3.611355080891215,5.770072504623404,13.827768214307035,14.53346743971648,11.616007036924616,15.925066099959206,-4.511267993457861,1.2872789542429752,6.004957464425914,18.769936992029944,6.952601381555832,1.9635140359538323,1.2897752563602465,5.165921325870951,5.9436454005239225,1.0454808092187355,1.0134112342218673,1.0857310328636782,1.0999738988291157,17.00410312461646,15.088712044557482
24.378684908868884,96.71701811456153,42.76877676449966,6.123685426017317,9.053459397415592,30.821374189656673,7.278594754868723,4.191082198695521,5.327456553724721,14.637819754094098,12.844155939617984,12.90367457917639,15.812645792343254,-4.316174342271859,1.654349500623891,6.258500080204245,18.914612296288038,5.909083186281949,2.103546463209589,1.8666389591539922,6.77557807160887,4.155570400400936,1.0458286892858706,1.0156770044134065,1.0861154086465303,1.099968629062628,14.465383962454341,12.769087852013598
18.409913372029266,112.57675491010635,47.56292770514326,6.804170720600609,12.408096908473986,26.718565610307287,9.817976476867111,3.972200088989666,6.793602640600485,12.279858164268852,14.313646701512253,12.259315096425043,18.933674177593986,-3.381101648402612,1.5695808322651792,7.53234897154644,16.81054773729819,6.542168997563943,1.8124808389052367,1.4277017104087522,6.178458672726514,5.59462828817325,1.0463706129232035,1.0128765746587831,1.0886235586559772,1.0999724341318402,17.67865569389032,15.569209873093884
20.13214606468411,99.67512740538336,41.04945448248776,7.119455965917314,13.033323204382361,34.353436325318334,9.271168483475028,3.7832920452111494,6.963797613102497,15.976187200688184,14.839723184127026,13.012804742060254,18.35887590652351,-3.2322918218080288,1.550594222367244,8.37188201814923,18.62443970666375,6.710314905856455,1.4770560277266978,1.6173789373316059,4.8892248120140165,4.401484366331487,1.0459811643387014,1.014701422475468,1.0878642548590722,1.0999946819174256,16.371598418863048,14.40447329763997
25.173879240663663,94.07909461763094,52.743378887543244,6.27572768202319,10.827382737583337,31.556035311839185,7.680263332601568,3.2561450307479567,5.037496644258275,14.317235680695356,17.706511903986385,14.361391095005573,22.607135687737497,-4.439143480353499,1.8273253159660663,7.731531586114027,16.721195347783716,5.582509898112559,2.0290283244330336,1.396523271857936,4.770441804712128,5.89578764536935,1.0454807848111276,1.0154976830611593,1.0889150879411584,1.0999684323297614,16.371388295551025,14.366731151601181
17.39279464756618,112.1669288482821,52.1756764319864,7.078636715881395,12.08623289702667,33.2509268547845,8.08330340155117,3.8792539565914144,6.842661885020106,12.146515002676866,12.169881072092783,11.196941205555136,16.724912707559398,-3.2217751085137536,1.7446447261793254,7.139924773375224,19.152324151893623,5.225036965143231,1.7663271588719476,1.688971154513128,6.675718683238525,5.04924220323875,1.0464042698659715,1.0125374039321235,1.0892389229283514,1.0999935340699345,18.368116605634757,16.23549850994319
20.602193769411482,108.0291281568253,44.17191164002711,6.321448046883033,10.953788641645874,32.86410101667631,7.310810994312683,3.6202351429854285,6.330492278406457,15.81412552250786,13.62733031018433,11.576489995110336,18.547675750181554,-3.6767872462955635,1.751261352121169,7.925256231394648,18.31923569169761,6.542496955580958,2.1045464155685862,1.5557995083421745,6.924497943573995,4.431321626807306,1.046030725904708,1.0132790522197723,1.08700801384331,1.0999694944111043,17.092229036379443,15.073662757824941
23.560689605702812,95.4814710761349,53.85913937037497,7.529382382643535,12.472045086423691,34.5759908328426,9.836259358104314,3.8865320007056536,5.043908052288689,11.906771376054316,17.726850293401416,13.681389979239963,19.467012531563633,-3.6924831424984617,1.3084089607724276,7.107407723892405,16.592781478642785,5.130586061777578,1.5646584897171594,1.605386592868811,5.999297826655902,4.47983583770905,1.0454634781069445,1.014968698979215,1.0905036813678546,1.0999672172119805,17.326572157235972,15.280995602454993
22.458540638279928,109.28480983878343,47.28707269336828,8.68646611554503,13.114176071509265,24.69024954145761,7.54492168676447,3.466461856042642,6.3149699641351935,13.099770708111159,13.865646591688318,13.41625010992087,15.215819493859394,-4.630194318147438,1.4285306164403344,8.75129630574902,14.003857903709122,5.1923622623434085,1.6091090647830004,1.9175378586884138,4.650673266084052,5.279276418606992,1.04542314896367,1.0132166295982914,1.087754280589155,1.0999995065080466,16.795925507384496,14.907055911452495
24.908879523608203,100.69127128365207,45.17547060430797,8.99326046261692,12.962972980558902,28.72066805894431,9.263982573400188,4.154526862927337,7.277447283100587,13.229045688876942,16.970206167732808,11.694059552925996,18.025777834273054,-3.377122137464753,1.4138781393771076,7.970619906778077,16.671589943567017,5.176225916651398,1.73009492378039,1.5188374143127563,6.930675674521975,5.707131674422758,1.0455029017602961,1.014242702581346,1.0877169947693033,1.0999703377857175,16.828446809724728,14.893618271328826
20.727547773771594,109.79637669280253,44.79118868793063,8.110420598713972,13.290591985135864,28.205290595064916,9.647585874377762,3.2142933354876866,5.529802050059058,13.90044599873038,17.756417004277978,12.461919951498462,22.326040974406013,-4.546407091581828,1.4424080719007968,7.205458221252982,17.551528457201375,5.841866451834429,1.5090901415014857,1.9159667392813813,6.386157282810169,4.875388076449424,1.046275144828263,1.0133580295623739,1.0900914715128651,1.0999929407739213,17.952979718685608,15.773701444460116
22.725703011103406,78.65974375459156,47.71016761854534,8.909730544085162,12.976772292086302,27.58109397670112,9.11292430975682,3.776336933722705,5.709622611255289,11.150347777707267,14.932432274038115,13.21630953798255,15.244396160923479,-3.269097582720108,1.4126660119002574,7.0441568609728025,16.872580119595057,5.321715571522423,1.6388523463726827,1.8363835800403725,4.976517486659309,4.9909202663447205,1.0460323456551501,1.0194723508019496,1.086200692680326,1.099957826947112,12.713822232387926,11.202315452248524
25.63051854300566,98.91049922669262,51.95296877558166,7.390960453827445,9.049296108696343,31.224338346733024,9.474927413141247,2.9545986910486666,6.0076697012441,15.742776301194512,13.142305598552973,12.50238167354128,18.704384207523955,-4.3847878903103155,1.8077285570108446,8.277808258990175,15.70661561701014,4.807125666042967,1.6916277436012903,1.7150663688136576,6.270372052814658,5.930000418953439,1.0455370174280394,1.0147057543527183,1.0899047336820915,1.099968036688723,16.617747898586988,14.705882666634015
21.29760588893139,99.19017276519014,48.549329448214806,6.537880422744242,11.026187075151968,30.02905482533013,10.62269858175213,3.3131546761725383,7.271441811583465,13.728420399730055,13.365116690086223,11.133655086040303,16.276881371177762,-3.8265752780945865,1.294032915064911,7.335135849944596,19.843007155915483,6.194647766075659,1.9870460072642915,1.3561634500596882,5.73759399865701,4.572446202051427,1.045817695298665,1.0146239023452106,1.0855134148390309,1.099974795755874,16.016745492729978,14.188390852325327
25.12076654294477,82.19110034548423,47.0109812148545,7.867665063770739,11.262904090271826,33.396873630050806,8.033231416750706,3.328347554593168,6.812685683640443,13.651585623378745,14.316619618461825,10.309567974903745,20.92572922251863,-4.6366040416281455,1.6769836860726466,8.569623662066384,16.71205493481431,5.177499839782206,1.450398315049305,1.6981748912575931,5.784012527935928,5.564196294175203,1.0452711640000136,1.0177462760523373,1.0838014560326195,1.0999995056379397,13.814191161921165,12.22140838390613
23.389843383338444,112.58604523402336,47.9971765948382,7.378611360605949,10.244593808688041,29.22696324313704,10.34233732124252,2.8594156161084383,7.266076115378299,16.16385884926211,15.483015416383894,11.844244554772638,16.89517215924738,-3.551325017268411,1.3120674729631823,7.425332875450077,13.660633158539657,6.306860178280146,1.707789207983655,1.4075934283181846,5.904060254179608,5.947518614486027,1.0458565140939953,1.0125682092739254,1.092056009225839,1.0999704217195942,18.862721344229385,16.699082819242456
23.39373750547987,93.88902131192475,53.094601401746154,8.321928474572925,12.954974865538915,26.015093581608582,10.291959274531436,3.2214365218583785,7.176037383893236,12.317751804312369,17.44401731724955,15.056056829477523,16.30573431667331,-4.640219817889941,1.3348626997947408,6.655703359837566,16.229280704995425,6.945145888451167,1.7917653968390732,1.632262043634231,6.2510658828948635,5.936587116545903,1.0455972750931464,1.015649895334007,1.0869345916709434,1.09997119519202,16.235502724341714,14.34140109014194
24.15949015307844,83.80612288668497,44.033186594302464,6.3767898484099135,11.847146591458035,25.732735617162817,8.126657598525716,4.043359117252528,5.677283847810116,13.8598922791125,14.289493412383495,10.53607894002204,17.957765107214957,-3.756586396736052,1.8532487052233717,6.973351960939018,15.798161035220131,6.456320503319816,1.9864487888723508,1.790902577055034,6.852748116976328,5.5911149967895675,1.0456632239241486,1.0181650606474182,1.0829024894823185,1.0999995126636164,12.668744370463038,11.18319256504364
20.89803920393129,106.3144409167201,47.96585896555962,6.9242506588564385,10.317068465226935,26.241340185048102,7.721974648151113,3.0582865765951106,5.034154441887319,15.597634670634887,17.468806545508773,13.140793593868988,21.58772063022601,-3.40637092013891,1.8570712481452707,7.519084678891525,13.725975550900888,4.967845567226452,1.6624630517665084,1.3078768514270411,5.357560637000469,4.119860866237784,1.0464210344722262,1.0145027677464398,1.0941860267443237,1.0999983963928368,16.83712709775544,14.8005276468863
19.40871961307372,85.37043640067073,57.25233482813309,6.79606188824154,10.031555291244839,31.704109826628944,10.293686922659228,3.3418775776429213,7.016507968655288,12.636766912037888,13.094214642505516,11.834565227584836,19.83110844185274,-3.6927433285268347,1.7106520345531449,6.710807638267448,17.93459281608795,5.446057002736443,1.7682252275533927,1.6369568898834534,6.232042007391505,4.477427383697467,1.0460525053343772,1.0175264107225623,1.087438641984786,1.099969706417868,14.792864165702575,13.05534428944621
24.616007264725834,102.55903481077745,42.715952211738866,9.043922670312845,11.938290519816452,28.938637260307125,7.76709837199266,3.5465094032313838,5.282053163858168,13.119255064968357,14.355926635527533,13.817293393285096,16.6621121773043,-4.4021193135985195,1.488724689290346,7.331965880906325,18.408344077677516,6.090910367335354,1.6617782532973948,1.527169871709364,5.349425408455895,5.189540334554314,1.045673537412088,1.0143140467219984,1.0862896465099126,1.0999718312765765,15.778775983436995,13.92997381618896
20.247180948235368,102.70428913942875,49.32553047212084,6.522948099712427,10.350003411685872,26.21307981453984,8.605127565185347,3.5223777206931084,6.116501371773228,14.87442785344176,13.047464307066187,14.96808197283103,17.80562281230448,-3.588388201189176,1.7185142900353405,8.416549886049188,15.793052518362659,6.372684981754027,2.0762898884179597,1.7707543457324526,4.7193358465243325,5.654737822732376,1.0462366030112422,1.014781163773934,1.0887448050959503,1.0999708327884423,15.881370948591588,13.964896060012844
24.082494719383906,100.57885617361204,52.771628652960715,9.057453203329095,10.891385737426205,24.393234172464258,8.85920389065978,2.865007117547467,5.597970995735845,13.969150875702498,13.765352441839893,13.641807849220456,21.44709609041148,-3.775885119676077,1.8560882888275225,6.239516794051201,18.858351410290986,6.562289697419173,1.6718356053552708,1.4711777197597538,5.3478203562761495,5.622787424688822,1.0455352980440433,1.0142543853464008,1.0855003783956927,1.099974493706776,16.235796168288893,14.264115105341777
24.57875227245649,87.78394224862652,49.570327443138105,6.502357017498982,11.060128747498979,35.385755640095354,7.7718209317424884,4.126587695944082,6.891181521594619,16.049959115109857,12.990289413238779,11.24467393145229,15.328190581184927,-4.250534828148345,1.6922206037991587,6.534196314974197,18.533202571199357,5.334133574225603,1.5371968099180573,1.5504401056123829,4.851050048350307,4.526487312546493,1.0454373332918607,1.0165966175848113,1.0871205770403227,1.099964872776205,15.134969520988093,13.435751039148325
20.583173551149365,107.45824209569317,53.39353193352639,7.425973028681879,12.206096258730696,30.310065706912262,8.427030678281044,3.8162240808933987,6.547737936897962,14.14310998784545,15.603014905417773,13.62954852102104,18.12254589608329,-4.475758271505615,1.3838770211177351,8.651656389717463,15.552751437732445,4.930073348212004,1.8720197299289736,1.5206314682050595,6.531959366880164,4.861570937057534,1.045925431256914,1.013429311200311,1.0900929206342678,1.0999633961458088,18.392086991311597,16.25125564184697
23.163122721879112,86.97516104454184,42.244729410484496,7.259669054084425,11.678499099018902,31.351971522693947,9.281543995072866,4.183278006073752,6.566260055048203,15.830205989023357,12.622881841575241,10.471774483452473,17.56355973529085,-3.3330787438672216,1.6165558580660915,7.556943760569836,17.09831318518783,6.368928683528088,2.1393573841528704,1.8420855625210537,4.914611995815349,4.6770273775413145,1.0458054761517017,1.01741071525727,1.0863058980823317,1.0999692047118703,13.801619826386707,12.203901905829833
19.580543857417002,82.02247804114259,48.6551396416586,7.7619237821795,9.978056828938515,32.000387553618886,9.83849147701022,2.829371992767507,5.845648797082452,15.606759462488755,15.021098905133277,11.92594923131009,17.12793875212299,-3.49963305107252,1.3438515416645163,8.451679257279276,13.8554051718173,5.318123856799413,1.4728865317677744,1.7800874046231685,4.731138142766154,4.616602207736417,1.0463846863842612,1.0190838139185523,1.0908077792628625,1.0999999860325238,13.732712009231754,12.137224476498183
22.336221172352243,90.79227205585697,43.6370228058028,6.916574780179727,12.534100570907995,35.09294152202949,8.452947853615656,2.854803719052623,4.969220498098224,14.899752442137876,15.212124136790395,14.140650699680037,20.50097727819317,-4.535709904854018,1.8469275462698391,8.364982186863532,16.435256022679837,5.354853265640937,1.805059286960141,1.6013258286846872,6.055839273423263,4.372195135565809,1.0459330691953643,1.016767944753459,1.088887679945298,1.099967247598219,14.894337086866521,13.086298153771295
23.050780562262503,92.56472282407513,50.09831638670922,6.808398661675418,10.90608912457055,26.08037433053974,10.351098564324486,3.4831454630581526,5.428954654000101,11.02252695700435,15.947402441335111,11.250395147067959,22.720824661622714,-3.9525725825276674,1.4649452775987406,7.9730323013778905,15.10746029162889,6.5430363618706116,1.6619299566695582,1.9124785487333817,6.0439359022330805,5.688822297885326,1.0455179189163637,1.0158216018399908,1.0849071028408614,1.0999995443922312,14.670780948098813,12.926847157708153
17.992038275940704,88.48392204711158,52.34075308749677,8.07137941271537,9.830209184023236,27.803194580014576,8.148396266955148,3.65871823766658,5.720746479879411,12.468892906801889,13.155972763400596,12.237857774246413,16.685819685493808,-4.6216085563091065,1.3788811593569943,8.73991414487633,16.125061371759706,5.516649100423195,1.606550256651491,1.6868840539952121,6.23042499482514,4.935141924504835,1.0461897248887428,1.0174901634072926,1.0846327485050031,1.0999395947575417,13.728695051525078,12.14986879577545
17.843535854618924,109.96946247794456,56.9838930205964,7.390371982243978,11.709200417193784,28.913523789676212,8.358766743190035,2.908246310000931,5.992805262169409,15.219276604341037,12.021507508084502,13.11710703055553,21.89386802632284,-3.4593771108223983,1.397283753401,8.31682987710583,14.973773902632109,5.085403500740704,1.7121522604098494,1.5312012878529395,6.667914466198432,5.236886943867354,1.0463221645242893,1.0132320306707219,1.0908314126116436,1.099962701694031,18.34209133860483,16.128609592238636
20.883745441027635,95.4957384942877,56.47981526117924,6.424172616894082,9.890565537326617,34.95783873772135,10.646369454697934,3.048031589770682,5.234065513785727,13.073859725428546,12.216321023228296,13.486909944008511,15.78896976462924,-3.210526218267078,1.5905196391736636,8.873359908330304,16.113925015459383,5.467036288092478,2.1585288351616456,1.6204601348986776,5.510560063985377,4.771721626683203,1.0458312776041925,1.0152623204906668,1.0897419549297325,1.0999666518368794,16.39740272447919,14.495854570031796
19.05224842557087,94.66056480462328,46.630908138572266,6.903217700896136,9.679219587975883,27.27261865027713,9.031259979675825,2.8816665811987225,5.255135429744852,15.917349241633115,15.155417892146781,10.482322462592991,20.467466966648754,-3.2164124773232943,1.7528795053096786,8.24988816516008,17.60316439897504,6.3387145435168915,1.5033353623294017,1.7451395535073713,4.957116901759409,4.679011814543688,1.0463744578829657,1.0164071012432774,1.0877709819058046,1.0999722652209794,14.585003171556247,12.852597213032823
25.54302880038549,94.3083479981964,56.73719338142721,6.350324275015683,11.099453566043046,24.336347379267075,9.468756944637425,2.9101898019159234,5.307897438198521,12.197683674374115,16.38251335592032,10.99292756359582,21.634403605027316,-3.3257701445760492,1.3025564474049003,7.185136256909004,19.7834925026894,4.895993968469964,1.513237279708533,1.7607465669091995,5.364215130065071,5.434563234451434,1.0447855239776334,1.0145264015226716,1.0828836076022064,1.0999996239167686,15.68602821091748,13.847051325419313
19.096091916368394,92.69551274138678,43.31234246255931,7.452645773232423,12.40555497478216,32.59171729763641,9.056780235625405,4.099720581209471,5.523633209973789,12.09768129604386,15.578286151005585,13.316188933821287,15.553704300693804,-4.06813323132356,1.5196391407033694,8.242327575961678,18.64582161258061,5.920996861349125,1.441227622681631,1.687274118506651,6.377404568824968,4.497966532463028,1.0462080724009366,1.0164875420728037,1.0862428935378006,1.0999686733376688,14.62579934842174,12.896491456757364
21.393127289902047,111.74857917015619,43.939969380895256,6.758385883166892,9.904629461341484,30.19384984537716,10.619233564708823,3.652166180880496,5.62010841337989,14.24827680156425,15.644060093682814,13.192379689506643,16.411639172351098,-4.1099242069781905,1.5553052496092798,6.0557761758691,16.86403619465937,6.935098848906728,1.6918125054076683,1.8979578997239412,4.863197320657219,5.464900231734613,1.046050159677316,1.0128927481291887,1.0900078854452102,1.0999748035099797,17.787832257963476,15.689695841165651
18.35238435367341,85.66817689156274,49.15447677135902,7.882050269689317,12.432946701209087,30.860674605283783,9.33701293577002,4.077294321784794,5.983272235390343,12.016435204953297,12.884259966740837,12.191972551792258,20.616920939472088,-3.1863678364906454,1.3625941673660202,6.318340380310919,17.166061016261686,5.203445989232538,1.5597067883770057,1.6593732606355343,6.406239003849519,4.664309832905329,1.046340080297728,1.0180337972467868,1.0871761178253634,1.0999667597114426,13.78723732155416,12.1295197885023
22.378815977272854,79.05732788935566,56.12085250234874,7.10416440335691,13.428825505417285,35.14733551902743,10.003764417608922,2.8280939335697535,6.206078805737846,11.268916670376063,17.255022634730636,14.171352163448805,22.58978686212719,-4.069077406913681,1.6141905948699762,7.556921567833163,15.846017206376851,5.727360955971607,1.8974970598574523,1.8770864688360174,6.022451664753992,5.714231884634734,1.0457613560354813,1.0185825851626606,1.0889013406523158,1.0999942018064774,15.109432343054774,13.263109502553167
24.848929630105705,94.90961522596241,44.88361954543452,8.024304574929527,10.957530491778495,24.56100223439881,8.560112761556761,4.191700993269055,4.998368962864141,14.562001324265005,16.933484682224634,13.455527589654922,19.530086556841006,-4.223784890486861,1.5547793518717796,6.27408521192663,19.670148448574455,5.642937786363335,1.9190802507609728,1.620038679609149,4.7668415269879265,5.905493201985077,1.045648763880917,1.0157478757054201,1.0848535769054144,1.0999727587756873,14.8989672256537,13.103243230895366
24.239223122672325,80.9780086636068,57.00912651463165,8.320180171401992,11.076000993918823,30.814166667402965,7.584252055252552,3.5845761140218553,5.0597330157216245,13.742218388444229,15.214066305026202,14.602149028616578,20.710437002069433,-3.509301731855587,1.8485927310002284,7.719727994544017,17.306359737731583,5.032036776595454,2.057596989097762,1.8758176736105883,6.437978306828187,5.8815049052900115,1.0455211565308091,1.0180374692588046,1.0864618640271433,1.0999678262398502,14.571899311363872,12.795957731994871
19.983963167781962,107.80697026390922,47.58763689155476,6.578308296948498,11.956226683669637,31.672619194329368,8.232928249524084,2.838490664278598,5.367627312168774,12.958798757438988,12.918674949916818,11.145672137057188,18.174569049305248,-4.620387118321354,1.769115849860895,6.959245203679692,19.59865101761916,6.137900558040259,1.767923744140901,1.5797121273312942,5.592927165378109,4.46598410509188,1.046141778037731,1.0134376818243984,1.086803751892296,1.0999742673372412,16.782775743532106,14.83842550192661
20.715967428414963,95.25113575075504,48.33588294596182,8.395680182726055,10.567414400064939,32.05821674578664,9.281130619567264,4.1465835663375685,5.820095219522917,15.666568907008267,16.811029581897806,13.399334565714442,20.17430994724009,-3.2520538979860008,1.8881437475797966,6.320808190487232,17.01986917005689,5.405764257042038,1.7494934243686933,1.6705171269355628,6.748535196686986,4.915134247144603,1.0458843281643573,1.0154906180426952,1.0893942774235754,1.099970744130974,16.412026197654793,14.4263009063142
25.933492540059905,97.6971586224445,41.30979138331838,6.6576282562870075,12.168177439439843,24.194693972071907,8.929229674400016,3.007506753724923,5.937053469833942,14.849554079187284,14.654525052318949,10.990331633623109,17.114632814710482,-3.6933617582974043,1.3245191574313055,7.753012908243367,17.31402437408625,4.7841924709475565,1.7296641512453967,1.544960437046224,5.414461399042034,5.1154794806622235,1.0452799456194704,1.0151154573141616,1.084309387532731,1.0999995397592155,14.477039472993452,12.826533212877543
20.36291101372177,91.05030165072374,53.4886502270835,6.572812440507812,11.733633834959324,29.566013939951976,8.298257894925657,3.818548519086575,6.2248995972804,13.377752245587754,15.899309116036353,14.235634764545313,22.592282804255177,-4.101786574667143,1.839641590656245,6.003274623068871,16.80076499969992,5.13798231314686,1.507818569099859,1.6204614509212112,6.372637494265898,4.824545044948759,1.046079271781417,1.016668926916794,1.089123076013404,1.0999694548768861,15.434559746761348,13.539260420176465
23.176532660309693,93.81262148472699,46.597081757144224,6.962380186925016,10.6740189449645,27.72758844337425,9.526273862453573,2.9624259157907957,5.1060327395982466,14.364070168725686,15.17593649647813,12.345416491452701,16.358565921500066,-3.761202294516126,1.7854283285248074,8.668863707367771,17.945108424562424,4.778996248043644,1.9226950391528055,1.4342307773096286,5.371382883821259,4.391746415919969,1.0459140091802905,1.01624126848983,1.0880789436027714,1.0999668254104156,14.664021550271743,12.961635281024744
24.093560262583374,99.79932798097268,49.93828624393633,8.110636733394598,10.020739731089487,28.846804089039267,9.479713397576361,3.6912316386656205,6.812118545122518,12.350361420115798,16.511203285313062,12.396137161534032,20.293312459647904,-3.8309222329018473,1.8871105086662034,6.537906794224934,17.762033788186855,5.977561201782128,1.564366349482376,1.3222440549194676,6.49401498241426,4.314902667292531,1.0456229439346842,1.014514623120788,1.0888508367686933,1.0999735538480055,16.59833588271022,14.632831107764995
18.978878006580533,112.22740155990701,51.95402748023317,6.841479998467716,11.607451341479173,29.90251969314966,10.24010376304985,3.821049046965674,6.909399546203373,11.942135575077756,15.735706458027352,10.364423560765372,15.723948653322074,-4.233102171019172,1.2956288656921162,7.7392950267015275,18.86028985367168,5.521464995529826,1.4722851145247373,1.7368623677623853,6.79687256971683,5.434342784116536,1.0460760139113796,1.0123950741159093,1.0874369672805042,1.0999639093520177,18.709260981420307,16.598784464077454
22.38092206926409,84.02748630984298,38.53398193173078,8.191803209776321,9.994997267782432,33.72631959075182,8.878910827797402,3.542889815321439,6.7196051680099345,15.008925282138053,15.750198965160186,14.927233622296734,22.665468116035186,-4.597141293224402,1.807474678620124,8.116875660732754,17.684483696334276,4.880700410455639,1.6354687297097612,1.2836404630588014,4.958790898942861,4.8784589543383765,1.0455970097976361,1.0178764774528288,1.0845436726615802,1.0999995334234458,13.508615381761082,11.79028247815244
18.631937260849156,109.33467746502023,53.644968423610585,6.297700212752135,10.075133445293352,33.2650482384158,10.090966055615544,4.123630770164904,7.314016538346358,16.071858341502057,14.36442239489979,11.431668494514325,20.963917447245674,-3.586865712680688,1.796096230484051,7.601864191193773,18.551677107560092,5.2800413209434645,1.805779667198751,1.6409752279053966,6.828010717110707,4.533195153660834,1.046158622365537,1.012750169544257,1.0888397733457886,1.0999913077680892,19.223065858580565,16.914649590548724
25.490453916992884,105.68708393474816,52.21469431413762,8.47208561832278,11.672304205542655,26.480144123457332,7.882181887823471,4.012878010190546,6.649340142333832,11.951303126909124,15.585956460611433,12.433536125584256,16.405779291719515,-3.9496970905971764,1.4601722191785071,6.288732372472714,16.380603102341528,6.0090518408570635,1.4737726154744286,1.537339359623038,5.23777565402111,4.061301181414465,1.0455625736946133,1.0135206922239544,1.0901975737226675,1.099968682183115,17.361728043809542,15.403343818274603
18.45075093062787,80.59880710427647,41.73655562401561,8.52226781717128,10.928923561822064,25.335614708790565,7.561069080940401,3.2171166422206547,6.8271578656388625,12.768083178874074,12.872988267351872,12.212910202254491,19.42036783538164,-3.166151326475302,1.6816907529217109,7.185302259044368,13.344579810871132,6.203423405555603,1.9529190976051067,1.6824574646775572,5.433278104828339,5.059209708131922,1.046968635695824,1.0204945163000914,1.0877900360651998,1.0999999175862196,11.440346276251194,10.021140182266793
20.720528889238217,101.7594267924173,49.39805316078812,6.328669306035447,11.841059140821107,31.709413289186056,8.534527850212918,4.026100093343586,6.9369550258217085,11.745899229058585,17.309427198575776,12.399631647194994,20.700497360020627,-4.389991330868888,1.6032719494846017,7.197305818112447,19.358597087604256,5.175580242810182,1.625018455957784,1.5114370009685998,6.633960604891712,5.877576528426152,1.046012751000783,1.0143185714527296,1.0878781412114327,1.0999933083456552,17.056537708894904,15.010465946146667
19.2701877640722,107.91062716274534,43.176840585039045,9.030749390119658,11.636387356077488,23.683620315879114,7.322867654656241,3.006478343126592,5.337678505077767,14.945143263263622,13.247684623445023,15.083239429853288,20.034451634742332,-4.200327314435487,1.419402572342533,8.678118942285254,17.714288763524348,6.645421048473123,2.1286663900064835,1.360410225350142,4.864082374223955,5.606815653179272,1.0455795305978972,1.013351725568899,1.0828914302199515,1.099999655506593,15.77129583360707,13.822490151875213
24.877974192937394,97.3561303386825,45.23793047298995,8.063994093668681,10.329375045214208,26.412951167410924,8.957322754298156,3.1026153586489316,6.060236804289022,15.965675129503285,16.925112852279646,14.943485071060113,21.328100208839924,-3.6734114600761916,1.7997089526729981,8.768747230659642,19.568317631238045,6.2250190135891925,1.5921839835468816,1.3054266581534024,4.981504529331562,5.931093835787891,1.045581520894655,1.0150379627703345,1.086032389025711,1.0999943999981305,15.831863773143255,13.850342101744378
21.37100043399324,107.57587303887192,47.13164421603452,8.08888545371791,9.068150681508055,26.54840632408853,8.770569408153321,3.6828834660158285,5.298511698849755,14.928577907060646,14.091852048571974,14.312571167708132,15.944565087002513,-4.1804202767845,1.4677301332521666,8.386149522367853,15.950411635561608,6.183611146851473,2.112699793418261,1.2932010444888093,4.665790935015747,5.5405585043534264,1.0462021016440772,1.0139605946392451,1.089583768561246,1.0999703005201948,16.587502400054106,14.64319019319374
22.970691687090117,86.39947586860703,47.692864957043895,6.207484423420561,9.82215631201836,28.609057219420578,10.202559898397336,3.471534056004119,6.310724511043388,15.518270476766414,13.760560724989519,13.719552551198444,21.748671165954725,-3.436080493086036,1.5081460256946129,8.939430521668065,19.80857127024684,5.157893438281936,1.4878410040026924,1.4533898312384341,5.562738140944554,4.882011201862327,1.0458067433633582,1.0174202598695066,1.0852180424714626,1.0999727270608528,14.005483487477868,12.262156245276913
22.731238747628076,109.25326400175668,44.55625398766494,8.663952987917593,9.378785565751288,24.094121447883936,9.01456265924446,2.883527112662847,5.837675115011521,15.642601831093865,13.359238895796542,13.746356937634507,17.49797698216451,-3.1900752861777315,1.6362819721025978,8.504560471610255,15.998870496994993,6.0721216773827615,2.088016990313563,1.7854044881516722,5.089793246591341,5.466767918730011,1.0461214964494285,1.0136547662121256,1.0893485467812354,1.0999719733910915,16.440654658664315,14.483938626297148
21.716431458390115,103.46802932114767,47.69513732598481,6.46899281888924,11.513194321167791,29.40718111028861,9.064518241109191,4.030463435104219,7.063402393963252,13.249100376534878,14.636162966029328,12.777149751072889,19.148878515340353,-4.602603944919415,1.695616299121596,6.832370984663831,16.809404331774495,6.095158712346519,1.9006356391300543,1.6545627047924372,5.0523478787219664,4.067186378159015,1.046027905211625,1.0143584452402425,1.0895229084255682,1.0999703938152505,16.61152244915895,14.665810264347545
20.292477694544296,91.46903478383035,39.421697060694775,8.557500707580331,10.501466920046026,34.38086640490635,7.7558763882321555,2.879708939712239,6.056851294702625,11.821298418858817,17.506899682444054,10.212341264144994,18.335909530448667,-4.565726523298463,1.526027652307052,6.279327841801383,15.291222420602267,5.795384113695885,1.5733092148871999,1.5785994912916879,6.580316214223143,5.7452359403932265,1.0459198978930826,1.0167031717332504,1.0858797815588095,1.0999995231120345,14.14913054734594,12.517354201789022
17.787583177289154,81.42283853142098,43.5035473958613,7.888392186698308,10.577256519390252,33.55968277866369,9.780018725818575,2.9406384323589116,6.403920306129502,11.410268176873684,13.440012591033303,11.06358281835388,16.51527081392536,-4.0815770186519,1.6407071504346633,6.528084458363181,19.85474742797839,5.618661219094442,1.5098899162715547,1.3571641708512738,5.9946334158457,5.9581388067669465,1.0464710444081684,1.019052026879667,1.0834338145845366,1.0999656707287642,12.624893191688734,11.1127223715212
22.324535562054635,111.11988283891489,46.73182010649347,7.404956955102116,11.200032969735151,31.829620406235552,8.523417479224797,4.00944044575054,4.951446578834276,13.17472665315359,14.96551142588031,13.243723770376528,17.29814653398056,-3.786868754737903,1.5901041601369963,8.060729936049638,18.416333386645807,6.351759399437586,1.6859397976485015,1.9196483347148565,6.608903523346257,4.520046746289938,1.0459740993399849,1.0126599434168695,1.0889983569185127,1.0999931247125663,17.985451835707206,15.85210182764001
19.053518393240143,87.19232072198216,46.88883358935321,8.666430110091627,12.447062941799514,33.64470425736934,8.179045613677182,3.6308457114325705,5.571127711956794,11.388725067885263,15.997818551109097,10.886427560072828,20.274502988969182,-4.130824315652438,1.798559004431371,6.418663813690693,18.482308186098503,6.9583215401952705,2.0527505629818497,1.7611597288497063,6.1762236228917216,4.843562969370859,1.046093826311687,1.0172882091308673,1.0849604818322958,1.0999727298678579,14.340600064908358,12.638907773956609
23.700741457299102,102.64702836409228,50.31424716498094,8.500686270025398,10.97046222015222,25.03078200316221,9.212643819393254,3.1710609401958796,5.8180167577271265,10.894040481282621,14.201431903990585,14.268709619168108,19.324689988730736,-3.135288822016995,1.5807000449535025,6.874354942936223,16.450936351837218,5.578887113759074,2.1110250380813147,1.3063534713363303,6.225924186174082,5.702053192603483,1.0449295310362927,1.013587956114283,1.08492012605571,1.0999996140206558,15.99981704272342,14.073490083665185
25.686190914766126,82.05333301618909,48.39854781359362,6.212512315044324,11.196342189558797,25.080405456583588,10.216428028915368,2.959418003647511,6.132423599343048,13.61391877256087,17.711036967672367,13.487301925717551,17.387586227383693,-3.495646923503496,1.3620788516128417,8.269544172147178,17.86662419705073,6.054914935354804,1.4694051189239918,1.7682104744923486,6.129179178984471,5.9277777362209765,1.045653015379976,1.018361551324527,1.0852380961533052,1.099970099572566,13.57318174552868,11.93888502333563
22.456914487330728,86.81290784301316,45.5346729578598,6.614555744349826,12.198655536262205,31.951115588256357,7.922340055719635,3.0218850524551906,5.067892037013355,15.724669015881496,13.309096208821314,11.908350715899164,17.33183426366893,-3.7652543800728338,1.7369912316047895,8.611786901178853,14.49245569686951,6.232476637479503,1.6938447424145895,1.9075373877102675,5.333492449539058,4.01438591201572,1.0456502815558981,1.0173601097068583,1.086055691827265,1.0999603114137546,13.772655932644685,12.175963461057073
21.835754974492257,81.03954725551733,39.09073344076779,8.202738465121033,12.240521585637884,29.036248354774727,9.636787860323679,3.5535352275459875,6.416714702841514,14.02220145521499,15.888303673771329,11.174123695259711,17.242170312278922,-3.8063425132319995,1.5655219260282793,8.323235134760713,15.719493897284094,5.017011962057303,1.6210554987535746,1.4174294415259063,6.337451244673971,4.940679229251964,1.0463405553276146,1.0195649133323983,1.0880544378005623,1.0999617028523205,12.619568473609544,11.130345570022513
23.510914458388136,91.04315757094739,55.25174471987466,9.069901735477112,11.9608944389877,33.792988175387386,9.028559761819427,4.10846917649547,6.909071025041699,16.15560428753661,15.633638662553572,14.1183702405626,19.32579786383442,-3.5242273626634195,1.5070433095230449,8.682016244193948,13.651494365414843,6.012233335692627,1.7081885034029582,1.5274832243235557,6.6922051988799405,5.707644749092453,1.045358792751956,1.0156754132062646,1.0877783462736732,1.0999580128479631,17.23832057076019,15.217378053042605
22.557951819969027,85.64358217019532,47.330725338617896,7.321211917119216,10.544208770827177,24.8128698269761,9.155209992175152,3.222563817024277,6.492371380743169,12.523701253457865,14.489734419083419,10.42599070090759,22.74328933128163,-3.9118721979092737,1.2955120602650707,7.623691976283432,19.059150555389518,6.432320951497589,1.9446528125732068,1.3692573789433826,6.165950023250935,5.53259675602452,1.0456568253075036,1.0173699916978567,1.0804634750441098,1.0999995690724322,13.116538285123385,11.532777539218273
22.32859747522051,108.99878249032685,43.53604462772701,6.816119887207321,12.855672457343054,30.97969926729914,7.205209993875598,3.2943839719154733,6.973168605387806,10.947525362865415,11.939357652438593,11.588797195867658,22.146400281270513,-4.526305027093225,1.6120076453129653,7.659710613418867,15.484533195146135,5.205469055904519,2.026959735032725,1.3480287107197706,5.770662140438435,5.268794518994168,1.046217504808002,1.0137714287808526,1.0899753471765392,1.0999794024775735,16.396099839687125,14.450278154680085
18.259944920420534,94.93879535739799,49.28220702488591,8.337188023942387,10.012065500180947,27.061264538830947,9.250276127878921,4.17637697397426,5.410683366081079,16.123880666466704,16.17748149700471,14.356496913720516,15.881273638596179,-3.5886554923917866,1.3169512189766281,7.114640985009526,19.795763341869144,4.884233504318706,1.8449084033072636,1.2838851986008402,6.293424133222225,4.394385384744083,1.0462450653350353,1.0160092903711735,1.0868902425800966,1.0999717799667506,15.476018213391441,13.634176904755904
18.484793782242942,88.05883116221848,52.982366976593326,6.4041037823860805,9.989678701178155,23.699880175084257,10.686293505704224,3.629003839984409,6.636555112778666,14.317469124242477,12.78041277086326,13.18229489008949,16.198758523073593,-3.7459288681824794,1.6441364069921875,7.676643342306468,14.0706475485254,4.719891449579931,2.0147287059891457,1.7445903596774437,4.829819858590192,4.2548310376031075,1.0465666238008282,1.018183934863138,1.0902357085869292,1.099999937634369,13.717816761562586,12.1223392204152
25.1076271790619,104.34077701310868,57.2865848636628,6.852121845583266,11.14535739013229,26.390222997535798,9.442080498518315,2.9615799347278453,5.190473341493001,11.188194613587664,16.053773050294435,12.66988869336069,19.89475724429519,-4.4917096326794,1.7538102302434297,7.385168754500073,19.816123762937664,5.698514154649377,1.520964484728144,1.9152990382417383,4.692944093634446,5.099767118975505,1.0455458264393067,1.0134186290652278,1.087698075332422,1.0999949244358147,17.515228557479645,15.455229671909775
20.042948841913475,94.33384505032,48.922591653607256,6.809891524686602,11.454727225702932,32.52152112166534,8.159435414078395,3.33679658663947,5.5345121713203005,15.231022547336293,16.240894264889196,14.58567790106951,16.49237918605261,-3.2347842355292125,1.356405442469551,6.48305499847271,16.81966886688069,6.892516003241614,1.697209499964083,1.8934452923905312,4.728625844374897,5.853744405629317,1.045958730429301,1.0157669045763387,1.0878513127358738,1.0999728019121318,15.825472760828042,13.926804489714621
18.932404631407152,109.74205746190506,39.31506846380761,8.962587120384898,9.859576224148496,27.172025908863297,8.96739243877065,3.3330092337296655,6.508768245002085,16.063961943150417,15.534301885197447,13.82514587993767,15.868839902323334,-4.099387389349209,1.5704638573097045,8.657347073758885,15.857721701630197,6.216333614195812,1.604270684346537,1.4459984214554855,5.512604039739674,4.608127075013005,1.0466034599893368,1.0140695242576678,1.0905089822247707,1.0999707920353354,16.576258052942304,14.623476408643805
19.56366832590585,77.2315168383425,54.23858986310701,6.275476653909504,12.935397509901295,25.08049159100311,7.434942253425573,3.5882066695729757,6.105957973882321,13.45266667169218,15.344045791908332,11.618247559085312,20.238414478065046,-3.9037474627432056,1.4942358188526883,8.479502000942183,18.112068079609358,5.553175993311523,2.050284805364788,1.8689652800715355,5.88552973963572,4.429904900313842,1.046019701841211,1.0194828238529146,1.0818234323775646,1.099999525734029,12.747468346094509,11.224380081827555
25.309075918827844,82.4995920851991,39.16585208909818,7.075560506974318,12.216809223185457,34.49463421897188,9.494228328531985,4.132573965753323,5.105384847833188,11.128070139775309,15.520984026432238,15.067870918263193,19.020681948055902,-3.200363752465316,1.421579939889572,6.734378719247312,15.523371337469348,4.741159849920013,2.0915227443585,1.609960924621757,6.196559439653534,4.134345673790018,1.04538331943085,1.0181473003622248,1.0862603982995536,1.0999994536700004,13.12242891104789,11.486399324087365
17.829722260535675,97.45810565048782,55.20509972084045,7.686585282917023,12.892629893113918,33.16969702205183,7.473073628861715,3.0827404641399663,6.484814032739036,13.194907465770225,13.652570889335648,12.286659988723734,18.58351731165682,-4.54046151128169,1.3462133015711701,6.839192240422845,16.849430382109222,6.260025669782972,1.8940588480506553,1.8826513521519326,6.485812705581178,5.114153683948861,1.0461846544840008,1.0152114202078097,1.0876566332792459,1.0999707840732993,16.5692176919851,14.660598646659292
19.223445763726048,92.3489410392364,51.4974685089984,8.627405011501699,13.259618285412294,30.74434264042743,9.096909722295958,2.824768692369608,5.055921728726439,11.642966987241962,12.246369189890183,12.196385253129025,17.760276943055427,-4.114272486274693,1.6228256690773777,7.787912278163579,16.413928627506024,5.284350184645876,2.126034226761463,1.3353018622464892,6.818227118759512,4.622476093729469,1.0456667309328274,1.0159954587116182,1.084419530494391,1.0999995261240554,14.758053540052954,13.060296236608885
21.80990134578814,79.46117872414194,39.596202027253696,7.385818164104553,12.282804246180957,26.778504375072878,9.224452400167152,3.1901104767319457,5.8282158685790195,15.694810119758655,17.02080416794972,12.781369120561557,17.009602768787797,-3.421366903863516,1.8906159059428571,6.608149789532063,18.64623758445926,5.496010886122447,2.149675090241932,1.5156196738321843,5.4555185697928845,5.274927257755246,1.0462349958535158,1.0196145567435848,1.0849053649721836,1.099968271306309,12.448526580861152,10.910595826419277
25.70596588152079,112.1435779464096,51.76178152044875,8.374003351534514,11.484041748359163,32.518153721761514,10.295206757893789,3.4805334244730326,6.39246392130545,13.701510154258457,15.272324856630917,14.681443382159618,17.902687909562335,-3.444767079936974,1.5720192705751228,6.624255571443795,16.58937882639581,6.736138804428376,1.8845521347473841,1.8274770261139697,5.025562933507987,5.801747185074353,1.0443553921219633,1.0114808145467584,1.089346521073655,1.0999610041508503,19.913875692886844,17.518234207039836
22.58351258705376,76.55670883974128,50.345234425049895,8.97224674703319,9.314668162129621,30.47298233954095,10.495722970330972,2.8135732356681245,6.419427540576608,13.364472375887198,13.98805633914572,13.347885368922508,15.600535918864368,-4.294778352208344,1.282866865228613,6.920807231377056,16.626285354226265,5.5146916213144,1.6613826733480193,1.8117344930995813,6.8088115723108285,5.747425369811777,1.0460500638527772,1.0198547033042389,1.086308017382098,1.0999602566256752,13.013918716860466,11.477248665045066
21.894703797273998,108.67530612129045,55.84687312627112,7.324084727024284,10.229837450584395,24.759529428597183,8.924730915777225,4.124815688613818,6.248614368491705,14.404835349645328,12.592787558211413,10.889079893842661,18.729996790893512,-4.603973086414612,1.5109021706185786,8.6324521239526,14.078716260346726,6.071479920086207,1.8724413433755729,1.8303198400449716,4.647694754219372,4.379863334395145,1.045424588097027,1.012867026244258,1.088098905732976,1.0999995388417272,17.536286924788676,15.576532382300243
19.266888588727902,111.15472219925898,41.178622707880386,6.192365544670504,11.3543874964433,29.83698985671744,10.23856907532431,4.128403510248923,6.194050878821919,15.821968585066138,16.241948541746986,11.503960370217571,22.25599740317384,-4.161211354843724,1.5450213969552857,8.040726253550792,15.944717176218507,4.904906341732065,1.957664697967368,1.807416071789276,6.330830381724979,4.458229335513353,1.046524914937953,1.0134751459723168,1.0913568436660408,1.0999670906044743,17.6627385220181,15.527912074097141
25.66359191698568,76.31159188452276,44.60094288582225,6.870681000986082,9.175605499714532,28.387610377266288,9.443213424585988,4.035574008879141,7.294842907507186,15.16368376658375,14.713335891528436,13.836418483912515,21.61154079328127,-3.8458792264131425,1.7824348377763202,7.44795725493863,15.846333379421441,5.860530743658325,1.926615411091544,1.7452045160439025,5.46762814382969,5.142640503112069,1.045526074762706,1.0195648942838436,1.084339877840617,1.0999994930477528,12.542904176426985,10.972094967275934
25.25767918701828,112.14747007616891,42.58498350343721,6.666206743768558,11.991551637760343,28.493269852716637,7.287200418305294,3.285606618906198,6.848457174072294,15.106105424069185,14.868323486946828,12.560695909228679,19.604256562501266,-3.4622588684791786,1.6166679199302116,6.033139080169946,16.43771544376001,5.419638427301375,1.925906116250635,1.6885462938576816,5.523539242024117,4.014545962957183,1.0458144160425584,1.01281419064913,1.091260874162795,1.0999708056525876,17.583120838363516,15.496234287432918
19.549735103148258,99.22454699512764,39.623778318494686,6.40723296237373,11.858716910060549,32.518055331201644,8.357578948845763,3.4855422917231866,7.187535730560127,15.905935235750235,13.752716535802044,14.274738405086818,19.713974801332125,-4.641755809626592,1.585672684615102,8.324120604046685,18.380430540642745,5.794044252908737,2.0128536822940615,1.4470658133164778,4.923627044193331,4.850327489310632,1.0462547656180061,1.0154264185844062,1.0869347989442182,1.0999733299834307,15.363468632180334,13.484997228601557
25.550714099579512,94.22805683707128,50.38615473092924,7.97745386595994,9.553926445367496,28.20550321205108,9.744980302518748,4.160786138013017,5.289963281444743,13.016386207831227,12.486759046824268,11.39127241501822,18.063371009278743,-3.9634034668056666,1.4275628046330118,6.6826879835360575,18.444791061490957,6.873328658036764,1.6730013367810483,1.7203148919268352,5.238746670350376,5.855904509931264,1.0454222774050306,1.0154185293645586,1.0847438138000536,1.0999706315555913,15.035700255350044,13.305784807201851
23.200792486235656,105.60486388274364,39.18364930596803,7.899458143451499,11.32370324448555,27.05736350155608,8.144747946206346,3.6120347232437577,6.603824949417629,10.979132887990021,15.301713428265279,11.025934407048874,16.266756758534363,-4.092066401427708,1.4789568750191828,7.322640699404592,15.670392094680093,6.144140262753854,1.7784862315678576,1.8966135437042866,5.457528001126999,5.48056868052567,1.045574024781254,1.0139135107868498,1.0854833525888579,1.0999995641329008,15.344773340355871,13.60089860318603
19.593299486620825,94.52981653015323,48.80513365636541,7.080492214430706,11.073576769528577,26.895487927202208,7.221602814026336,3.1019076222930306,6.5881565808834095,14.963200332221033,13.590009088147962,12.232858433995805,15.483979017053445,-3.4898181257123815,1.7787003413582714,7.817958810795171,14.646316265777028,5.237265428684043,2.028097456552483,1.4138138898847368,5.415245923965345,5.3287173833092885,1.0464325818453188,1.0166997101329769,1.0899067822063822,1.099961253352997,14.513174830234409,12.847272078472377
22.23045550794612,92.72558933321012,55.44304965953271,6.747919806653758,12.281561111066239,25.476953319294562,9.416641800535722,4.018872988775838,5.997280356566656,14.711190338833175,16.80954438387397,10.851014238378221,20.564284404144036,-4.554951997422335,1.6488771903075485,6.5583667335862685,14.122898409750583,5.242585966682856,1.5145295536920116,1.6085722058144303,4.801714863879624,4.446809249272453,1.0454797479396292,1.0158132959866744,1.0883561191946465,1.0999994837386033,15.884156150570103,14.092828041162694
21.17842265315802,93.21710779514817,49.05041903600996,8.225069486762209,9.171584305701295,24.551327235674243,7.419092946497211,3.3924104416508745,4.982108985514359,14.828838840889162,13.249081078989327,14.93119946591299,18.896668538738044,-3.8162681738098345,1.7795447632892802,8.139461951678973,17.312532031895667,6.8095403585008585,1.7440266679106955,1.7974602724942637,5.5218156341302995,5.67669134859221,1.045571628086155,1.0160777087900879,1.0825032046022471,1.099999581409895,14.037063116819693,12.309956989157584
19.61223977942461,86.25958330446171,51.20086549041372,6.726648416653461,9.98661075787392,27.202096662405495,9.644143570777352,4.045143329392524,6.525945068749847,15.270196919458275,15.15962111457904,10.510129964433338,15.963543207464605,-3.984851486252388,1.4897926199309504,6.661704220910828,16.375945997289403,6.18627243889798,1.7171942023698181,1.7936270445806988,6.353373932045633,5.469829764319134,1.0462818462474335,1.0179524146538925,1.0873993837729452,1.0999665849738718,14.153072768121895,12.54794154408668
25.91144650639973,86.4842655473632,50.567153210837915,8.680654154087353,11.55626946393432,32.916125678161634,8.692027869023685,3.6266878839167265,5.015825998442561,16.123145071453994,16.688110149432568,14.573550083887763,20.476636513886387,-3.410238051181571,1.299858203147541,8.593969823208042,15.91163554080786,5.2521665124126145,1.84440453036404,1.5493750543844604,6.151865109995132,4.967586466109028,1.0453321583733999,1.0168218225014536,1.0885857906738379,1.0999655852774501,15.682234048938957,13.797279162293158
23.411983659021548,107.5169887951045,41.97905004947469,7.081475956919079,10.916933827836463,34.952289686726125,8.515201008770948,3.333539789429681,6.474472956021329,13.063678433405727,17.589293524012046,14.703901303215254,19.101906711095115,-4.125849364958645,1.3171395596055173,8.087191584097194,17.975813796381576,5.473342365892242,1.5981716762101963,1.8656501771628908,5.629955369867896,5.307412209603422,1.0458798643516911,1.0133782865007348,1.0901967933929955,1.0999928467881068,17.732129231175488,15.56745836659685
17.649293940393903,90.96205083661519,53.86598846658538,7.258231041218174,11.662161997413206,26.076298445717565,8.699492335822415,4.098692805274461,6.26214226927053,15.670429879101828,17.29603502495768,14.956270826156354,22.0049766166088,-3.1251185612560692,1.877769530612222,6.412378317256129,13.545110307378042,4.768501400221083,1.6912196605270322,1.677314614572028,5.573361975924074,4.051108569298759,1.0465427267000946,1.0173068286121913,1.0932612464484963,1.0999609878857317,15.523261541528779,13.610659974088401
21.495869264636525,92.01948636874792,52.71095795639148,6.930023211213332,9.934539658598766,26.62007970058419,8.293463361467452,3.638830822714033,6.0305221845030745,12.619230651966912,14.150912383370724,12.044292193607598,22.59029087979841,-3.483475301362606,1.8035593985742455,8.124632512764562,13.316984837207578,6.944168826051132,1.9846363468561727,1.7167677352645065,5.580353321809799,5.11040617782858,1.0457408690550556,1.0162016089413546,1.0865305973048593,1.0999994933270234,14.556847935654677,12.812169108385154
19.55839137439364,76.69701470588988,54.224734109487,8.805312860790762,9.687868452031793,32.88726193097965,9.86814962382837,3.049725002710527,5.909262278282497,13.082892772504158,16.44938697949928,14.41531740134236,15.920290922574422,-3.9982320064505563,1.7675190380344867,8.358571782195474,14.262677002217918,5.8591719321098426,2.057442268581146,1.483851889014582,5.626271205475369,5.608717022672664,1.0463033795973624,1.0198653091930419,1.089397791513954,1.0999585127072178,13.868433386084018,12.215553894974189
18.135293443875057,107.74570716301669,44.18931642389306,6.084408962437027,10.009032969852484,24.656107562566977,7.532585665186479,3.7699700277996278,5.402102258959318,15.847608760075707,14.998009497684171,12.497299150410985,18.500554738473152,-4.2004367178877455,1.5694481680151096,6.385801068675576,19.124343279454624,5.633877209507528,1.4932832945036418,1.618794231998567,6.1418447116172326,4.551164928315517,1.046681543447179,1.0143944430414156,1.0877612538189714,1.0999736131289752,15.86137437622333,13.968558588795101
24.30695473860895,100.59715387868788,50.674523156335965,7.359307856718094,13.269380550322568,26.83543218180112,9.27973980365563,3.2326772204616647,6.697323597250592,11.058074012898658,12.193527452535294,14.27917372515546,18.5004380240839,-3.652240885176555,1.6688171917922165,8.105698031606922,14.615976943046862,5.070200480058977,2.1298685383871145,1.6573851560861244,5.545070227322702,5.602883389339013,1.0450230004322532,1.0141317641355239,1.086223018469964,1.0999995287840565,15.882523069466409,14.01615972484309
21.91837976219232,84.46585469491423,42.19277904386689,7.286452169156258,12.812333453964259,24.325085409322256,7.986693602717148,4.050412546393628,5.177032348284971,14.199978878626506,13.192527754001311,13.237803585360393,18.111591668016164,-3.2786159584323475,1.6527840432346281,8.049128241253758,17.79701018993293,6.117919829048685,1.8001618422735932,1.6124624747899685,6.114685054754466,5.380518723493282,1.0458366300605284,1.0182007948935037,1.0811466663393614,1.099999531476297,12.343448793699334,10.819536312745951
23.04433009305642,97.47610888593886,41.21964138945474,6.7202742770183,10.12580361423836,34.45200755363253,9.93382233046908,3.5740135473516292,5.495018905647474,11.398814225518525,17.27660498684065,14.694743360380416,16.041286527287255,-4.363657999110534,1.5658528443583442,6.97190079849162,18.18765412042582,6.065244535260894,2.0016216774672033,1.32757047080508,5.379121886301299,4.638633700833472,1.0458268417798742,1.0153291177604988,1.0880545382734572,1.099970449874887,15.51695447083715,13.653072729653495
20.222256841057803,94.29344160121859,43.65122391490771,7.43092617466606,10.607643617157063,32.276493366642036,9.37260286443018,3.7150812052442417,5.393824701561652,12.557711692765203,12.046146067767964,10.710543513049302,17.214412163115544,-3.222123405231153,1.6656847362270097,8.994390347771475,13.94941302139418,6.545254093392695,1.5255476980309062,1.7087449720297192,6.13212563909692,5.805433869622398,1.0458424699807778,1.0159588449023584,1.0855785756836407,1.0999995154395406,14.220195160864868,12.57928303910851
18.349047926746845,87.24594748196591,39.975709017981586,7.318445310445479,13.043937417537352,32.8219731825299,9.802440361603148,3.546238506807783,7.035705211298676,13.226985710503174,12.812126575919805,14.414932933453558,17.325251293193123,-3.2036683239981394,1.3606643396280267,7.827176748582444,17.311024240436584,5.2436249569103195,1.9635697065211049,1.775129699455702,6.775566092629994,5.169874997356474,1.0464066253755453,1.0179203078158812,1.0862821581918252,1.099968210360136,13.480915274829375,11.81879101122838
24.125394800800933,103.73679593379515,43.16930900669272,7.023086820930485,11.103601132972864,23.824659816845134,8.270631983367805,3.4634360226819334,5.1436890804859905,11.481889793985678,14.680890944994553,13.87330236045653,21.536491874997193,-3.9722496801074074,1.5838393520299079,7.152841705379266,14.561181309785708,4.980023846529326,2.010165445196502,1.5776042446158953,6.473542969513031,5.40816607180126,1.0456562235163234,1.0143811620847387,1.087032349003349,1.0997370629716938,15.008613011451637,13.178941328111664
19.043016536847727,94.58837771547898,46.72959797368165,7.368575458515718,11.390718300433086,35.188566432690166,10.126442151614684,4.065197404282548,4.952320582949532,11.557816380679533,12.4251914149384,11.497213505731606,18.558382938946544,-4.121603066343187,1.6005320104234255,8.70955174473942,19.520643567055252,5.019368606778105,2.0540973025906455,1.5883022105685127,5.691724373456331,5.569878696969136,1.0460832984446613,1.015755987243482,1.0855913355558107,1.0999721824671165,15.073596147604185,13.301377050997269
18.16845961850953,108.61234104115346,51.06690733895039,8.740795287280314,13.415259548130148,29.712452537815587,7.535743912472145,3.0331334081032413,5.669628511832516,11.359185887527431,16.77943728378111,11.668088683246465,22.616735028950973,-4.216042633813695,1.390995436963557,7.428127940831821,16.380111231645255,5.78262704733403,1.825697642862914,1.299950772683348,6.232218611725205,4.974383550576887,1.0465131632973312,1.0136681453916203,1.0909560024619165,1.0999941477131534,17.847702331123177,15.709715059260004
24.225579662180305,106.08237192045303,42.64783153248163,6.227205757137404,12.110487675383204,35.13760090387371,8.807968751691243,3.163457933431034,5.262279422783694,12.35220622590916,13.874400526173842,12.31328369664708,20.181094136430858,-3.546134367485154,1.3126251286199526,7.119835834718159,18.961380651296263,5.796175505176371,2.134644305576695,1.6023177798967883,5.280085255258687,4.386627994490429,1.0457171019095346,1.0134194258239952,1.0883444667597684,1.0999953963560067,16.800647029989484,14.783746276928781
23.388472632098804,95.57084684809381,49.788459522392834,8.375585439575758,12.212047519906719,24.11168694198508,10.089258859062102,3.545784629872396,5.835768815188045,13.70260490184758,15.570210632805656,10.919492054158889,18.372357004480982,-3.6435144878935666,1.5042617246835448,6.274004815221924,14.341360760321532,5.015450396800034,1.7087218151195864,1.8524745887198666,5.117983502856587,4.832385015349609,1.0454235427949996,1.0153963706629918,1.0876238911270493,1.0999994949267664,15.349527214353193,13.623204445963763
20.064769724796516,105.02860321693443,39.198417385974004,6.677491922429106,9.90367410974948,35.31696104369613,9.254790064678692,2.9945415701369256,5.5441658998348196,11.706239308263791,12.662643234931911,14.209684704312092,18.967719977818696,-4.104687813484098,1.4920007980748775,7.661085258201989,14.990258375957351,5.354644157833505,1.9096113199440479,1.3762240805883075,6.071954713268511,5.704469632846254,1.046482894029504,1.014790095437209,1.0908474041052734,1.0999663350911502,15.579838015002588,13.683566694798397
18.40527360324908,109.17634105187682,39.75900140731487,7.140684049945854,11.695081732266214,30.201094169398736,7.54700786097996,3.9184784349001944,7.254494035274416,11.778632761592359,17.254980580100156,12.988591965927691,22.313096661464485,-3.3946940951301476,1.786893691634832,6.179344726335994,19.144424406770106,6.204049859503149,1.7065834444241497,1.4018987670386243,6.5343567886759155,5.206482642789623,1.0465037867739866,1.0136763899150212,1.0882465603178195,1.099994228067795,16.77476381234351,14.655126257024017
20.48840960358865,92.08373387855882,54.04349558410384,7.110338667804878,9.361554397932482,34.35312963200098,8.594437462768925,3.287742515561299,5.378735070057291,15.646081884633064,13.21633178877949,13.394298169447028,21.893814088221582,-3.1744652387810195,1.8104266913921252,7.231798265069323,17.648951179761006,5.503978586683285,1.9407717045701955,1.4427487453169276,4.6908788584501195,5.895575029575907,1.0458402191263283,1.0159124429274586,1.0880935907277778,1.0999711461067272,15.857771462757395,13.913607319385061
17.502072191867917,106.41206123339055,41.473910784325696,7.272349494950164,12.644765846747129,26.029999373685676,10.316547379890128,3.496862514742662,5.773414449030154,14.377163832376214,13.954682743006508,11.924224863701493,20.774800571131106,-3.603338270281008,1.408494494946832,8.422938383989717,18.627663663948823,5.794398832599937,1.8191920436373277,1.7254890404912886,5.8215163568888455,4.834079917938466,1.0465784557261524,1.014344787535799,1.086882404073214,1.099974662977329,15.887765838694762,13.963954300082786
25.99568159781575,80.92309132148442,49.57295896306613,8.773023599270006,12.038723384491393,33.99489492924121,8.410804993276821,3.180790166764335,6.9571046240411345,12.928218711401486,16.149706645421578,10.9105627783437,20.944369752862727,-3.9764129324787967,1.451911449542695,7.483511891876715,17.90770567557563,4.66757646852593,1.898976282346173,1.6266180980948957,5.15106390917242,5.505962147952394,1.0448731924038888,1.0174170282302297,1.0834643155246784,1.09999955797334,14.498998990822958,12.817745860608968
19.994041346616186,85.79211990067456,47.24969483286705,8.135495022403989,13.121229971925619,25.268015468958826,8.62728523470624,2.893785429517682,6.730863823831051,13.217757604279349,16.133297645721584,11.796747673799539,21.61681103468806,-3.9543318020545786,1.8839090059671393,6.236443917432103,16.694798114959376,6.418176170714661,1.8721099066130027,1.2948442498731794,6.895825733757803,4.596527386151797,1.0458392192058232,1.0175728854458326,1.083251562840835,1.0999995524784385,13.615626615871534,11.975494836575912
19.523731880060197,93.65966411285592,48.60606301584643,8.409515938273069,10.72186598631227,28.791532442254102,9.125855697361791,3.3521419396382965,7.1114973130068195,15.396760619824962,14.631643222664156,10.16098990067357,22.04710216602253,-3.313965054565566,1.4364879457241897,6.457083853096195,14.473975384674,6.502675887904416,1.8572410379994653,1.891900904400223,5.176972148591022,4.971269816262468,1.0457177195758356,1.0156218167803652,1.0863907200593272,1.099999564628583,15.27773978845503,13.495998616621165
25.84407824363584,106.50039161787332,52.17113178478378,6.654484612167207,12.406936196075526,27.70126844663183,9.10993282936833,3.6528256982553566,6.36684745611918,14.723226748332987,15.863744472147543,10.507324066897796,18.675837397213215,-4.155873706483167,1.4694355085860664,6.939170061649169,14.107128517090649,5.611186767461664,2.1505179127004457,1.462604391224344,5.872933591031748,5.486474505558169,1.045604843815603,1.0133619795743702,1.0915865708052899,1.099969367916723,18.08830173031356,16.062931126292224
17.47715631127547,109.28856260566391,45.63083953194082,8.722112599601386,9.134485511869661,25.318829911991376,8.361106036119214,3.2836464822885905,6.948617904188359,10.86048602309647,15.74102618775929,10.827067175787036,21.456438945403978,-4.334574294894343,1.5999494575431683,6.638061676537125,17.493049396011294,5.002519296965738,1.5768171306667107,1.681081537424229,6.939649994925608,5.782121674505092,1.0461071415433492,1.0130980042442408,1.0855894538835211,1.099999637417519,16.23212618590622,14.299352154497498
22.50817186469432,95.65206544715653,57.329118905755024,7.744087328807036,10.842122018378308,34.332755322149026,8.043063465129439,2.9365363864155327,6.427179683842865,11.317588022351245,14.143965280239643,12.31177311875514,19.361289309574172,-4.666988891366821,1.4214283029332357,7.127269135520736,14.15807442608677,6.049663380397104,1.9639246912616404,1.5885291668709627,5.210328542432733,5.241776538363495,1.0450712765102055,1.0147401803214473,1.0873304753910549,1.0999995289563853,16.617114109585355,14.72520730669155
22.03988903884161,81.8102780578521,45.996637937600724,7.402999158570992,13.362127536896018,33.62157281943515,9.843734837784936,4.044287835704127,6.674581950222064,15.678370017678962,12.24513656468187,12.476816343075935,20.876427347837936,-4.029941442711621,1.3921063450565037,7.021476259585603,15.39002185017723,5.246324838587659,1.6870575985300555,1.6095061046151173,6.6232961374972,5.484065324787513,1.0454882482004078,1.017967671542692,1.0845252954724087,1.0999995091050778,13.96262590642232,12.304582289669652
24.60996743086091,108.6541890951371,46.19679672058625,7.131919903441311,9.218152749945045,34.579801138141924,7.4369628645773185,3.8375897215186585,5.8025842628960325,15.923416182295606,14.42082804476741,14.308370424881959,17.34817672444394,-3.586578398900401,1.661132422322198,8.99394790112242,16.716680855381867,6.8122360364324335,2.0060998763390843,1.7893531610734303,5.651427174778733,4.773084500345601,1.0453229463819953,1.012694938872478,1.088226770439969,1.099962235178643,18.003333761998917,15.850472767624879
19.025881294228277,111.68130693994406,56.58360586992584,8.351085912302956,10.28721097533996,26.49311857603893,10.758996872593068,2.893159941151449,6.938296872824794,12.719473202605363,14.416463529574234,14.38644645564409,15.888582921640722,-3.672504698491601,1.8892955373885265,8.097197738313769,18.29279605431111,6.397412298216705,1.4836104598780402,1.410052859686676,5.779730754108411,4.73630046495075,1.0456561220649416,1.0124184276849202,1.0885126788566848,1.0999661180265363,18.751873691731117,16.53188292208739
20.926718704393167,104.80493722661535,38.5206669744951,8.087895456016566,8.960493838472164,24.344090601799675,8.669830031415447,3.9773279277267495,5.233789667977283,13.794955609294504,15.963891151887394,11.326027051594576,19.093709940048832,-4.54179536169558,1.6078262562339412,6.471969185362944,17.448686930005298,6.013904417619753,1.4594074270546546,1.3379804196784428,5.003732743927145,4.27257815512374,1.0465568778458278,1.015183761316791,1.0886960314525573,1.099964980986975,14.88587399272481,13.136005360390369
19.612162888468898,92.4706885795162,45.34721561582858,8.787575669869975,11.702250154140389,33.938503329549754,9.097341569703355,2.925818658965076,6.010421375722101,15.238975752948768,13.076858452315966,10.623368536063461,17.703704011370778,-3.7266806157986174,1.476004912899779,6.405722356873668,14.945576668552187,6.222895178676896,1.717868531731078,1.684831644555876,5.8842247694114596,5.098105879715337,1.045625817431179,1.015934081760718,1.0857469586111679,1.0999995371542228,14.982205732100105,13.278687344486162
19.51741016298687,95.01174147470508,38.691130929064414,7.392500976667775,11.525350247890819,25.747548331978493,8.123610622496226,3.1073434277418674,5.052161410847635,12.678429534156486,17.75463596805356,11.957712464835138,18.700078325961016,-4.138816111491945,1.6950385607482286,8.849684940055873,18.974225892250193,6.481965594083953,2.1251716025603837,1.4276898467092298,6.071565731522558,5.774393533444313,1.0459741163259875,1.0161135162814432,1.0810308816761036,1.0999996399343337,13.722044845197482,12.055414696349
22.777519213853925,112.18920348318684,40.15874388988996,7.415564728491328,13.33858582743069,28.078902737125127,9.862402950357497,2.842564061510109,6.575402559697963,15.846984355648923,14.200929459732416,10.268203176668802,15.41211451340568,-4.511556356909298,1.7424103085416076,6.32005915267974,13.642479439619947,6.507194843587913,2.0230996556198586,1.3571339774669116,5.339527337021637,5.560052129147779,1.0453144642902976,1.0124031196030399,1.0875737919490822,1.0999996113379165,17.39241336561364,15.469076315576544
21.92057677588077,111.40411755212928,47.43791777901561,8.137952130199158,11.243829478522295,34.726992849083544,8.635172731443392,3.12171503725004,5.676986619085623,15.404986102492238,14.887713838532315,11.959601701791373,19.33637616575207,-3.3278383433518743,1.2834299549603818,6.841754051080473,17.297237979362723,6.291099385614418,2.035159895773416,1.8730646780124607,5.596100644958262,5.48103359911491,1.0459194084883874,1.0123960818693207,1.0903101056749822,1.099992222119613,18.906241398810366,16.657826768549636
18.008161034119183,77.52773035373198,40.626137606775316,7.443650057405517,9.9065408444744,26.98571431486623,9.532368624644288,3.3019310503239843,6.2399866008319735,13.026980286377597,12.927056762898125,10.536021550499942,16.99535936435515,-3.2100127324060295,1.6759116543294763,8.3871528043983,15.535878701096342,5.538097648417471,2.027657565186701,1.4224722639190786,4.916451815252108,5.002236234662173,1.0470152367384922,1.0210753306259888,1.0865828631422212,1.0999999531354299,11.057679812402236,9.703273547568537
22.968930671548495,97.95497873575134,51.889252625642335,6.252523593805992,10.87834322515751,26.41513218255918,9.932836534365686,4.021822677684489,5.566459207567652,11.314177626974805,13.430430653468726,10.688363124419311,17.65040846246225,-3.9595897821820483,1.903155810814852,7.198110763054075,14.741065094394687,5.026980037660337,1.5645886316198467,1.403262517287334,6.408459492286877,4.12205542286484,1.045567030588325,1.0150580225559953,1.0878875679712197,1.0999550670651717,15.24223780179935,13.53252204292515
26.017455496265537,95.05482321914472,48.64647861903179,7.166994191246798,12.052344010166298,29.16318482239341,8.38462062587238,3.1711937651912603,7.138588944917153,12.37134338128307,14.52090382620186,11.939734322751658,15.854959088453073,-3.410057655392337,1.4012812642088848,8.080948543168965,15.979727122172973,6.454164746323928,1.9504446655205931,1.4029118504934643,5.945967254678633,5.485817692097605,1.0454456838960844,1.015399333331824,1.0873593105731019,1.0999685537271764,15.39363241299476,13.646853081327688
22.854812575769277,97.96862202475513,52.38136016710268,6.252613447339173,12.236770324179217,26.817332105210454,9.258740116233675,3.139226992575111,6.9267148761846835,13.395020513224082,15.751929623668902,14.193936780861776,22.00439593854237,-4.262016871428171,1.3752118887618598,8.56359710875736,17.38735736134696,6.053923439442234,2.1033652030595436,1.4392521956261652,5.195843274906157,5.0263871093899235,1.0457554943772636,1.0150149808153124,1.0872658530102308,1.0999693229689274,16.30895499995266,14.327309205889536
23.877491417522627,92.21202988605023,50.360003374742725,7.455675161637065,11.69453456858162,33.302695170841794,7.849716105927324,3.7735299476083775,6.801318803985166,13.214401600401624,13.84647211932441,10.228805165535963,21.257998169739107,-3.631584308096141,1.5086780604211523,7.008018489296436,16.59162915659393,6.269799009868259,1.995741454320368,1.5312452610580214,6.178396721304792,5.44136850054263,1.0449725705252155,1.0150738187015906,1.0837659832259317,1.0999995965104745,15.565272362102945,13.767024797602797
19.93724243895967,79.00069697215768,55.34600857872212,8.138432554216042,11.863534631765784,24.29504967950134,10.144343007014134,3.592475818520475,6.94883797825486,16.062630392178512,17.624317912446244,14.508933879662253,15.283200041118405,-4.501734444849652,1.3280398808496932,8.553581910530303,15.140355815581183,6.0553585453974135,1.4674091264279137,1.773556285515666,4.899158203580494,4.8213763433515435,1.046306552728587,1.0195393345059582,1.0886003248511624,1.0999593830496446,14.205010043398536,12.551129095699428
24.455431300183612,101.56075018843406,38.355536363926234,7.305218297009349,9.147835276000997,31.547298357657933,10.688214570311958,3.717365767221063,5.427468731926836,12.718258373159317,17.74083731172447,11.298186253124339,19.467620955213764,-3.744707941543522,1.7717217906740619,8.602167815939662,15.543159501685972,6.172119563782568,1.8353143422127638,1.4582044736354776,5.270902662526164,5.077263295064608,1.0459049403599934,1.0148491261407178,1.0906333421349406,1.099971090344578,15.801741478486335,13.934397769013268
18.696744942260363,105.91131689945952,39.559372525511684,6.367506438073282,10.493173863994159,24.993482746726173,8.912520076519773,3.3595462466186183,6.641215901961148,15.946222438132489,16.41120916504519,11.07159920743347,22.309961769529462,-3.7317281547827847,1.5834811909932243,7.264728712111907,15.142832234630456,6.7165027476901615,1.6792119834455637,1.6503017405949099,5.196877915748446,5.59475074954036,1.0467336567162724,1.0149549331969732,1.0901089120051275,1.0999720742325554,15.689035340620707,13.786261826526164
24.08004436471334,86.52504137668461,51.27131387850282,8.219775540608648,11.480051144149352,30.687060910805705,9.268036697846865,2.914610165592784,6.515447441101634,13.336785053128931,14.533205392026824,14.528796031411547,15.376523022304497,-3.512051272015658,1.3576982398993578,6.1060231338291775,15.110495264568293,6.933264952883652,1.634565004709453,1.7047717246692937,4.914453424894474,5.2036952600944595,1.0456267083580557,1.0172198368795775,1.0881013691992665,1.0999615316164246,14.71776327850696,12.996116795093426
25.90529927364056,86.35643788399034,54.455205785101136,9.112616996314268,11.596722317468933,27.250932985050817,9.624712535636963,3.982787488776066,5.298094592827227,13.243585124743847,13.822358752338092,11.599463704568889,21.742241581625315,-3.777780250642068,1.4970088587545043,7.81053162427804,14.736826488792214,5.173352898117943,1.8146078862274833,1.5419345463335579,5.324359130699793,4.107902264548205,1.0450929509643618,1.0167073799668578,1.0865380849019475,1.0997292447865776,14.725046671483746,13.032150337962484
21.88032039138237,106.1298348670485,54.51833216506942,6.795737538367283,11.646392593684746,33.6993994516627,8.671413341794553,4.10499154423054,7.083267611076109,11.92392304606157,13.463430404085214,11.07664535312152,16.690013071055738,-4.536264855990656,1.8759282618832787,6.155691723555393,17.221526281663444,5.949017225829566,1.7211943056416112,1.6842864594067883,6.837893355185171,4.340509765444293,1.0457532151751419,1.0132045569703636,1.0897220400176444,1.0999723243026787,18.146786248414042,16.105425386226237
18.405166696338835,76.61815670883581,45.19649284590354,7.106390570316712,10.890072202950725,29.5390583643952,9.928166378509635,3.348958746640526,5.68669598684141,15.265145629401985,16.984788157095792,11.342451098610233,17.591505852605945,-4.407181538619737,1.3308212763505696,6.9775403411722134,16.25704471075132,5.074006147265325,1.569538221559703,1.5519117171286585,6.390490401384866,5.680465959095255,1.046729531532257,1.0206723555087303,1.087723005454051,1.0999635427534087,12.627016138264086,11.128132456526437
25.85976060321398,78.14771900745598,42.38296368591138,8.380154720847962,11.381882203129363,27.466621332756535,7.940122780490077,3.1926685722994272,5.927465038734322,11.756616585332576,17.666786697025433,10.706549298567362,22.690388502118065,-4.433353526161048,1.550817035208793,8.21944900316463,17.738861218144006,5.134825649641519,1.6841304620056414,1.608398440195493,6.119798497339525,5.085789962713243,1.0456127792128902,1.0192833547042737,1.0827987206340144,1.0999994962367232,12.32208649859501,10.829748913027599
21.465531161536195,92.05797766378065,47.766817226520736,7.400428620331749,11.385158747404807,34.07822652875067,9.4781855269966,3.811669224983956,6.337858846303094,14.272295485035611,15.366964977551156,10.296481932754782,22.796947704720147,-3.172430414732119,1.5328947252695384,6.315347034896801,13.923604910927793,6.480982527884802,1.7466665611378154,1.7927287733112096,5.272864611979529,4.5129255836124695,1.0459551490860723,1.0163548729296854,1.0913330829623784,1.0999677314291547,15.655654835515453,13.813148550749421
19.54068839414953,98.5763672030504,53.82278833384787,7.454873470628732,10.659035030072049,35.08823873957946,7.6203145296419,3.4812857548628493,5.876710117762699,11.32988362156921,13.518474158045787,10.304481359901889,21.864852596270474,-4.068245265225026,1.8016118386369606,7.564663357208969,17.26074526736138,6.265982388517262,2.093768371774235,1.3387212082085416,5.407800275786886,5.418052381400001,1.0460248473422527,1.0148228424640169,1.0879661373821778,1.0999709161632456,16.40922771539073,14.48552062611487
25.678482886852088,112.31682390550341,50.44052953470446,6.668539372374796,9.494055923134525,34.76331500250902,8.762139682065028,3.0727424465677586,7.158697738497345,11.364431066447285,16.26824373726817,13.336336179920137,15.866783449294779,-3.6484481211975295,1.375955641305607,7.813495777599483,16.448030530338126,4.649918289212339,2.1425116077244137,1.503734175929306,5.239034191381956,4.444885911588205,1.0453317728372034,1.0121516486131699,1.0927385908416043,1.0999699628258248,19.144478799075216,16.92445183671349
18.73852197878657,113.00748503183809,43.88249302589629,7.312761031561816,12.863674504477837,31.17427254180596,8.52729988228298,4.057659810293394,6.709327053401185,12.030662740725178,15.756684407815523,14.845784371325397,18.973102676223135,-4.2644353484174005,1.9015063961530618,8.07124242268564,13.960192900046778,5.207378158160591,1.8684694348867072,1.4563557218380199,6.861496756502803,4.810704068044347,1.0464319196365561,1.0132214079952793,1.092560566390611,1.0999669930210447,18.01498501561779,15.828466413904973
21.32875992175693,101.79636688195403,48.26365486325663,7.241723739341856,9.303337680692513,30.638057956192792,10.323288110858524,3.7600674184640788,5.810847824514563,11.4897207489649,16.785375593949293,14.944081680134518,18.150874730051612,-4.256681815127136,1.5428886015300838,7.5068008165565985,18.834203167292962,4.8335444739298765,1.8218414511264278,1.4173569757895825,5.428349793550169,5.288857649284548,1.0459456369264861,1.0145024207664555,1.088712679083357,1.0999731308786118,16.558323751904425,14.55318131563494
17.596342619083842,97.73532972930877,43.659415618355695,8.115232456856539,9.594284456570483,32.2825769250309,9.524302991146723,4.159738566032492,7.103414286349881,12.329835461278392,12.082806773443606,13.48927229044773,19.781944156435507,-3.1627888792756558,1.3585136186896596,7.754105113607956,19.334533033248785,6.743080641511104,1.5490692393206942,1.5261273256993597,4.740230645297044,4.938543692725858,1.046312854452697,1.0154762546598528,1.0854059309753816,1.0999730272858113,14.951119870306233,13.105366740035514
23.896764429963426,105.12617176425624,47.78067860132647,6.371443811112983,10.668510608813417,34.5988031276975,8.026605203470973,3.2476562298778173,6.702258308129892,14.761336259984066,17.356725636628596,12.131642948859508,19.110950301444614,-3.849132239503945,1.87376138945437,8.307991766473904,18.800773418096753,4.948787983684233,2.010129618865075,1.5571064102767982,4.694145744167101,4.1201767054865694,1.0457145402865817,1.013445183796031,1.0909426248575766,1.0999935763186788,18.032647980420087,15.903812371163509
23.24424091689845,89.37742878238015,54.83836976003294,8.312190326982634,9.057126452267989,31.705282079664826,7.892468901836482,3.391615596185477,6.404353893180028,15.512676342996741,14.638343414815958,14.267131507290962,21.15053903728481,-3.766680080047963,1.6006273045970578,8.101455030149438,13.486825606055682,6.70668248001425,1.9942676347951394,1.4396261640974917,6.916337491398423,4.358780705179238,1.0457841859110868,1.0167771820869953,1.0904246652352996,1.0999646133295997,15.656203563659489,13.782289289162573
25.294272327754207,87.58615990961484,52.83136509833828,7.467384843473752,12.25937389577601,25.438239965684524,8.170223250191338,2.9398009542608357,6.99095131470824,12.399982133955296,16.059078327323316,14.326723684526963,22.05077859648303,-3.28582349988628,1.8515295574480721,6.591758333192159,18.173029356963987,6.330929724925897,1.4461222620534873,1.4211993013185629,5.781227754022492,4.840069413326564,1.0454630416211663,1.0168208508049392,1.0857460407394621,1.099972254516024,14.65204100406485,12.842862521347136
25.333217805398412,88.91503596285507,56.15512862766359,7.476665127913295,13.280300976947942,32.30078675829336,10.185604529875762,2.9468276436886014,6.310185097111376,11.570581943078494,13.693821172223807,13.32771226332972,20.719315355673572,-3.1811266999375514,1.6198039878863135,7.69594195886966,13.803417900811738,5.801596239345772,1.953966441635875,1.31406546232034,6.403821241071592,5.152853009808274,1.045380283289276,1.0163022943248359,1.0900503442165348,1.0999649968563585,15.862186052239142,13.997141219115564
24.592412167799143,83.57659774514137,54.17219284215482,6.367465364813103,10.769157040072127,25.953920539990854,10.353674996247147,3.7868877428224836,4.941882736272176,10.851426120315365,13.655845556710753,10.887878220545273,19.990314029457487,-4.155523216856793,1.8828485783432751,8.856119773637522,17.655074123931335,4.653166261818285,1.6984784999301223,1.6084105684782504,5.798097035099641,5.206681259004453,1.0454237431899551,1.0176628374215388,1.0835723827318633,1.099999489073113,13.418714491123817,11.858905191054973
25.69758687074532,108.7140606328702,40.322321599573336,6.888580389835915,12.69233019003997,33.32682152406664,8.191334606838016,3.8228232429605677,6.519771204071572,13.357029410837791,13.120671517967017,14.674307358941956,20.351669000731945,-3.3836289628102647,1.731073500698151,8.22430115873094,19.168885093203713,5.1569870721612885,2.151902955897653,1.3781717904172297,6.033598229114232,5.314353010546958,1.0455274164168025,1.0128026725732282,1.0877567105418777,1.0999930849899282,17.22724043257229,15.088571320512017
20.99651113090767,93.25942086646816,55.27420104932726,8.041633658183004,11.186564292891394,25.114524836715592,7.226415450803286,2.9749560654125666,7.213090344642673,14.926068628153185,17.684013311961074,10.341400245317512,20.36967506932566,-3.1890979011893323,1.780516140076047,7.142850518205583,13.915881991107128,5.957868208947035,1.6416865415529995,1.7021273227979639,6.1669654420719935,5.410014948241506,1.0461140878272976,1.016373925515066,1.0907850268451091,1.0999682068259011,15.820321967894758,14.008823175611033
25.974596883790948,89.93076971081824,47.13683187215513,8.526019571117036,11.551097703138046,24.03963508611604,10.235082672935484,2.8720981547132576,5.296801133039954,11.351231821660612,12.384445711971477,10.290479166547927,15.618210626189992,-3.8102051351189434,1.441825452788873,6.379610650256457,17.653804803704134,5.1645796326714795,1.453643391848263,1.5477886616110899,5.360204541389668,4.637208862692985,1.0456329692649036,1.0169665436240392,1.0854868118272551,1.0999999719445512,13.370041438037187,11.873016906381665
21.224943844615954,100.56467677818759,50.02708077512644,8.929275293758181,11.279370665035295,29.17632493475585,7.9682919667808285,3.857533804387419,5.223492893962855,13.452117605030613,14.43108030238917,13.504168462294368,22.17392317167061,-4.596689122737226,1.3873915309844216,6.785451654801535,18.669258524565652,5.842409048882127,1.7661848892161272,1.734800289523652,6.036465890048174,5.941428108842669,1.0459811521980948,1.014669912732867,1.0866132215873965,1.099995144358585,16.334787282556114,14.349692817567918
22.428899981862155,92.9178937767645,48.618667962934715,8.537961042758798,11.704784254397788,31.23516747836327,10.697179968131731,3.6657536781956406,5.807896005936277,14.533160545869102,15.850378005984775,10.23034598837242,18.75170265557233,-4.278929620496543,1.5993865329415227,8.33886340780617,16.27386774427936,6.9213061065183865,1.6508819442268,1.3389584692134873,5.6376273786775055,5.083418049747838,1.045731668426883,1.015849539482363,1.087734980929575,1.0999716769339398,15.888384674959752,14.090515353489536
20.390133591003764,84.4891541132447,51.089762179290545,7.226460303563006,11.788531010370852,32.79304309346555,9.939609459936085,3.3254330348899677,6.265671678638426,13.228154411990808,17.109999306149575,14.624093077383996,17.81243602994908,-3.2631104186908204,1.3872527893273725,7.101005226392651,17.02661969962626,6.163745865437476,1.6785871533259202,1.7071994365593508,6.815556762123114,5.304028254337901,1.045923064052664,1.017625379630292,1.0871251349990203,1.0999690224793546,14.95816249150205,13.144068198082199
18.73634619157697,97.201924640997,48.60104228058471,8.726928337131199,10.529357687354125,28.590758198668823,9.355172599751377,3.5341954364388357,6.634400485468624,11.018100550927478,15.278555474473482,10.778093216459686,17.59558834314988,-4.152137903990528,1.380745088378994,6.926525506513887,17.947963046026473,6.149868162662254,1.5055485618310116,1.6494518358350874,4.981630351651243,4.504542757428985,1.046318472539469,1.0157426895684702,1.0874607024536613,1.0999679788197771,15.230682494707464,13.492913533767936
21.34595389855856,79.48018830187577,57.238530026602994,6.582723465604164,12.460280575360146,33.39209837127405,10.780070291625604,3.400114504993176,7.012790629139989,15.970712970690995,12.950449103572218,12.595535332422426,15.656082223306267,-4.088329458757754,1.6520999403882026,6.612378853989592,18.578074319057,4.726463436811413,2.020483673371841,1.2970529863448752,6.163842844156332,4.157539027829803,1.0457125134161476,1.0183084948037875,1.0868569328270548,1.0999641230979575,14.943677707091904,13.236400648623572
19.54063750763096,102.56169500206998,43.60133976883739,7.633968500101914,13.060312247450112,24.18568537763163,10.119887257448426,2.8913807979958857,5.189379420181491,11.444323161001739,17.844849607935927,11.075346502204189,22.01539003154764,-4.665854174196625,1.5256222530638708,7.893145630586057,18.45316592499039,5.550936589860003,1.5565061811584215,1.5576081560272392,6.430779336406831,5.561525525496807,1.04579899132878,1.0140685484024687,1.083259788517631,1.0999996424025344,15.534146005082043,13.677493759414
19.361076716043527,81.95270531108334,55.841120624158684,6.213757052897264,12.251628371427588,24.147772348271697,10.216440183099555,4.067580738670543,5.6057026631190014,11.199252474990168,14.784879836630674,11.676192226667022,18.37023468535888,-4.157377307442341,1.414288663007179,7.070854708542259,18.476214935543357,6.133527723890546,1.6749183536288919,1.7051530241663544,6.415525981109362,5.184971161905575,1.0462772614154614,1.0187358459167133,1.0842207819350593,1.0999689944576003,13.34644652595068,11.779886324218992
19.438832506108756,75.3692425464919,53.59047492561593,8.580806008161138,12.08526816624674,24.503654990137846,9.306800235028966,3.9494289397802502,5.830790701063924,11.869203964789373,15.422258691559165,14.35763766668846,15.5714116861737,-4.051243898770747,1.6916312290171789,7.807101118044838,17.596223663334005,6.104790713641639,1.5338907971858515,1.430359537247306,6.076066092270504,4.035386322273542,1.0464356142488818,1.020457611877678,1.0852843890408308,1.0999595496050059,12.546726517206306,11.029746140957887
22.86958242251776,100.43176798422002,42.81302140855491,7.898323802449545,11.352723472042463,26.676160268206743,8.866706442749116,4.073474341177054,5.920910784322113,14.20115855514931,12.130690893402537,10.555224575676261,15.81794135710522,-4.334055591257255,1.5041644126742097,6.68283506509744,18.24223513451944,5.034307345130325,1.617474618050602,1.5557961236928133,5.408936320113903,5.1707844220732895,1.0460173345226653,1.015178562757852,1.0867417322242885,1.09996630324666,14.87076306991822,13.204361470097874
20.292456573569677,90.16641763916306,54.738391949730165,8.768975576469128,12.668146134844063,33.805005005914666,9.25102320962082,3.7047265006519376,6.239502526394055,15.042175653885769,15.203962895138208,10.724270979917966,21.352808915472135,-4.3065128662569565,1.8049923809808803,6.571288390169286,15.083537230027382,5.3261439376513895,1.805817986053685,1.3656813338646145,5.534085667597692,4.364316322158059,1.0459319147369412,1.016469242749507,1.0910080347303008,1.0999672304093049,16.423993332572042,14.546896952475137
19.658140349124153,101.97668607016153,54.583989308786414,6.149633834455439,11.4952183958304,24.025505192334755,7.506897282041582,3.787117648459753,6.674883779865164,15.195495635133115,14.746479410151018,14.527822008642234,16.467971016476348,-3.509557605270604,1.3660813744652618,8.39261178174563,14.798402786087152,5.0007860831992454,1.8886396950634003,1.3293324968708318,4.7441686431508,4.213435297104918,1.0463709050530579,1.0151029456154548,1.0917284201544595,1.0999630070081694,16.359219272237162,14.455058584216864
17.362090873008615,101.62258901107714,48.98993935118083,6.718020331474681,10.00386216693963,33.169429461946464,9.006552417097081,3.7779396999144357,5.984723301110794,12.08367734051228,17.703600692070122,13.033489621947018,16.195462468636137,-3.7535004658068947,1.4907759436460166,6.642262405765564,19.478041528555327,6.6837343894666255,1.5833859238944838,1.5053746489955309,6.408571708676305,4.417012096280431,1.0462298942806902,1.0144661740866463,1.0874784593656202,1.099973569800518,16.771223109774354,14.781934071389458
22.494783007404838,101.72823573926308,50.743950867589845,8.227482266437521,12.126014158848855,34.98470985421736,8.44739600227315,4.030026594126175,4.933209232536861,12.356296001945731,12.209988460714825,13.468116116575667,15.96600681756031,-4.439302707297192,1.6938186776257664,6.0864462031608175,18.0261217064859,6.63992107763615,1.9160071255167477,1.2995354981984208,6.630373352428142,5.46492782586807,1.0455347168809739,1.013832656465549,1.0866041076563053,1.0999727383417361,16.939276787926236,14.978293502181653
20.644957392360983,87.74278813332815,47.41416186851025,8.715989322851128,10.089225896375616,24.791372972646176,10.31269094265978,2.8368057884330122,7.102832734275517,12.451024049227563,14.949007302062075,10.832061265741318,22.05713776726281,-4.2897445084796715,1.871459575429142,8.049687153354487,14.506366677569048,5.355179446928098,1.7905309740745008,1.6686452514305323,6.789385894620154,4.767902931578278,1.0460781711703284,1.0176261831461137,1.0861370186134445,1.0997249920019976,13.55762804587422,11.960048794864473
23.462665150154024,111.57081342695976,41.15339209250346,8.702637149889826,10.84476319536153,32.24257695596617,8.2567380194535,3.267577905572402,4.946205068678081,16.045582427101582,16.768177348375474,10.6371032262652,22.796266847044684,-4.063838371636588,1.826386328297205,6.199982289833607,15.865955825186374,6.193590603744375,1.5166322774637853,1.5928978167385606,5.667012668942409,4.4320804489471595,1.0459692655031494,1.0128152743487964,1.0919556223621565,1.0999682128023731,18.118318916277968,15.945641621385526
19.966342175193642,111.80101959737092,43.75895905250997,6.728815447263969,11.362217086386131,31.51730480202951,9.810335199850433,3.855946058295683,4.969871279295997,12.926306162049642,16.532790155507215,14.756648677144657,19.776720937329152,-3.20159869147511,1.533853315747284,6.222681347605364,18.250291408225642,4.787332688733463,1.5737263680493276,1.5468533913374556,5.713344211706502,4.812963400630025,1.046061494616025,1.0128992458806123,1.09093075323746,1.0999740219683,17.924342764039498,15.69081979804779
21.38228289254008,102.23485124812113,45.30041989490995,7.745161395817881,10.31909427372872,27.772804442067695,9.40967625255149,3.4866925122918278,6.644208559456646,13.826908375479448,16.709301548887883,12.41251372201316,18.931855510987692,-4.165155304285466,1.4215961244237114,7.157788610793783,17.42894586023774,4.706992944696508,1.754619432216438,1.6632639592359149,6.884311234189419,5.7540331232353426,1.0461381419786357,1.0147623836644952,1.08886251849021,1.0999730638014187,16.24934770602646,14.337730642660574
19.796840151542273,94.47167671980988,39.31864280526094,6.8118934210461335,12.431354288945043,25.055105344849068,8.127685889402244,4.1216595024301315,6.8902081532015975,15.021869648304126,17.072762642200853,13.967996887838357,16.11645524249859,-3.925835669316961,1.564316109313486,6.93345473481114,18.818028320538183,5.716802949508222,1.4834142729774358,1.455977973580972,5.170400854628313,5.774957769622567,1.0463670687704614,1.016661972253656,1.085690946259808,1.0999721027534353,14.194821878998923,12.478830533445626
22.979762713546517,96.47497769843659,47.927133500896836,8.056343603726054,12.341842449561518,30.14173952881182,10.577827494549398,4.1675678389105375,7.308635252525527,14.414711994478681,17.478417981865036,12.21475685216441,21.732902173480127,-4.538311906033901,1.8586499022926564,8.492538848725143,15.979818433297904,5.008665358195303,1.680448576568001,1.7710646843507796,5.180294386285542,4.956544129651944,1.045743929962362,1.0152692695601127,1.0899022962554767,1.099966879523382,16.84161438153285,14.856624130071651
22.267667816106954,98.11339063265913,56.131072485002626,8.090938782059524,12.482618696026313,30.466164505121274,10.20088914790307,3.169129058297668,5.392101518871845,15.802128263293037,16.053146023089973,13.571349931455764,18.75144381357622,-3.707647724497876,1.635642364466329,6.3616990482650015,16.299291405591838,5.6964530743599155,1.8276022893198711,1.6861987931950093,6.86097860908604,5.304338254183514,1.045474121478274,1.014436818974316,1.0888849064657316,1.0999630577713073,17.78696066685524,15.699757387439814
25.03073431895561,96.32152950015808,50.22686111583761,6.292304337453092,9.55702147852218,30.44011113533097,8.624566331848905,3.9183347278117022,6.20535401469299,15.564371610337224,17.715096803635255,10.909986740417143,18.20069091258276,-4.157370399371328,1.475512803456224,6.801097013164485,18.68322404257548,6.914478048216284,1.9971383984981865,1.6151530385946327,5.666626058113129,5.079295441060729,1.0454173052103497,1.0148348898457027,1.086592747566191,1.0999717238547047,16.524480866979776,14.627276631934322
21.377448614989547,94.30882197968398,42.130022326118834,8.827375525900354,12.34031680682424,31.635533587779992,10.619729895508103,3.1981520646779735,5.078028962580419,15.261148765918792,17.87056510334956,13.098436785142614,15.646951348136383,-4.337530142641707,1.3271993912613387,7.620041958777844,15.122815628757902,6.762862130974357,1.7649584735468293,1.8550165430262742,5.333868117790597,4.7747251676427025,1.0460302714778003,1.0161538246608501,1.0895068631921312,1.099967239068647,15.646062169259622,13.838988501624694
25.580994553984656,82.94552851110403,49.300942019569895,7.261071398822739,12.428267645107898,25.12569717982202,8.773973888416807,3.778505677583368,5.873119613415029,11.116071392087035,16.12246907755865,12.716247504639712,15.285946018768763,-4.075743196556262,1.8687238544184233,6.333077844635067,17.202057000460883,6.330511805689302,1.4909570425010201,1.2944738932250794,5.716934410616278,5.582373374468728,1.04566904127119,1.018255029790378,1.0852499313098292,1.0999628711441893,13.29608307861842,11.742883506551758
18.75504447966217,106.8844924170583,50.79375712369915,7.0898067948769965,11.270899577246173,34.99378476077551,7.97917309427642,3.4993495568416564,6.403747196902595,11.545278869568598,12.179391648194926,10.228376560891874,17.667665710160126,-3.23535777939639,1.7944127696263135,8.991958581485237,13.687057376316844,5.643924960165579,1.458527128547454,1.3657541700846485,5.3891803413127635,4.7873964261153,1.0463932077545037,1.0138848291460567,1.0928642186255568,1.0999646011978488,17.179282534172536,15.235144984508306
25.517315975000596,90.27513095395985,47.728828841177524,6.826573439552554,8.960560621629458,34.212146589450995,7.494173125330697,4.149948377450721,5.199259614004635,14.066343796052376,17.876487103625557,10.863400148033953,18.421967445542663,-4.337460923595503,1.30060169590398,8.069348253420134,13.81367896359491,5.188726730073885,1.5552548369952197,1.8606953162540394,5.0586595829335,4.080868191030315,1.0452916017653948,1.0163117534470705,1.0891445043205685,1.0999748745520772,15.225083177988708,13.510265715598923
22.46059088892657,88.40409726943759,45.99710293866293,6.441950744382143,12.31209052162071,30.69833306579351,8.511181361093808,3.0402049212683906,6.328022243576167,15.004425309339837,13.781887811848483,10.291370748376073,16.829014284122678,-4.184540597472814,1.9130216815724304,6.04012871822633,15.312859652557151,4.783888419441307,1.6677714871893832,1.5397851796015498,6.776400053315311,4.161121598809958,1.0456609924814053,1.0170565477347184,1.0866978417059394,1.0999994562375466,14.061830532621919,12.480815829765266
24.105523580610885,90.26373604365246,53.751345685631655,7.6407426433898875,9.135983534018477,34.7652294396351,7.497842628364279,3.636756903547259,7.021509341557778,11.230756907851047,15.221204594959438,14.347392567664217,22.696067785708046,-4.249950745269873,1.458134000296508,8.098710989536228,17.966291348202727,6.263921148082713,2.0550675147070363,1.3359232400124743,4.891534041363806,5.281234248451117,1.045558648717721,1.0161709360979,1.0874118789902656,1.0999949703524885,15.68183247011416,13.754938152838537
25.639687914132267,92.91279991447719,56.60595885508291,8.931779188929108,13.00503562728975,34.33624150339621,10.433947655980749,3.9478451369548546,6.575748658997005,10.931804164400084,12.708231409250073,10.841898837019853,15.378906160524883,-3.3020547587408733,1.8686377174829483,7.991412860732358,15.352164841481606,6.480595228389097,1.7916260306074927,1.3709613036261612,6.692044828445463,4.677323892472945,1.045121119052827,1.0149533354731537,1.0884404332605544,1.0999664893784968,16.813929689998904,14.963705125586928
23.42609812099948,86.3095879676252,47.80136231288305,8.561408243052462,9.662362511981167,35.13156646382348,7.452777322298616,3.5476124736367054,7.115102267218752,15.906746978365637,13.303369418763465,10.891443704571227,20.705462802415973,-3.18547876651093,1.5905529401794012,8.389065680379545,17.00009137079178,5.076190776595691,1.7906718956183736,1.8696158185272915,6.071934109062721,5.44298125513804,1.0456527093649333,1.0171701100783639,1.0875318773988207,1.0999697736932361,14.704667155170899,12.979228837387257
20.27877047547063,82.46206864831585,43.12787943568042,7.700859885031297,10.215386288175953,29.99518449162799,9.748050938554236,3.828154226638422,5.281831252773068,14.85232658370286,15.92922131197046,10.220986077513029,15.647428530682108,-4.128149222902193,1.5255704957207743,6.438311998726998,13.574793152886366,5.00980415036004,2.1294100543115637,1.7456420106054207,5.864276576567561,5.883081000109183,1.0464855357067684,1.0193637881840205,1.089738416041243,1.0999999789174206,13.030660677568658,11.540981450232167
22.73387859907632,102.70231069441553,43.64430276983227,7.870504804511155,9.602778054454324,28.37290111333375,7.319665169951796,3.1032793226157525,5.062679455791327,12.89400562533905,16.9444895812454,12.07990526023287,21.520461157559286,-4.144137367623064,1.6060988458437297,6.710675079783992,19.403116456485176,4.765745876513517,1.936017372743147,1.6775935313979962,5.663216331635142,4.480641910585211,1.0460613563457957,1.014715148262186,1.0879287944123548,1.0999723430444384,15.639153962932065,13.749779873061048
21.098440731816915,108.2460762988529,54.238968028074716,8.94179899993017,10.33891356568111,28.1678290687527,7.267414149575509,4.12012999260801,5.683711824034136,12.982484636278164,17.33051548422647,12.83512002524741,19.502926517341635,-3.3949232275154304,1.599142413323939,8.754625802726324,16.989888105036627,5.231869965964239,1.4624502221770292,1.4952331350106036,5.968410920629543,4.085226576741661,1.0459300993735325,1.0132141660925644,1.0906643160354546,1.099968212449391,18.2573204805343,16.097167495775956
22.652999570887236,95.0822330058105,53.219286170464834,6.167820043706764,12.458196104787945,29.746349139945664,8.53390559800696,4.151536166902353,5.2706916952559695,13.723155643091975,13.83304958261117,12.839630804280304,19.397293439611133,-3.2595392675427592,1.703126494027744,7.903444487757035,18.389262703572843,4.850327705289277,1.654026153770655,1.6960707838259848,4.957215516124212,5.355196421576885,1.0456645894914192,1.0153087715049434,1.087441507382842,1.099972309364497,15.833799043783813,13.95916062512343
17.87235184992127,87.98022091551877,54.42911665899776,8.433845522758727,11.848528004217354,33.8714093161762,9.753370359019922,3.5271251472951244,7.270510700941319,14.552222830862325,15.5041483738055,12.237062449644107,22.05833498920078,-3.5813061891437887,1.285900540294978,6.59022156729708,14.007196146497266,5.380065556081527,2.0346326477700876,1.6969789986336048,5.032034967022214,5.577643442184677,1.0462472598825996,1.0172114875030271,1.0911819819046815,1.0999671511658868,16.012067339052486,14.11874208084099
21.736628437742812,94.67908703677743,45.163584900354294,8.708433749058951,10.386106321273951,24.71084917590233,8.289824378299002,3.8014949647750402,6.484499803800121,11.815292629189322,12.586234422665456,13.517198052680872,20.340463950977334,-3.69119343404849,1.8193928854586112,8.934615611399751,14.645484283703986,5.978799420437986,1.4438493568828363,1.736354813456824,5.601134503466897,4.38653845380633,1.0458932604536861,1.0162468353958745,1.0859759308910595,1.0995671359149184,13.79797982087443,12.13171443202534
23.889286280914785,105.90524669191312,40.36550350248392,6.204627115987623,10.456671418677645,30.98668749598022,10.05631029787908,3.5644874952826413,6.297027014189033,15.119234397465611,15.071906510343807,13.264664810349606,19.12325178382185,-4.493514844053618,1.430730635894457,6.7919807536215275,14.129664105036124,6.541162863467058,1.7364796492048975,1.5026521221639961,6.916729023642202,5.8536067328795705,1.0460003737972505,1.0141627022628708,1.0907343176881452,1.0999700117732092,16.630837036089662,14.657789821198513
25.79685308084293,80.72182619786756,55.280734667392935,7.079277182137853,9.016702330549144,28.21732036460021,9.033106871297015,2.9515085929943674,6.1919333851731855,15.22510335455435,14.170799667001598,11.951435617194255,17.774959193753148,-4.5600273355785585,1.3112051832257277,7.335228425978866,15.036940375554122,6.713632298898986,1.509157629780339,1.543323370675463,5.5838134727121185,5.776788835094045,1.0452367886060958,1.0181619845114998,1.0844370602728062,1.099999486924471,13.880703018631236,12.298825725765255
19.230483102955613,99.6596590601647,40.80984514609453,8.980086170804848,11.61670701753984,30.98982941778391,8.7615842459777,3.2791957977328514,5.398930487967498,14.061533870694197,17.609188002275495,11.987738046789406,21.91199235383161,-3.3520910480417094,1.8791206533643525,7.05145885169423,15.801388684979816,5.713794036319642,1.957135874362308,1.7405781975609829,5.752645516549623,5.046305798627872,1.046347811216336,1.015426476875629,1.090256291504014,1.0999720063184453,15.764969472400562,13.84394819943307
17.620491033879546,86.82589971471772,44.855846459289246,7.778530896926308,11.461182957823443,31.976817613188903,9.781298266385091,3.1292950138969164,6.759256648695772,10.905859267449923,16.188324832256054,10.678470405878668,20.745326384001267,-3.9423042212867108,1.559842880437179,8.071999169284288,13.521502336081626,5.158451155567342,1.883836902576711,1.8222178602437236,5.524169717712671,4.517522945267115,1.0463242515670126,1.0179047393818312,1.087873260521096,1.099649492984615,13.734206012285144,12.122741908319677
21.862632262648468,98.8088387099362,46.27236996047787,8.745200475285655,11.30500541569286,24.022718333332904,8.002994236942286,3.4309058432849406,6.582450266401318,11.98666211647998,17.73849434071583,11.778275951595463,19.246849572140473,-3.149587560180424,1.846330061715715,8.36650396057555,14.577841148522738,6.805109123676435,1.6674046299341314,1.7229992245632753,6.540025057798512,5.481828922474361,1.0461549015044929,1.0155728291693265,1.0890062700106424,1.0999707096898381,15.308641093190333,13.505884637799051
25.324618565379023,107.9258729696379,57.256972149431576,6.6351386942314825,10.325332869495616,31.10746523569323,9.838969869209702,3.5484470763779927,5.06038521032334,15.344614224722061,17.64681116188678,12.220025566638084,16.90857486091123,-3.1501294577408565,1.4318713830998948,8.099756324515267,19.33295353414693,4.856950314121697,1.8383466147565894,1.7251399990475726,5.281203504966543,5.1397940783406035,1.0447096332419563,1.0120162319707136,1.0877081009002865,1.0999563149293843,19.667452240514624,17.383547693967103
23.56835633773011,106.925261081341,46.89179714767803,8.35348594551364,10.311987713394526,26.113951611911475,7.874329485926403,3.302421824556017,4.967546423564792,12.328155923392348,15.807248033681642,13.451428759573494,15.759008929335334,-3.568368362645767,1.64451690539387,6.955656412509309,16.05544048061412,6.293720956508572,1.4466721172087738,1.4568918682165957,4.970303605581239,4.255218365528984,1.0459951601449626,1.0139369027448328,1.0903759463742195,1.0999671933712092,16.3697618065023,14.470258719389484
25.684469078762103,89.54879329327191,48.31793374347231,8.310818536691682,9.172564687373024,26.44406713498084,10.195732034437365,4.006786858449034,5.790000246363556,12.82425263811955,16.431105387568937,11.658956751889335,16.089915016663987,-3.52175530237531,1.527900628246896,6.156614128785296,16.458436887889164,6.356817429632846,1.8098965040259323,1.3260130179292846,5.661147144722624,5.417809216085665,1.0455944185993629,1.0167632227124164,1.0875843163739096,1.0999667064718188,14.495005580210908,12.832788294953227
17.86427895663485,77.61504210890917,45.325898828820385,6.672690450936075,13.147817945061721,30.459854524128968,8.234371437861226,3.7866874207609307,5.794826885316762,11.513424479646655,13.333904089867739,13.425156205053629,15.594258405577136,-3.545394902474979,1.4133193456909918,6.603405332029596,17.81354241552045,6.555895246870126,1.9554239578062662,1.693265802112328,6.7661681106174445,4.116784760848594,1.0466563592683489,1.0202277427407065,1.084235575682159,1.099961742813119,11.965540630249063,10.490145759833336
18.81375318627377,90.97485032166566,45.36127542379395,7.350876873007588,9.884917974591323,25.364139123846694,9.03309569084854,4.099273533696311,5.8364054881337974,11.034107356245451,16.128757363621567,11.638812920078049,17.06272205551718,-3.625842481088821,1.743241935301041,8.45645816061091,17.18469228713072,5.388150708629359,1.6635443278444404,1.3595573439394966,6.805258431905651,5.276278797937639,1.0465974943300398,1.0176010748472064,1.0872701317239744,1.0999681066946807,13.449803742896043,11.856012911325648
17.5941397003489,100.31799214663413,46.78957347057987,9.036576207662634,12.629428335132701,25.62152589522702,9.792400027949519,3.479792405369369,5.336390199354625,14.573195499581724,15.1824299690177,10.314299304159578,20.114068424019077,-4.110579860185407,1.3722145030729362,7.046963180990079,17.170369165786905,4.961976592727614,2.053960832041025,1.2975910696241306,4.8785828027289035,4.232213839709768,1.045927130169232,1.0146882982218075,1.0855664609741986,1.0999995606959638,15.649443837306945,13.854371098732196
21.94396985346348,98.72589597851379,45.959524029108415,6.957547156111225,12.585741842802497,24.40577460797176,8.20905070007805,2.854761810325559,4.9138919293176935,12.708251389433887,13.081149028171795,11.52329854257829,21.43919839665776,-3.3742489501487856,1.7793493549771526,8.02515186943909,15.447598286935131,5.908010256808988,1.7599936390376678,1.3621730019185059,6.744669946423288,5.13923593517152,1.0457763740853498,1.0151104722210988,1.0849197216164075,1.0999995330449908,14.41738433574627,12.695760889604536
25.000483597504545,106.40178296512477,39.76531569191617,6.7101028246960945,9.610769792399243,33.40319848688564,10.304807855238728,3.5391601137317124,5.1341944969195366,11.532329740132289,16.768750922132075,14.880285893568997,16.716015206840993,-3.13737461929659,1.491809859296498,6.0914981689436445,18.777753442758172,5.780308436764903,1.9021397607093744,1.543350320727387,5.441577509068958,4.44440082615217,1.045567745612659,1.0134428291365165,1.0891306367333926,1.0999728273204925,16.704450700786968,14.666224258847404
24.048222508291104,101.56823298077714,45.13713818356516,7.056193048269516,8.965568096346082,24.349915134536577,9.443719889613485,3.520450234329646,5.9409198189434544,15.268512100328953,14.923233298240968,12.113227393549185,16.425548241189887,-4.400273292814806,1.6487988800775601,6.277379897768272,17.588685362700584,5.626164129533111,2.024198080983357,1.8681053420774376,6.033080686568891,5.463225638626733,1.0452540996845656,1.0142972493468494,1.084290772649793,1.099999599535825,15.423781528602756,13.650229648534921
17.851208557186798,96.47042554444361,52.682100386156655,7.590156934413435,11.619104400979431,34.20758858985632,7.913158459312319,2.9375451105726764,6.565170416060381,15.243384089821197,16.98892152395208,13.419554045223396,21.532421978098107,-4.213036160928332,1.3359212261803464,8.286130523654965,14.47094833861419,5.188933674811056,1.7241484514390386,1.4813229224488556,5.386232032862756,4.3385190484080915,1.046362406761275,1.0157883611862744,1.0922661001069343,1.0999653043354867,16.967731305912334,14.943690486301893
19.910800688910847,76.10088639029124,47.28205730068079,8.416516514660211,12.822868214127281,33.28105699572137,8.699247788382408,3.8225970736293986,5.582453488792319,11.100037352675137,15.948790291331948,13.455884516860943,21.292383405517857,-4.081125682456492,1.3804106399833067,8.559487176150594,17.444958512444174,6.513654501761209,1.9973571266707495,1.4706332718240567,4.812962901656761,4.35300881817917,1.0462532657002004,1.019984229645395,1.085414563434687,1.0999679397493773,12.925525742717653,11.323883439916386
18.166045061839014,84.53178044077954,47.02625706025698,8.8367042391431,12.866644026524442,32.07947781812959,7.2868044943721735,3.2779448818487746,6.544930160622228,11.49675604293097,16.694483586094815,14.806034294336975,17.891193794447474,-4.22111517650758,1.3748506449079767,8.07244934733908,13.42246393758597,4.989789895801755,1.9511146415582425,1.7355841426408363,6.12749747756081,4.9547280487684064,1.0465434962752218,1.0187957633690914,1.0901010770482737,1.099999974022876,13.845038334698193,12.18481455539592
23.21820223137248,104.51681407952154,56.719129320782535,8.781468735907758,12.519513227496237,31.7981386972296,9.266959963556522,2.9688523526926827,5.283958694720079,15.229509627622859,16.707744956755032,13.281451343944683,18.535185008642767,-3.160610933724825,1.4893932432182682,7.261918972695954,16.505820140191513,6.796033068662005,1.518270767856103,1.6120748286590532,5.4935797289432085,5.980196238432103,1.0449190388377545,1.012786774389409,1.0879406040281467,1.0999593175489075,19.192888181239645,16.92711304454994
24.840979661335616,91.89345098772255,57.35418005086301,7.642752269273348,9.708687728729474,30.15932136355523,8.014340756893128,3.690837976106753,7.167354026716779,15.045472314909153,13.54805559489757,11.668041814827316,15.726590343486372,-3.5659538236081927,1.3392798717938033,7.498346157976929,17.983424607868432,6.382740294678047,1.4828610472186892,1.4975717748724495,5.308558498390046,4.20860064597467,1.0453570330704125,1.0155836527910376,1.0872687889710086,1.0999682130344337,16.054599863416914,14.259816223987563
20.506250978889806,86.63838171236642,50.371625264966966,8.765240097750487,10.997690909512007,32.41064903864846,7.725637321598429,4.0529529301014104,5.2523311612448245,11.837346375236704,12.554524269382553,11.733171867724325,19.398319395037998,-4.66127081379387,1.7877555421808282,7.141307408675946,17.10361782447971,6.086074631778962,2.03236359929809,1.7513291426686726,5.960755414573046,5.338366054079313,1.0456494863789358,1.0171186490284438,1.0830639193145677,1.099999513900402,13.937010679555211,12.3085020094776
23.83456486315797,80.37686814814668,42.07270842015886,8.173296238278851,12.76990651770459,28.42929493585726,10.727605160896342,3.102500425742722,5.89674624818599,12.844024434701566,17.464563806729515,11.6097228692685,18.77800991312084,-3.412084789799914,1.6136103926799643,8.572212508390773,15.298822026953347,6.521037607417761,2.0961443391664507,1.3266930494173208,6.394904924260661,4.510686872300981,1.0459621541098183,1.0191501953289819,1.0874389841370509,1.099967274019885,13.098459463117308,11.53715070256203
18.88184411081794,98.01029173150336,51.73112202229273,7.280073396635049,9.135498207728213,34.32271338552216,9.830688900650983,3.1803335293562207,6.0923478080171645,10.950081065822221,13.942125379563414,12.8144789967724,19.130899474883503,-3.444768409693324,1.7771183143576899,6.89658647557993,17.13392255390174,5.269931563248102,1.7461208685504745,1.4128093601601475,6.108578078674329,4.851168720282701,1.0461988939911269,1.0152576243642062,1.0898551142850141,1.099970269171029,16.041181184064705,14.126915268152764
17.499898202953794,76.42125697455175,47.24808816917359,6.637006635392277,11.580988375688445,28.41666302490985,9.555911407943,4.133353243689532,6.170116168900418,15.051844459386537,16.408124338042985,14.842698809965235,16.826535791008848,-4.410630074424508,1.8595330422429996,7.178288942842733,15.363739532137151,6.848723310453628,1.891895631939985,1.5236329505545398,6.477040312561382,4.60894780323143,1.046760812509806,1.020652041348004,1.0873905710224916,1.099962566345828,12.741047453278071,11.165432233060024
18.891217847086406,95.85677587685754,49.06597429869073,8.590269306092706,11.007482550491526,33.21212116616303,8.320761645654018,3.6055154830489085,5.388673580517747,12.881408134949622,17.03093659908379,11.257220022653636,21.357819918034433,-3.5612797862419536,1.3020734205948505,6.329803710170539,18.232640180930034,5.248004549484984,1.910984826413716,1.727487297764629,5.440674837488468,4.94983797442228,1.0461426680875987,1.0155817837767844,1.0884638958509798,1.0999734152609664,16.053424825325063,14.145442193508064
20.864698345156434,111.05611018263885,44.35742224816235,6.637302048363881,10.59785593608259,31.50028534970374,9.710505685301275,4.09368024150401,7.031480943096974,12.356930810253287,14.632772963846875,13.956126459971843,22.16568333257539,-3.6459774200567514,1.5644425178732775,8.698434811360826,15.660332917771928,5.754790127964827,2.091242981677017,1.793435659513503,5.204759746022742,4.649590130823867,1.0461468466362518,1.0131125132734016,1.0910599744180227,1.099965598653437,17.71807881882212,15.515687818641581
20.42368175434706,109.75198567888233,57.339613053438775,8.432973078552537,11.12978183517091,23.720051053196254,9.710957003752647,3.3451056302968984,6.424486987357797,14.076147402697115,14.78575905718335,14.95748798044972,15.375912224700597,-4.230926675777237,1.5422975157117094,8.141371351474833,17.763458459663156,4.66375216597631,1.6454437165257634,1.4010185731224196,5.027408338826582,5.4569533682422655,1.0458114659028255,1.0130363919987277,1.089738407971514,1.0999726624947543,18.373963352379047,16.236615678352837
19.43930571012832,93.24811333272149,42.96242958986219,7.8439108232434025,12.188170480908655,27.50668191663848,9.37087505383364,3.954796684179234,5.109907255801359,14.637621234822864,13.845943868834867,10.783061779146717,19.346971977869053,-3.4729692180576617,1.805671547308261,6.128687728593229,13.93505523123876,5.848711012287096,1.864038084535409,1.7471274652945583,5.24148488954509,5.683520816426584,1.04602236738696,1.016433404132085,1.0865475660673427,1.0999994919402007,14.08744921670216,12.44345337919006
25.633275509236437,94.16380095945446,52.781359698222595,7.675538997813129,9.271212291766703,27.448115851542926,7.5149520826572545,4.184430766957019,5.43882322545904,14.23386226484488,13.614696807591827,13.478490774008101,16.799052850615666,-4.345021302819716,1.3509194258154469,8.68545120027084,18.860400038470875,6.214833037241053,1.4885385315428505,1.4134841781305143,6.633718902003295,4.243948868605191,1.045480871570148,1.0155846076235437,1.085616567328846,1.099970008275408,15.229080205466028,13.467754603131795
18.713490595953616,95.85804523910804,43.48227264657345,6.755110127829545,11.539644174679848,27.996404782204745,7.706015628370808,3.5487952745636506,5.824310263999839,14.766390581078353,12.532422436230712,13.312715279245547,18.51734928476868,-3.7534565250817504,1.4286641203253385,6.091278084608134,18.90865625058125,5.397271399599868,1.93038554860549,1.8864559358570927,5.950777491550545,4.794293805039732,1.0464459568895532,1.0163489480192909,1.085683185807163,1.0999687071974564,14.123560930961823,12.41373760513675
19.68861455590675,110.55477010695755,51.28130876113785,8.102455435499941,10.869189296650841,33.57157481183568,9.769219873234153,3.1964565804934226,6.342971930461117,13.123047354846834,11.95927737046509,14.26272703202913,16.133510651789727,-3.9155290293640777,1.495184763574282,7.026267123602032,16.449702825867686,6.953093601325808,1.7340333700546626,1.3966907070826065,6.063566704274536,4.472575416079042,1.045845852863213,1.0127470560000267,1.08999050734797,1.0999717614630555,18.330746527519636,16.17367062163975
18.27616650666841,77.25056280344421,38.677489959256356,7.390740530865633,10.871731493832803,25.789435720919847,10.022468593576354,2.9809788790878304,7.113373950039898,13.97291027927367,12.084593601585382,15.051900938772999,17.54035357254849,-3.821960936941451,1.4619319635165136,8.185263894101332,16.50491666557774,4.947105265813806,1.5150268456988067,1.7442402645277277,5.19002885944055,4.275586749276945,1.0470628751910283,1.021329802702301,1.0862206304018158,1.0999999255121102,10.977477766594202,9.557762133875125
21.695031541941272,105.60819603436794,43.57032610109425,6.920352099570456,12.695788045966488,25.344438775911637,9.420219330431571,4.1370188761756195,6.93277968496863,11.133802262410539,13.826668824307289,10.88326228521049,22.414228846422258,-4.658068843306446,1.4303955331456244,8.009097134486257,18.868434700792868,5.182138259841586,1.575130056711104,1.2871750548782597,5.5957529001043405,5.798874924789432,1.0455329501591444,1.0131600347692817,1.08305168536816,1.099999632296904,15.7951808585994,13.917317657855207
25.197863353809105,80.17336104453975,42.147219427702915,7.320463886040981,12.457197962333384,30.819847505674396,9.049859076672778,3.6287046379116443,5.1147272528776035,13.379383668176498,17.832697205653208,10.609306426450567,19.14627475002514,-3.5812128481855043,1.625544509991654,7.721456280101239,17.114420043513324,6.617124381921257,1.7206181385650359,1.6104666641065575,4.665353885605177,5.579101203159533,1.0456968689201906,1.0188004884719748,1.0858601304993076,1.099969829671823,13.211238475963295,11.644352143620095
19.612353300022402,106.12779330584665,43.31901130119166,6.112797028637976,9.653644305506642,35.23105825035158,8.351284485412759,2.9523534628178463,5.169771480846832,12.475850655909008,12.14436444505591,12.758362027659526,16.824430957718835,-3.930124600579121,1.370089099967501,7.289571687052478,17.250167939784266,4.783839856944411,1.7270995026607623,1.4736152454334004,5.197634774253631,5.209069252168993,1.0464211374650907,1.0143263118933035,1.0899497019257454,1.09996745116029,15.922815409046123,14.051161256959418
22.468544436443736,99.12476871561549,41.277836658669806,6.948556104381477,9.899360925417952,29.977942538974535,8.85983648115462,3.26241123262985,6.797876133638977,11.307458219805268,17.730384264983627,10.752043915301819,21.075338175519608,-3.6944390950908974,1.8337678266443556,6.222509846352486,15.768152155677125,5.4182287030805485,2.1550730675223853,1.9107513567293601,5.0803451841060205,5.259893921396678,1.0461588579549654,1.0155940862197599,1.0904818848945756,1.0999696372659762,15.198286111836278,13.391548200892647
22.00830856482696,81.17679314995104,41.44794798071657,9.087325254577845,10.988230371421778,25.084455245600868,7.973244139461316,3.17568729414797,6.126638122497431,12.611959899334071,14.63187024390393,11.005817719594923,17.683138048465047,-3.2296938846396963,1.849414575024543,6.596257431505736,18.305816899246828,5.450960148631762,1.7815660696366513,1.4664070652551853,6.255743748969098,5.689092838549414,1.046316448919595,1.0194701717541022,1.0841860211194077,1.099964434671157,11.88786148018639,10.444416079068384
19.844825203539624,84.48676081324416,51.269137875669706,6.673265304125872,11.82648214993178,24.7142513403849,9.432493775858473,3.5187694276146066,5.157929946006193,14.305159628268838,14.581480655923093,11.262944458150796,17.88571958333655,-3.8876792847967305,1.3385947054492047,8.87282844938506,17.699332717248488,4.877881156587455,2.032460772716491,1.486435155805533,6.024574925174585,4.554285683159146,1.0459460448482047,1.0180169379016466,1.083155455359155,1.0999995177832655,13.3549209697695,11.805937663508326
23.725963601858787,102.60297817800387,48.795070895400634,6.812413801113597,10.096593057654411,28.117781001000324,7.722043802626628,3.272717998467293,6.549825227045881,15.286564512320876,13.902190451340434,11.346638511932168,21.52808359534702,-4.509498282722038,1.542413774919721,6.080712461548902,17.89454516273717,6.45895710794486,1.452977462278397,1.6608197461385688,6.005015519126486,4.757415817495828,1.0450803934112334,1.013384035316265,1.0843375610258432,1.0999996253843964,16.31326018379376,14.397211661852864
23.86798038838527,91.49378615614911,51.17995619825088,7.652036606090862,10.07312142906874,30.75671018351955,9.85287058144503,4.163467942811804,5.807465830197888,11.148151741198296,17.808308478479255,13.328937829881722,22.393023482021846,-3.281970254177346,1.498901657517093,6.401810096618173,18.827787426424877,6.6823951601160125,1.800944423910015,1.3994279793036997,4.934916008172124,5.176328220160413,1.0455513230935194,1.0158709066922678,1.0870241778868337,1.0999953921675842,15.750583842701737,13.807429755906249
21.755346497400406,101.53965337721371,44.07556286129423,7.303198704874061,9.055697610853185,30.799687931891246,8.72331667684732,4.087670487338826,6.445958566399723,12.952950253828346,13.490991518005169,14.758847508446804,15.32361456329257,-3.6299834489137317,1.8838435736243424,7.962099020944723,16.81725463332111,5.112200545575392,2.0400298374631585,1.410687400059377,5.2159481931293,4.383702285743711,1.0461015556206323,1.0149589223536137,1.0898850717099962,1.0999658222872981,15.52880757001892,13.681578222226843
18.73273731774345,111.28081484848128,49.750844118221806,8.019024881310685,13.235378086240948,26.32078565048164,7.221303138951692,3.6384371093984074,6.1191414418669465,13.379312037950788,12.288806059027348,12.468529122199904,17.385452694689313,-3.5483208964699284,1.4223242113146195,6.997585079263712,15.62480361895226,5.356359801159834,2.1447019553180464,1.8769478947260716,5.97286343089768,5.962109676820619,1.046452361472063,1.0133341937861147,1.0895816145683048,1.0999711774765457,17.214609809826722,15.21940714655165
25.963598729570567,88.77180827345195,46.75198587454391,8.995547802033382,11.686645372858115,26.112563177479814,9.6817704060114,3.0880446548645226,5.708032894559303,12.028824880714899,13.3800820869657,10.183650354359255,21.893387124715833,-3.5817451726302383,1.3352796028945886,6.260962217043266,16.971961355700724,6.9435756772387345,1.544416176434538,1.3437579398077821,5.65686500253285,5.126662507681591,1.0455593972384525,1.0169401346939073,1.0851676916041844,1.0999658356912028,13.789848746940246,12.177281281192283
19.915221515060523,86.75903244592249,46.35599071535191,7.035002670057842,13.060685494386954,24.095063941229423,8.044452575532988,3.93197391471839,6.914857824182494,11.402397426406687,17.72363016207579,13.682242637487473,17.27170722547533,-3.831419069110549,1.4701687165234991,6.450066749563258,15.213422349932799,5.985813294975915,2.0346981802815374,1.5126586079293294,5.447131574070993,4.9360014021626455,1.0464993323922986,1.0184486219299775,1.0881532606628892,1.099963693910246,13.433850506096583,11.825799820045447
22.954742607690523,103.68090076844942,44.48840653176594,7.862511502188421,10.704336568938354,32.05351823428795,7.792829713861275,3.1596948110718146,5.919587424416309,15.602839865575383,15.337021704530112,15.06421228442557,15.984910408136237,-3.8378736452954585,1.548210259229046,7.800618529217904,18.671445001818324,6.592159419352699,1.922540118267966,1.6905832731171544,6.841748537543953,4.76737480327685,1.045561121021635,1.0137627699149752,1.086189793560776,1.099968459802697,16.825057533066733,14.808684720871423
24.588559167156077,110.08226043683764,47.63823035035056,8.296471838954032,10.64904895788566,25.47477236750577,9.31141397330073,3.0750603111893446,5.99654187916144,15.513548291972999,12.432668397879537,10.31457696117642,19.809231640102343,-3.6364556694880363,1.547480132432586,7.217131765974995,13.855158320623504,4.648274123816659,2.0868647348622704,1.419391078978398,5.628503261125148,5.943851593342158,1.0452758853782453,1.0125089598368513,1.0883678644935149,1.0999995493305728,17.191981845265076,15.24012779968643
24.5362992116181,79.42683462629863,47.962883884432635,8.299440240544849,12.088799676796471,32.57793385837275,8.846836757596927,3.046292101062395,6.014288763163269,14.298591145535775,15.547208836166803,10.518252033246126,15.693638499024658,-4.62580221660213,1.3771554912254536,6.883387392035166,18.37709296151694,5.590450815909766,1.5706546943472237,1.5790287246782602,5.959963932171008,4.905533218556151,1.045621029626323,1.0186880357457833,1.0853682523235428,1.0999639805697328,13.734011184173106,12.187757319758692
25.336451935097905,86.08746943934932,50.884670912577704,6.4213759530860886,10.717438850334839,32.343720368702684,8.009340986122076,3.625679463916178,5.2543863512701074,11.354589133351404,15.038467183593255,13.589055860117025,16.061589703382076,-4.551730953701747,1.424494248126379,6.3599259244779,14.6259207514454,5.033408099153873,1.5052857484413236,1.7906171102583728,5.789647637406337,4.777038880757366,1.0456957180649855,1.017709470451384,1.0896995541552477,1.099999963739367,14.160553446093186,12.529423051487566
25.61145040622227,89.33959602460132,41.43251852202226,6.913090391456852,10.03057007047691,29.485147098846998,8.249418446236467,3.5224856410609067,6.513075956870164,14.997413442851594,16.152540376352693,11.204400839598312,16.08083786624493,-3.9662222481979517,1.407303546373213,6.25480116531454,16.77990643738333,5.398162509450086,1.9844272885957226,1.4810826435509876,6.910623757969487,5.517046382521416,1.0457589652644381,1.0171934878479,1.0874814798236778,1.0999667082258233,13.97952039681727,12.371618611295876
17.860777162523323,94.53432485662448,48.99730398321378,8.193720240472055,11.190129650711237,29.30463446129196,8.524579002039406,3.1800459374588432,7.188728517223232,12.515022016025608,12.297991094498771,11.009806475610535,21.7153024339138,-4.03514819623248,1.7784195516013221,8.426344638419083,18.746289956361526,5.917423801967493,1.5675268289033555,1.374868961431131,5.97164385527026,4.733028707371353,1.0458294280840041,1.0154743953853076,1.0825260730246546,1.0999995939024125,14.6834086026694,12.935569540077747
22.20385873401326,94.14264517088274,49.75402728381712,6.1776198438391585,9.107108329222953,32.1148230160124,7.895258077761792,3.713077847068879,6.213645222331148,16.101690145584964,16.899019038143052,12.258723368363254,19.88473743270805,-3.3029715532717367,1.5272870674959238,8.201663223269623,17.41453931861426,5.76397347255547,1.5671009549179218,1.7940133927408288,5.273746522234858,5.64095816332382,1.045815597950727,1.0157003248149075,1.0883507214680659,1.099970412695361,15.969723032618564,14.065685783536773
22.66876666506054,89.40452020511032,39.016371843875035,6.786553286806905,12.943037746186974,33.25209725796946,9.269471926562751,3.4528514495469778,6.459028137565466,13.317739890353828,15.760056850686079,11.721612826273603,21.572578856127212,-4.214991913805815,1.4911844021937228,8.491998344470325,16.51595440486511,5.04516216619091,1.4959529726425393,1.7277476784878212,6.647080265762584,5.614883977189087,1.0455243365844018,1.0165722804836708,1.084053091653854,1.0999995501461584,14.172531981634243,12.470773248154131
23.051050942328278,80.68701209518767,40.03812273267362,7.128890053955645,12.790000788986482,34.948487989618634,8.068899077449457,3.866933938814408,6.280240889253582,10.971759782220891,15.155781445600322,14.254177247185924,17.298533153414603,-4.519884133393918,1.4312066603997677,6.229419397932164,14.341997014678707,6.58184665543253,1.7404602617084604,1.7900451607178611,5.87246070149586,4.961118249588862,1.0461144132539681,1.0193468469976057,1.0877386830331233,1.0999999878084656,12.78550688095942,11.233295510038197
24.364006154954595,91.31701320932233,53.57486581798896,6.386012981488875,11.810672453615869,31.890527267313423,10.436750626110273,3.114053486202673,6.354296507426558,13.139585443921804,14.201319067042412,10.702104860476744,16.220173312521563,-4.425701999858328,1.7598421966883597,7.147023390873302,18.78115090042715,4.827377548790702,1.8898372202638813,1.8356326737371447,6.586165015992498,4.74556551988372,1.0454483520692204,1.0158088808258128,1.0869289674567608,1.0999692877375424,15.757702907550723,14.001287474100225
23.828629844534664,91.46699972318899,54.303441703135825,7.69351632847127,12.386559579990584,24.527144671041725,9.324093497791907,3.570397848457074,6.36834320103379,14.556464682744185,17.391929461403485,14.151264975422237,16.869248734905277,-4.408398180095669,1.3581309936736614,7.866595757025209,19.141485286753063,4.874603165778577,2.0517787103833878,1.7911172699073572,5.8087590065066435,4.617795204590808,1.0455837723430625,1.016096264669082,1.0862744868752048,1.0999715445550553,15.787847906498243,13.95424743760077
20.879203819661,111.85903855318398,42.0964572736233,7.841997035002882,9.332918550496505,26.17113815743223,9.947938997068274,3.2236386565047384,7.2852692121730716,13.504412032706735,14.998574378834148,10.344478875825535,22.469603296787223,-3.391804167779692,1.6245379832386833,7.187023829876195,16.039482412944185,6.1324563852037715,1.9167038475065836,1.3787447135091822,5.79904103524279,5.580954898283714,1.046407277742192,1.0133136503779085,1.0902217292768768,1.0999712896851452,16.96991912863191,14.92631970014466
21.20772667723335,81.60751246074555,44.228707953155926,6.7256338748794136,9.52366225625847,28.055457303737175,9.147370475513071,2.9018521353872844,6.353329028236767,16.16233197691588,17.6661845948397,14.372201288555726,17.224192457298262,-3.1549558505078132,1.8134666898450247,6.16716069593614,14.645370460965918,5.903131459836539,1.5684321881834233,1.8136245320311308,6.4430104953228025,5.5115390114745,1.0463942750975856,1.0193936291773893,1.0897270827429604,1.0999642797299962,13.229517566591433,11.593701663461676
24.443987705990967,83.63836308037058,52.1764222319832,7.160055767878965,11.94746452286643,25.039856397847863,9.740111688232254,4.1609508190610915,4.986384891377667,11.30667606630226,12.656875133334564,12.34726463710181,17.40992940549121,-4.378795439523482,1.5832238330886155,7.453612028065658,18.04113299280035,5.47976803948293,1.6943092181427337,1.7644328880815874,6.449696850341295,4.02879754506564,1.0454483427296173,1.0178289342393576,1.0826505202458327,1.0999994568140008,13.151006166736947,11.623686697163496
18.60810133029756,83.38953946567472,44.96260096265059,6.966002173633137,11.954969816779478,33.3719957588749,7.891513136481688,3.5881720848427276,5.777471652637727,13.531200525248734,15.619716737029027,14.699487078904616,16.661424275487335,-3.2557302758074544,1.6814156281890256,7.18239254631788,14.361673883465446,4.91164222826324,1.8424150465493014,1.4723011804980453,6.954029200639469,4.811801638661429,1.0465500381076147,1.018992089495667,1.0903519667099995,1.0999760034574624,13.488256924668523,11.84039097461267
19.202647764081785,99.05503202001901,42.91015349088249,7.58202157142273,11.121941303070113,28.9519800306457,10.06590850657047,3.1032582020526576,7.086509824371946,15.073238717353084,13.90540929089021,11.077460731903104,17.324466186251236,-3.638912545178162,1.63643722803651,6.139104506440951,19.351344622217635,4.8689256674537775,1.6410768437520251,1.3499439602898988,5.235480957539532,5.675347637217617,1.0462260616091041,1.015295105799195,1.086712397774887,1.0999715145314446,15.308007817450926,13.527145470653167
22.699726042806542,83.92553912137163,54.90802308976333,8.514164660024193,12.33634878480068,33.60206584095141,9.430738853465934,3.502012304295725,5.792401463858189,12.008325710201571,15.242173479575493,14.678621116227566,19.71426159634167,-4.554586704284193,1.5084271165396248,8.085413917582493,17.58713873715194,6.19540651822556,1.9044302488133706,1.4218589919597548,4.973130884016906,5.9572565124641175,1.0455520440747001,1.0173101204417465,1.0857140047010898,1.0999682981725432,15.216640059385302,13.392347695642844
17.75316171835291,92.98431083122523,46.3675356637524,7.174457632973832,12.463287664023657,32.39513340208769,10.458809724707786,3.353682536661691,6.256598048147882,15.618458055647453,17.84333445461809,15.084015360816,20.65561342164238,-3.3434349901838805,1.294839047547537,8.475655069208827,18.863855042625723,6.371557307171249,1.6415449099194386,1.6894834301430572,5.373696385011436,4.901296492201849,1.0462105135505038,1.016097048614463,1.0872338081190207,1.0999929372573531,16.08798644689897,14.07078670583202
20.67953653763083,109.78595847024931,42.7170881638229,7.8359371499042,10.57719725007169,31.424239120587863,9.23242730823891,4.093568753912316,5.12793365015096,11.991460534686523,16.487433864433093,12.033437146665804,16.459956775338302,-3.905181164422805,1.6973709194312872,6.134480142460496,15.216369345399835,6.51786028745482,1.8145760879593398,1.3026426977109251,5.2941263322373056,5.2782813119588425,1.0462807157686327,1.0135090853657542,1.0914181523367397,1.0999709489728149,17.168597191362263,15.17692283953312
19.090440195937255,106.53610818634753,51.17613134343966,7.512992345281291,13.061994539179196,28.223249096911008,8.046264278030707,3.725964189537381,6.278840257427163,12.610338665028616,13.968240785490904,12.182908367861236,17.41265311284321,-4.227976593923039,1.6968693792327714,7.322332957639178,15.921755047174136,5.486918944914516,1.6440971914024225,1.3348458644205181,5.262234870412201,4.64240269738613,1.046334706201398,1.014016589039316,1.0904860936119738,1.0999684193145536,17.020457411469586,15.073304286011883
22.11389717438318,104.5163510220609,45.80582500922668,8.952060993790358,12.666527836216407,35.22066180502819,10.354330947749334,3.6634163290331307,6.340289462272794,11.499441084472773,16.225499523393744,13.20905083657077,19.052683985809484,-4.2015275211893695,1.564190619416316,7.571578987224858,15.925059303893622,6.30430047262,2.0711598987944795,1.8181407610448657,6.463578631154768,4.027575409089102,1.0456804409758504,1.0135999405880023,1.0897675404565126,1.0999645958388586,17.837453270597432,15.730755827273295
25.275122426456345,85.71731715685749,55.218061789459746,6.678783033391705,10.929612966382821,32.44290577305758,9.50500420299782,3.382290713241202,6.535842210446278,13.764327354251854,13.563388387547773,13.44335358312547,16.752277856218377,-4.202621723444298,1.2819909616788756,7.646317541285309,15.943089046972778,5.343200755220518,1.8113097364089392,1.6929994448229686,6.879524457615237,5.666128979776195,1.0454599705602758,1.0171094914157464,1.0878149572900955,1.099963910443779,15.157506342876331,13.417712125103883
23.584860985167477,93.40747323207023,45.73779556798245,6.178890149941431,10.568754125704535,33.61085023633687,8.582488495114644,3.446218998687005,5.5432759946207675,12.28031689759218,12.288755694914823,13.278123942148587,18.605327463144633,-4.065298859685639,1.630007616018466,8.396533761891524,18.266719097748183,6.42977293927988,1.7994520849980065,1.5064840648665156,6.8055728900364505,4.108539547433108,1.0451723905099979,1.0154632955276661,1.082828605861264,1.0999995754672782,14.532839292462018,12.793823698405554
18.68475295214,91.17049379321578,49.978870317100366,6.104929139412434,12.182566230513915,30.192973204920992,8.944929931236931,3.3928930543590154,6.147548357447123,11.673642966201436,12.567921966090818,11.631358392059338,20.592236419088465,-4.037729098783374,1.587278731276168,7.714562897687881,16.993473206581243,5.352337267136627,1.5101682820162028,1.8539407159443524,6.031794129287482,5.395495999361703,1.0459046302216242,1.0164251410528276,1.084063658998166,1.0999995348829488,14.21002652232552,12.52686810630267
21.38749590750517,103.86418825351687,49.415587687272115,6.243555411175458,12.947634718563735,27.205326532097065,7.696406798716809,2.9232574107860425,6.63787436577475,14.601429180743542,16.092966263887092,14.812024085222353,17.85196696718215,-3.99536756791992,1.6764771731163837,8.938445485699388,15.35397839429145,6.8586883837771415,1.5470887198193148,1.768960931857819,6.1082952880473576,5.633792074543975,1.0459800068415601,1.0142420442155764,1.0879734963378433,1.0999697192825022,16.854235598576487,14.84097330084023
17.608990779193874,78.30397769794364,39.572583305362066,7.882596744711755,11.66115358273841,34.29203769438872,8.883372652266402,2.89526867700695,5.391251739958938,10.843594712016351,16.549218569765294,14.303245139354335,22.784347163759435,-3.7630233405228273,1.2923509602570193,6.704189644471117,17.182785281284286,6.871707683562348,1.514576557058972,1.3578067329028756,6.268080845847148,5.334414110043099,1.0467434088705307,1.0202226089903594,1.085354690573757,1.0999669143130881,12.231146315897409,10.623557945356353
19.534395164106712,105.99929572542709,40.7022498047291,8.894255208121349,9.860623047889248,24.559957998131463,8.422279511305877,3.062977803948363,6.16573658908792,14.50897130180732,14.845892607730615,13.515885245599765,17.97339590943988,-3.1635592516922784,1.9034010395040952,8.458240513619986,13.767500991921933,5.682089239082696,1.8972137304517498,1.4019803331664884,5.98093357836163,5.067297236235374,1.0466861962016418,1.015030910308971,1.0916665986635505,1.0999644826692854,15.406647224532296,13.560197196596464
19.167741836481238,80.68080445357445,52.75135897750834,7.060662796294886,10.05330159161325,32.30696456311067,9.849847291282735,3.186962318870721,7.009067045454523,14.516550891390649,13.980754738216367,12.331647422938065,20.722993613072695,-3.4500707793169676,1.5800069071841436,7.9606750267742985,16.86227035877786,6.051321762498424,1.8332729996232815,1.407505564025613,5.591676400336481,5.063970990955092,1.0461963982304212,1.0187765337394044,1.0871965836820683,1.0999701678209026,13.990773476819816,12.304210949534053
24.130944603562813,99.99911165654837,46.39641887195507,9.042175489763801,9.442923937125169,26.04029744894863,8.42872539611399,3.1200009077830746,6.406078472206667,11.013573938415778,12.97752323426956,11.65020396730571,20.393427890602805,-4.486349216826559,1.791034733153955,6.546242799750765,17.034294236048698,4.709652537199674,1.66358647825406,1.7958296286901292,5.699464455884548,4.299882644551669,1.0455516725517577,1.0148104916071008,1.0860130292891852,1.0999994752005584,14.822812248268201,13.097714560922869
21.16664335131855,82.82188063141676,45.75782067435897,7.563013757153444,10.526020344049407,34.65623361511956,9.225109071202974,3.9800497435256554,6.736177654815616,14.370298070045992,14.88145693988339,10.171042821610465,19.862353764195838,-3.6752936266838963,1.3553677867528442,7.333878790836233,18.164074059961145,6.871092483700993,1.709355521607899,1.6273429111711852,6.614886969403517,4.667998839900029,1.0459073910754417,1.0180660869001315,1.0853530880568527,1.0999726440127744,14.012611827138958,12.36643721796878
18.594792886346678,85.98130740084773,55.43122850593638,6.564555049723987,10.434910353310382,29.08275566390402,10.249607604567313,4.112798597114164,5.918977155505141,15.832551861108984,12.882296205352219,10.956809642833562,22.41430622922446,-3.915101008304197,1.3989810146265307,7.463971111726686,18.480522071716905,6.558455248478575,2.062057864787455,1.644525377975948,6.651314753333482,5.0200604176065085,1.0461659097652993,1.0175351049620693,1.0855809888369616,1.0999952915004645,14.686996964245651,12.938076306401523
22.62927995275455,103.9485621495956,46.374322796624924,6.303687720901875,10.528745278722484,30.962541758192334,7.892396530702117,3.0077395088994963,5.595116528803107,10.973401896300235,16.350800472598042,11.47427525911676,16.144211814438158,-4.210641888902958,1.8194739280277041,6.059626787585336,14.831102477721736,6.832938993697433,1.7173829778715983,1.880698920564436,5.276173089019971,4.436135271143864,1.0461219938939907,1.0145492463297308,1.0911188769719566,1.099966444887708,16.088755634518577,14.258769424349106
19.218461013799004,78.57141592481169,55.37978535629448,9.058698468804018,13.236199456576935,33.65393204996183,10.24879646754351,3.7255196540365825,6.895961457159497,11.925048767452457,14.231959277107286,13.415448369937318,21.848262127468132,-4.150332361295303,1.8169740533338918,7.421848547547892,18.042896818361495,6.9135554707902,1.5505117611334258,1.8732292430821695,5.851884358993215,5.286436061460115,1.0459435396180006,1.0186561219394314,1.085281827035801,1.0999948434002447,14.592336273712872,12.815950579072194
24.97990297998325,90.7957692217713,46.24540203189777,7.682632782495185,9.045577338545892,29.46066093513154,8.24791415397923,4.099135855348494,5.094074128957397,13.280330494906929,17.56691029544907,14.737259071617865,20.530248162046583,-4.0394032411138765,1.4596677997650178,7.100871338257364,13.878495501967407,6.463771250799111,1.6731862328907445,1.7073804153793326,5.4696198831007825,4.928660882792525,1.0452962791678704,1.0163826353789616,1.087374253933502,1.099999501269462,14.685961997334665,12.899754275250256
22.177421460227105,105.57379874815796,42.27730993857781,7.292246775962763,9.542765442075343,24.49397395807086,9.37682768220765,3.0647274621024643,5.0259103942996814,15.64432882851459,15.104513941920958,10.843911293607162,15.60603856860138,-3.306981683325304,1.5816558338051931,8.005395765506693,17.53809969790734,4.9750615601336365,1.8961120453231501,1.5391139994992638,5.718205579574759,5.6028608124906345,1.0462337679111782,1.0144605765703223,1.0887345954566663,1.0999722480152143,15.581905649255422,13.79970218792022
20.246094554859262,80.89892409711517,54.94042391378843,6.724876950633668,10.277253820084798,31.937762695050946,9.660781141407385,3.92056002979736,5.328634605132977,12.702311423896697,12.670264104179317,12.90847886761651,17.42353650329413,-4.194739599973358,1.2802203955101064,6.179048995378738,16.152200395448443,6.862987241863318,2.0814129988986116,1.9161657779596692,5.607046121684585,4.093136972547503,1.0461721959518333,1.0188445002297621,1.087039047988302,1.0999616317372247,13.663177916682846,12.062263351860334
20.015699312731538,100.8230457099145,40.82433204275298,6.991915423430403,9.211624417160966,29.204611053004765,7.952114439702316,2.9277472376586036,5.883366575137249,12.696617183620436,15.123605712195133,13.965116368993286,16.05552239684144,-4.354155920727613,1.2968255871201153,7.329305707487544,17.180537104922255,6.860236921684329,1.8532245793461477,1.381599483693689,5.840696988397869,4.791567894382832,1.0464852205508797,1.0156342546232675,1.087358464263576,1.0999692534224814,14.632001936546114,12.884097574484372
21.520806326770117,82.78661551235442,47.81581304899151,6.536120883444266,12.293313001495097,30.608093870662056,7.48269968973042,4.045460255100572,6.383966235262157,12.50697809769029,12.192028701182771,13.371711614519894,18.03814598624736,-4.5358842436104405,1.302321812937072,6.1173073060267305,19.583347265062056,6.878507553976453,1.4599744032762998,1.7382612703624496,5.15386805740291,5.402785532572145,1.0459848685051105,1.0183375291160002,1.0820430075062533,1.099965942218456,13.028474439351116,11.455162829015515
24.900600674991296,79.15933012353055,42.80521388849024,6.153196111712544,9.156357707591095,23.949490726969735,10.082456483135092,3.2176097498030876,6.083435912555653,15.054359023423888,14.869864229732041,12.340315998132947,15.287956369319888,-4.0061416239573395,1.3598355700077356,8.293944722373078,14.991378486131731,6.204114793076079,1.9052809400337691,1.6746723858752128,5.259328657486287,4.5341795543511365,1.0462126720031517,1.0201295503571244,1.0870146001737842,1.0999999476039655,11.855329547305205,10.439222309113521
24.85125701707074,75.8425802935145,41.710712751639676,7.934919589631635,12.6203672197262,27.82847700233973,9.55239645099888,3.5800189874683306,5.037477854936166,14.15745106342566,16.77086469474406,15.201637467120996,15.425264552153095,-4.1496907492308335,1.545311714014696,6.029363666118616,17.359356666224517,4.924031332649075,1.7125681321361783,1.4472749391925777,5.47789909326895,4.985391163001899,1.046003883147138,1.0203150916818704,1.0862105980356647,1.0999587155902677,12.317266099604325,10.795820376959021
20.477938742008988,96.18693688381384,42.80298207725216,8.01149977298228,12.784858258479343,26.243991153599506,9.02835797708024,3.708165698369844,6.257687760160735,12.77450700943802,15.747510259714259,10.303490727547187,18.01128736317289,-3.9508750548399645,1.2931924216549535,7.522946489052899,17.624249619483773,6.401361858694265,1.5216293386147899,1.9139615199306848,6.046309067097421,4.72638758522466,1.0456991580164126,1.0154655071785907,1.082968182712402,1.099999589132951,14.5937026677076,12.922444600883837
19.522125976684276,96.94675374823107,55.09832669382482,7.662518804269749,11.923394809110222,27.82081798657861,8.597348237120302,3.200645148080649,6.601754998258504,12.739612788449453,13.056669768085786,12.036554901524488,21.68908677952895,-4.27167318798,1.494170140456681,8.720426894510107,13.776888697179983,4.755428796079652,1.5317786554453738,1.3545310437495062,4.84377561082863,5.322685223995984,1.0457610156853623,1.0151871344825185,1.0877567922851712,1.0994714481403953,15.764353538327454,13.936950780261853
22.575311855409076,99.76177563871902,51.40155895557802,8.380914447541267,9.888152635139118,30.943181456170638,9.288175173610943,4.121124036124863,5.446977247144742,11.11710384562139,15.814830615498678,13.920078028402497,17.352289644137386,-4.010523552265884,1.3181030819418567,8.880134523504866,14.009901822706482,4.79676364387263,1.4717593148361259,1.5534540201621458,4.86541060482068,5.4892964819111505,1.0459944137604698,1.015101994015123,1.0924694852528727,1.099961080518707,16.470017432322262,14.561414284080737
25.1622277142372,85.16504937000062,50.26214204008674,6.2087088789159255,10.691808833183723,27.056716938447195,8.023028747185291,3.7026128854801788,5.197756189114829,15.447836825803735,15.882422001957657,13.770534707735333,22.308616745798275,-4.590101679543922,1.6330574872443109,7.486139451857941,15.506933878626684,6.300126135669727,1.8275103986254655,1.87704005103368,5.193612201013244,4.620505372500982,1.0453546048537046,1.0174307915493928,1.0852152019132648,1.099999501557835,14.034598408603848,12.332741448538945
20.10366508360533,105.73002176769671,40.133651144821954,7.465173327806498,10.875561701639251,24.463047527962352,8.67886919475965,3.518729176597574,5.038855449711988,13.553255493601204,17.63705791191307,15.132884761660582,19.240766317282564,-3.9235512148606158,1.4627252265064907,8.991346415136306,15.100881695607502,5.690731017020698,1.4421125216179271,1.5035086661818475,4.8057414974124715,5.487649540770264,1.0466290606138098,1.0150443803614926,1.0908050280876385,1.0999671859025282,15.579449742361476,13.66246189335709
22.22960545229981,96.91943633619891,43.71809578640232,8.557284722369038,8.974653745484,27.536493914137466,9.574190965651923,4.071091552383689,5.452462934897568,13.721940279328058,15.126428866378593,14.600805794741994,15.583928360654802,-3.7821818752703034,1.3967780318668364,6.064597800895794,14.256285445056008,6.905411961007823,1.594690926854593,1.8784196949349121,5.116190074903785,5.862590454768969,1.0461610403958588,1.016066576636623,1.0896018710566215,1.0999641129294593,14.84374795335338,13.08510604923281
23.042109717538725,79.6260760002726,49.36621776602016,7.048282674122446,10.676526138781755,28.794017302452684,8.721745281109204,3.7297524466762404,6.754818087361461,12.577559521686055,17.42920921164671,14.927408875215889,15.509247322348692,-3.143257710657509,1.5520424512966793,7.7719357529629765,15.12528752308169,5.241839902518997,1.9284003573906174,1.6650907421795649,5.027780749984014,5.769001926530317,1.0460313919238542,1.019272124055789,1.0888916022778505,1.0999598852394081,13.452729362310585,11.822101559425473
23.262192288998083,89.02187306868824,51.310904072630784,6.422465383774161,11.05778743809177,25.594016032802802,7.349152486062373,3.2736567784036197,5.247794579693111,14.220996967550654,15.937444648345554,10.915356915631145,15.387058842586042,-4.3567844761508505,1.28131649326628,7.031739267551366,16.56403309902325,6.539249877409164,2.043762222777221,1.7439612419906916,5.213498484292563,5.440373868638342,1.0459581640391327,1.0172801911892027,1.0864154674608275,1.0999646846032995,14.092363635852761,12.509805653373583
19.49996023757185,83.44643666445053,48.70108648488778,8.143717509255548,9.19767191128433,24.308266693270383,10.023014472540444,4.003296151351671,6.354835835874221,13.115671252417185,16.958086218411147,13.862390526498677,19.604915908077643,-3.618821110240071,1.4067168394603626,7.256019117814547,15.184501904375805,5.42707992354395,1.8112543598246635,1.3882201324490304,6.510329897771275,4.291058923429535,1.0461603131568502,1.0186399645124657,1.0862835175430243,1.099999479090385,13.270865185811797,11.652015933845151
21.535024790173868,103.46820001887085,47.51359593102508,7.177507073309461,11.087513050085924,33.61431424671486,10.765554113822247,3.6836006050052097,6.816003464062829,10.878238905260158,17.166971880766454,15.006572780433823,19.571286997357536,-4.295935584813942,1.6081566354944479,6.85861122136677,18.93892653396721,6.0246611718305845,1.8571558203298133,1.7018446104583722,6.625927344722927,5.4638122515419285,1.045842505743516,1.0138066556513254,1.0882975241847417,1.0999921821904306,17.5850019767353,15.419364595055995
19.19255800579267,92.9499111532678,56.98330410757627,7.765864569838834,13.163339183549176,33.19775993849406,9.597684390511532,3.2891112837236576,5.62253920796207,14.274473752606973,14.49806499544461,14.217668403908972,20.979471220505488,-3.606923559312082,1.7297464211595277,7.483650570291552,15.426659549404942,5.598082495213965,2.084653344392829,1.510091322958426,5.306766314101143,4.703614441420275,1.0459278255438345,1.0158065683748803,1.0901281565038394,1.0999668660854405,16.766836067115385,14.752292352542678
19.222888026291443,95.88184632509366,41.058984662486814,8.565029110768224,9.970599507660404,30.65704932496782,7.650091796111617,4.169834407500057,5.989164119700499,15.239725240097599,16.501141100473905,13.785560679500048,21.48797302115503,-3.276723229509141,1.7142382063820556,6.797481705821344,18.498187849402157,6.859935522847102,2.089072461486741,1.3535694223831465,5.497361615960945,4.7286455143951995,1.0462147960509793,1.0159055368111798,1.086503945445501,1.0999754069238197,15.043799176393271,13.151924905143842
18.421531592000726,79.05738969010847,45.59909938061075,9.095897513509394,11.508863076776912,30.93702321753022,8.895668076067256,3.7272627732256325,7.214255477017238,13.978968949517714,12.307629219938313,12.663884091374447,22.74490967671483,-3.7243482441270506,1.6600839918172623,6.319910290286452,14.217438511610807,6.669260971317192,1.6562481323411604,1.4754888149469396,5.538334150725401,5.9329573458090445,1.0462046632074684,1.019338871967469,1.0846297038913926,1.09999946912138,12.757725469730975,11.177809788745478
18.092509505600088,106.2110313841343,44.77058659802966,8.662382798995843,13.403065309780349,27.714275440498625,7.66568291836448,3.0021256971760995,6.731327773916014,11.582576382625938,13.472112548466434,11.198343585803364,17.903157086635467,-3.2360118572335126,1.8283151887406452,8.58043893540298,16.02187444592506,6.060043160134462,1.9022051310510992,1.7595251938213945,5.8480010031021985,5.020672090883372,1.0457841834011896,1.013556874495542,1.0847392264270703,1.0999996169060333,15.926662388170877,14.08018685154647
22.83971678720887,101.85086354884099,44.86872000879929,7.084326238737198,10.168338450349673,30.076389352690434,8.496560482400781,3.5564385747906844,5.870602828617688,15.31836458578437,12.355856228882947,13.066829815511747,19.574740504462703,-3.718599004440372,1.5494533725204116,8.400394082648786,15.143673436128626,6.661656796108697,2.085367178976979,1.6963963548174055,6.433029895802788,5.225895056708977,1.0452635317896257,1.014001860969368,1.084929273456265,1.0999995968752692,15.763138776049253,13.887509473783382
21.919249107320418,111.78441778014866,43.64436291602912,6.548618877795061,10.24793442687847,30.85258217887745,7.866660377164117,4.07233966051684,5.882899537623558,15.389799542775954,13.405449805391749,11.750895243820358,15.650097818510973,-3.5221175998094956,1.593800844136513,8.838410753169727,15.862315746639549,6.124205800401363,1.7479512845775274,1.3099467844914825,5.80819569208035,4.131827293407842,1.0461808969000523,1.0130815579928154,1.0909389024367127,1.0999708053294062,17.308295160337916,15.326521979627687
25.03051534550661,103.73443272631043,45.47981613034524,8.02626474522152,9.461886135803727,31.89014884615928,10.16183667236929,3.950443907953528,5.5736372163652,12.224229454494864,15.027530219899964,15.076282582603627,22.195974629806248,-3.6810360315393313,1.7790908839571484,8.763953292274373,15.0125517323649,6.56628590707882,1.6328848513746073,1.4997005605678149,5.10126400277375,5.014159598145427,1.0456179866999216,1.0139896197318132,1.0907594909504275,1.0999680621491157,16.87181043709722,14.770369290712509
24.679938562187573,95.25700453857011,40.60017298533203,6.845398833970596,11.481621165420398,30.481611975732612,9.276861252761531,2.9078048895087028,6.7190179780288,15.710912274540634,14.962692928470204,13.811652776801061,22.14651773947779,-4.122491497718904,1.7115684636358726,8.164213240151863,15.009736277654994,5.991812669343039,2.0463660824720087,1.4695441473668804,6.721435559064715,5.240763899531265,1.0458153613975958,1.0160111789911286,1.0889027257844,1.0999686370285415,15.096204043334263,13.24500914349525
21.03315771043893,98.84153398556303,45.923561396775135,8.62762822961845,11.120787238702833,34.23431764510117,9.035309091052174,3.724515745492342,7.314496387256715,11.593615541446123,16.310905726451097,10.865470917812942,21.575384379809414,-4.050467274612738,1.880422118788134,8.597869805834605,13.777150328792988,4.958541896694958,1.8728430685969142,1.611721369562928,5.031071103023192,4.2587184565433,1.0461420752688912,1.0153606922340612,1.0930760979285565,1.0999623995667804,16.395270294125638,14.486907004215889
22.2554400002732,77.20336392769798,54.94581899246975,8.533532076199965,12.478457473265678,23.788766335080744,7.371507396285857,3.56977476961102,7.306398680901793,12.648507485245299,13.972473905775852,10.842132071658876,20.324952108420213,-4.128815634830649,1.3448463464826619,7.402236861205054,17.70937739457791,5.784957436266871,1.925541778942624,1.8024130543561534,6.2310918048425,5.232228471661048,1.0457118718029095,1.0192459789839545,1.0812266134019788,1.0999995048451168,12.812838123213034,11.32086492497405
24.7691634302782,109.29417723733361,45.67550867880137,6.606679658680613,12.624014609956067,26.122286666133903,10.544222411096708,2.832029123310665,7.1279016855911,13.98158816010514,16.537463014416776,12.184342342287174,22.73704381850749,-3.4749802270034134,1.449179944088432,6.154297332112419,19.524743130727952,5.697987984348928,1.9258937385979316,1.7199620655762182,6.668844854095812,5.329850501292819,1.0456807910459074,1.0127686613882423,1.087769087188695,1.099992397503775,17.89191774261794,15.694264775933014
22.238343862400345,102.12480199151851,52.598561676939774,6.645220956595385,9.451308334615852,24.48321643572965,8.546592580281132,3.497200335772843,6.38218575182726,15.973386406323892,13.891495408433757,14.025240184552555,19.238317908921125,-3.46334029405559,1.673795474642406,8.90152853486911,14.10540710702845,5.816889053754211,1.4771580149883805,1.485578431293672,6.079798212018059,5.682113872061509,1.0461051643193773,1.01484017821499,1.090677366071548,1.0999664349488865,16.297828917043304,14.359843206829858
23.699250700582294,92.80044340315906,55.624339115831276,7.000252581672262,12.337845677808746,29.193306456622416,10.435088716821994,3.9164059503152644,7.079585973589311,11.956938384287197,15.9021765754126,13.91139411305473,20.842348416147708,-3.9062407027290464,1.2872003343026899,6.784292351607225,15.426717810029091,6.616724952093686,2.0454377883150383,1.3469952665841813,6.843619245709318,4.364914973302982,1.0455663669559883,1.0157088179995581,1.0889230123478812,1.099968905990599,16.420952638879395,14.47223576626076
20.956640037291994,83.46711448305327,54.68955680401731,8.358182176852306,10.54380905485736,31.64616778710745,7.863720783017553,3.3352159293264023,5.800142515544984,12.084858081295549,17.14281981551398,13.60853633623396,17.327538760284874,-3.4977083865812983,1.2914902214395132,7.039746761377065,16.777761321213713,5.284289385227433,1.9443299590294345,1.5435196985672104,5.37385738186475,5.878115317580662,1.0459797572359648,1.0180224770057735,1.0878434431119843,1.0999670271403177,14.595704258208393,12.87026180522757
19.641111614861046,90.36634712524202,45.54939987651716,6.813242970840594,9.934295794350666,27.168084221998164,10.31125021175225,3.873916042121007,6.541638814550527,13.268356160269464,14.946213748410317,11.517065335106778,15.764800945152974,-3.636423268483952,1.5971736038351143,6.171939139557998,13.865869125659188,5.250218540292196,1.7042978689867883,1.5317227591159714,4.913495673788172,4.451642709069578,1.0464627136026219,1.0176948525429066,1.0906848470873776,1.099999956936719,13.811610431227827,12.225501067196616
19.631098147912123,77.90848213526297,44.475026275275006,6.299553581176742,12.11149113713132,28.155363645376262,8.37630860176215,2.97713104010505,5.432668919285545,12.056608128271268,17.791817120644886,14.403574847903146,15.31599341641408,-4.082265081598829,1.4437824617100314,6.313130786458753,17.965182427115174,4.945324874766571,1.7594933612614096,1.6845857054975515,5.926427834279573,5.955258196605486,1.0466120148149654,1.0203298177305788,1.0855926557400934,1.0999622656189327,12.215920542817658,10.697688840626416
24.180245881903495,104.53160641248381,45.03898393482931,6.105522295935791,12.250160964924682,35.39683859468893,8.661164787877016,4.179725898539964,5.2257677872638055,12.401166698838274,12.937532513185126,12.573893942468224,21.257058651454873,-3.6514322387992078,1.8599865197771976,7.634491239989355,16.370418107246067,6.465923153893041,1.513039317870085,1.7752015815748319,5.203648640400958,4.561625094366476,1.045643830945843,1.01365448233423,1.0896936380086606,1.0999711668327046,16.851914111917306,14.82108356150415
22.56325875241829,109.34488913574103,49.29914087961894,8.05280602033524,12.439143761431627,26.660032156111342,10.178041222094913,3.38514420869401,5.308599892118436,12.690637629090075,13.386941425840623,11.32186511408908,17.347480310265663,-3.40225207099766,1.7073291245328914,7.739975271105352,17.585654169409967,5.437441359281332,1.9942080498533121,1.3629495942106655,5.965037165950355,4.550905944492948,1.0458894265013285,1.0130128734104655,1.0889513828277428,1.0999733047214044,17.328332050082487,15.342527751764214
21.93965393805527,87.55464876305221,53.354584948545565,8.789466390067807,12.286763880704907,25.671887811621115,8.189520834198104,4.087101291725782,5.946817111486011,15.88237421048604,14.25901206561911,14.99501527580057,22.235616306773313,-4.150421948379122,1.285649311015362,7.201004045927811,19.330601261178757,6.693455870730826,1.574919216069202,1.535476797420226,6.578383032680374,5.155755706500109,1.0457673787541877,1.0169605648920617,1.0838927865936747,1.0999952708321818,14.906947718638502,13.06349928537134
24.71455734631302,106.50505904602186,55.59105597293147,6.436350588111528,9.610563833711751,24.57714654183482,10.566967827943554,3.46522733812905,5.036953691697174,12.536261473575824,14.014419341134603,14.272563903261926,20.789624380499014,-4.1954437973176075,1.2939926736584826,8.732087389279135,14.711286972320526,6.099422458887012,1.484509710968222,1.332176698798115,4.662219327021884,5.131855289090661,1.0458215582143726,1.013753778148071,1.0912776424543384,1.0999652352495453,17.223466493905853,15.168888456067037
22.82301553227473,77.26141958582807,43.79407099668842,8.66842141910117,9.413861483366656,26.155256541729308,8.727808350500737,3.9791837436863626,5.501831692919498,16.184539882962046,14.037360406305629,12.123159185096805,16.128007152154037,-4.181108725336188,1.4358177169820685,7.886602785885139,14.761767316595433,5.539863659965405,2.056803906207181,1.7528997833434048,4.998650887869439,5.215416334748203,1.0463426331526167,1.0205067369206022,1.0871706960351266,1.0999999480953562,11.983832869508504,10.563342943394796
22.816600856528662,78.77262008155013,47.14620411090309,6.872431922829528,11.052743039580402,32.76943769760993,7.769734415317152,2.9726258878232614,5.537132248058086,15.942287431871549,16.3770322986624,10.258835783097897,18.24763680287366,-3.521540847365401,1.6884125237581913,7.37787736060258,19.68427020509657,5.148030006283433,1.8632566195192375,1.7281344095937425,6.555309615281284,4.813942060856014,1.0458255448615204,1.0189432633231426,1.085060270947624,1.099971524406762,13.444257185564586,11.863292079313878
23.322482158466936,86.78463144175977,46.566302885957995,8.802706478858333,13.215586089802674,32.08204469374172,8.547666806794266,3.948080905964529,4.943115679410026,11.354827916912875,15.861787468797152,11.639542762371892,22.430535259843634,-3.8002545548639954,1.5547934850490734,8.034238530572793,18.3766552537131,5.7432962724503165,1.5940806492324415,1.774917531344398,5.383214957706816,4.350221538587715,1.0451919866665267,1.0164807208295423,1.0829832392117216,1.0999995670023002,14.370274593900692,12.646695658378274
22.842636848549112,78.76829417219642,56.81226314764536,8.002487683812896,13.376811933729465,27.598942397047903,10.696338580285431,3.0037871468200734,4.9792952445267495,10.978113926454855,14.690627408771393,10.58166132319126,19.09247591967377,-3.6309007854738846,1.494802555183434,7.906826989635508,14.36297076084676,6.418403819188176,1.859062262240617,1.8655645624624073,5.4864303167406545,5.965429984134251,1.0454815531487018,1.0185273003765594,1.0841927336810346,1.0999994900360262,13.692794392732546,12.132354209569737
22.358183973477722,112.03778570914626,38.75739970538084,8.293048020133657,12.618464428831457,24.227444782782555,9.284290790458485,3.922719211025228,6.248934489544297,11.14459338818952,16.052945555753936,10.467832326540409,21.412763602124933,-3.1871333259584436,1.3679343238466375,6.825322771569805,17.485542220611713,6.90515311114463,1.524832453886353,1.371332908296908,5.495779320346274,5.672438275510641,1.0461908959626307,1.0131256296110025,1.0875315904240157,1.0999761590414012,16.549630300022226,14.563726649990452
21.415564669877064,87.47828741763936,48.97021727183343,6.87199052023508,10.757196384468893,27.524740760938094,10.094907680692724,4.093958017013201,6.733356148862864,13.17105131056191,14.925836465880117,10.795374365161532,20.876171804622487,-4.050502059856268,1.8575615975279594,6.60183343072546,18.324581449632543,6.22843825518852,1.6314087843430216,1.7071223293061282,6.784546242937826,5.836871975334238,1.0454962401808185,1.016706664753746,1.0819722713060138,1.0999996086670023,14.185878276868513,12.503330050638612
23.606358666800105,77.17139488028339,54.91769412956149,8.0796469652938,10.350745454258648,25.80955426812725,7.618333906790342,2.8703316589608656,6.720011924999846,12.073552194293688,12.0645474988178,12.178134911357304,18.867813812501776,-3.383999160204198,1.3081909351440322,6.567376449294207,17.789242338594853,4.830805331222799,1.8396266620010355,1.3737036722612268,5.093998882706574,4.786155766533398,1.0459291154626038,1.0196887663480847,1.0847760044264843,1.0999999698519678,12.393265436721986,10.92148742581244
18.23516391694639,81.88630798483379,44.91197010694989,7.082193776715035,12.316736255827276,24.48243120049181,10.297622648398836,3.942725039035237,6.749019600848329,12.470610757300914,16.824375441823094,11.088634567869546,16.145509964498217,-3.1901318802436003,1.8811586323235687,6.924032693115821,19.372982724381295,5.272463462724844,2.0934474907221716,1.8585145938214964,6.7829284244248536,4.992306878568388,1.0465087618866757,1.0191335811206361,1.084461356451325,1.0999698633022832,12.75207072368975,11.222703718065725
24.876413769414377,111.18485896758462,44.44667592907407,7.353378193274967,12.182196039264133,27.14424589633495,9.913713512085573,2.9034490032989475,6.157336057664042,11.460492814052225,13.668207919562592,11.473816993831278,21.575883759076262,-3.4218869184336684,1.7974066689018362,8.381881037723765,16.592583488900008,5.18251635298302,1.6033653647684805,1.5775517741541427,4.660436897152958,5.062701509222732,1.0458576913412854,1.012927998159711,1.0902563020663931,1.0999677778504802,17.089521299781925,15.050404490030004
25.63012628365804,81.18935530858265,49.202368282613534,9.003807213479147,12.81513918492237,33.63448537329982,10.158659749426281,3.2326330484786596,7.053105068291022,15.883237896659123,14.874922842862276,11.96122092007805,18.348140518604506,-3.641362049256774,1.4159478028957058,7.855345410758668,17.015643324668947,5.713197364811119,1.5090086784130792,1.79001149741184,5.045845865581831,4.229124086792097,1.0453064052568168,1.0178174112946434,1.0876159307871605,1.0999683283640502,14.944210130221565,13.227498468612854
22.768259712791984,90.38091953143741,39.38353804873654,7.160927799081616,12.417575978236632,30.859940621561748,8.506029682753189,3.0685267082884233,6.421581314763646,15.592798625110317,15.771785399374847,14.289551581623137,19.16361157301322,-4.240034926516005,1.8535851352181454,8.319536934775966,19.321430250563687,5.640243876909258,2.091038583691481,1.677803030068293,6.658513137309529,4.0787530608756715,1.045873987106333,1.0168377195041547,1.0853049107635933,1.0999731149365748,14.263897441171281,12.509111818379097
23.07015867500949,107.31170097211921,41.57074288325798,8.091832277733365,12.655797119690508,26.997802561665118,8.658886780463012,3.5973248058989076,6.146769160878331,11.011622722400533,12.508085704589064,10.670370222866156,17.19323608179373,-3.5035480159718206,1.755022325623552,7.7182331580484345,18.3528012020444,4.802158853193219,1.7893542509795526,1.4872163707297725,6.611859200953331,5.415578313819807,1.0453264520520569,1.0130952081158318,1.0835842763974863,1.0999996149300277,15.692047063679777,13.89271566275707
24.905163526776594,77.10937397226034,52.0221451205134,7.721625390565117,12.656000129989733,29.584494972924688,9.14475268044687,2.8724743333188916,6.511195790687758,12.27495532826727,12.037375776185772,10.497500785530633,22.475370628141793,-3.6598805717445613,1.8355684023175418,8.879031702207767,19.543294133879826,6.685602558422654,2.0842876169721367,1.4649651483782091,4.991410145404031,5.278525124175847,1.0454660748889837,1.0188452729131035,1.0817592037706365,1.0999709261321282,12.994931734602122,11.43398011770336
21.596756537421392,79.08077636043404,51.194589962348495,7.791094422753711,12.826541955630766,30.7883687891231,9.266206246998314,3.417052412665679,6.009200450528843,15.953658625687225,12.745138216025428,12.426791598397509,20.184286977844007,-3.795496607121023,1.461258001306085,6.862072112288565,14.831476147151234,5.437855425352768,2.0676058384201683,1.6033437122067171,5.197353849140539,4.769053434053065,1.0456521574118447,1.018735300175007,1.0855294385669787,1.0999994630025363,13.661921220891479,12.054761760795234
18.278607976841972,109.42406667335564,46.04474254958818,9.06038926196295,10.516973704216085,33.46900135728003,8.122987127849232,2.9066140507286433,4.957429402484074,14.073309503881832,13.776979083174593,12.413080992817209,21.421717470566044,-3.5070486136838914,1.4775375851103445,8.536008555176002,16.551941495000868,6.560183187561771,1.7096227224957479,1.5349567877293495,5.0277609993255545,5.832691707189932,1.0464648246354598,1.0134469090705969,1.0901570158491114,1.0999938692272218,17.444012361585514,15.318469440177733
25.144082464029452,112.44529710880066,45.93478907148488,8.568589422946271,10.81899271789109,28.96072570926748,10.187997816941367,3.0483134792409596,5.4175586800866755,12.4995324981374,16.617547033700344,12.05306987078986,17.922078382933787,-4.678153498598177,1.525635931583667,6.743311608946761,17.418138823254264,6.500361488535602,1.4901176402806748,1.676091027928624,4.722906257642122,5.052664701959035,1.0456540192734547,1.012413261011731,1.0898319746651448,1.099974185922262,18.274200355772102,16.158816363170338
19.590686773417783,86.91425916832564,47.17087483134315,8.898406680666584,12.143789533513685,34.654778036157055,9.57589561641124,2.809950845923004,5.528027881528333,15.691171919690017,15.75493530496776,15.146767961776996,16.385326546059048,-3.5829266196461704,1.5119153020909033,6.979673454501931,14.95322376019521,5.6688404605557245,1.902454648825947,1.4792044306474856,4.824903822089073,5.4170650537863265,1.0461003418342956,1.0175019237175884,1.0898727516268103,1.0999640778045692,15.07579858803851,13.271544964060451
21.34426370418141,96.32825329347358,46.94726056497405,8.786686810502927,11.463177587305381,34.49466671025064,9.0380712296016,3.209623427136395,5.74727991270992,13.619498185357841,15.078737049317851,13.651675523868658,16.906161028618396,-4.147794923946183,1.7782963253636817,8.029775968400969,16.479338649188804,6.940699110591054,1.7314654745730358,1.348217993331091,6.545889779745035,4.424402437760836,1.045829143743921,1.0152868603048917,1.0881222149881853,1.0999713274031753,16.10791884766738,14.217469477455142
23.551318772793195,82.10382633270595,38.5626957132038,6.565787755518638,10.648909360659681,24.85809531613162,7.911644703248456,3.87047678875815,6.758516003464198,15.214436426831275,16.93328520982365,12.295814344637877,21.79337742127082,-3.9404615250219073,1.5811821548390452,8.155608986987328,14.699754251429784,6.471633914239735,1.7492153951276666,1.3614690649624068,4.916803639359365,4.3298134876934,1.0460875033965948,1.0192234199334604,1.085590804216824,1.0999535367237687,12.256775203841478,10.739556884440885
25.090171333236032,112.69853714272092,45.06533904072854,6.968117310704105,9.940093957222631,33.32103443057349,7.953146936707954,4.093726181902378,6.50833492468993,15.64449007501365,15.221898732189112,13.668653699887082,19.90788156499858,-4.416664911865123,1.8149509191589637,7.769378999535376,17.47985079154969,6.778752135554965,2.109503868454778,1.7051198616929164,4.65798992536174,4.208822429507882,1.0456926957834298,1.012272298463771,1.090940570480895,1.0999925276911078,18.807588461065297,16.5309994662588
24.80694117580193,78.55202790485181,42.322486737948864,6.780861907873821,11.649051768613974,30.40426701502842,8.24190308431344,3.09065591179582,6.745458152852241,15.85146324027227,12.234721852301975,10.836556750540703,20.080446314163378,-4.374928664607424,1.786360748016896,8.159049459248068,19.172521617867332,5.144249400604286,1.5172494814742021,1.673832300858476,6.547680068334363,5.164087156961147,1.045519957170801,1.0189696573232416,1.0809659781344225,1.0999995191304595,12.359500244198971,10.879604378139828
25.718818191143303,105.33686890524264,51.63913923338506,6.26318216425007,9.442685229517936,32.8610840645761,7.913656532077306,2.840369246510587,7.102256073222594,15.610349017986664,13.222163610299692,14.123447791010609,15.56464542520858,-3.5646904859642903,1.67914682128424,8.289536988475156,13.349050613553581,5.396803982795086,1.5943288032458454,1.919219459679183,6.196678779133745,4.811342905759488,1.045555899883567,1.0136461664471794,1.0927718539564637,1.0999636987435215,17.68542133576736,15.6516306469108
18.016664585192345,97.91789530286239,50.50933212429754,8.56187401960953,10.252824301078748,35.18085134966514,8.782076661530219,3.2143212565232915,5.730216374963557,13.605764686022468,17.502741324462477,13.894606693430553,19.586033335924746,-3.3739842052485844,1.3755861189701581,7.506590741440692,18.11862579855495,6.382348240791855,1.6026583563909063,1.344063688222242,5.531949495068791,5.836345086488148,1.0461791058147771,1.0150051920696628,1.0888381408008376,1.0999929126896335,17.021995944262056,14.945286991661948
22.093787753170236,87.42135921422125,44.427952218644,6.481544617475443,11.080042337755588,32.93807960647509,10.686811289498428,3.5022329999411657,5.288004394656159,14.48793215893547,16.430476402761958,10.52423472706936,21.66105738519734,-4.413742928393537,1.5824262745850355,7.681267555847605,18.017029543040504,6.210055650145834,1.4519059042991105,1.358358594463031,5.01721008941249,5.511351778144197,1.045893010386888,1.0172583822206829,1.0866689101907074,1.0999728070586738,14.51859813779042,12.795233860801826
21.17992532590586,95.91453896225558,53.013783793441654,7.116586097954836,12.315028218388104,28.819131440628805,8.557848675987143,3.266252169676636,7.234465349801414,14.968656417828486,12.040367807010236,15.023670671512464,21.093341185922714,-3.3527125545486385,1.328856400263243,6.92458228097836,17.42456535485785,6.0703883188267636,1.6386120901074388,1.5652319863407476,5.131585161255866,4.101157370333476,1.0458469420081824,1.0154199567926512,1.0877454281728136,1.0999703550286821,15.907917182373906,13.964804030450567
21.847303657265307,88.43462593861679,48.619912105536415,8.957382260310172,9.602298996395039,23.623151816069274,7.476761567815651,3.4477916145422807,6.60491415271767,13.936123457912819,14.869571859947532,11.958132705949454,17.555803703639405,-3.707006433163769,1.6714463705658056,6.503261867596609,18.401844231482716,5.974587517016016,1.6337925918802279,1.6007378961992218,6.873646555429586,4.040983058290388,1.0461282895731654,1.017601541908927,1.0856838648389417,1.0999681294636812,13.554173462370464,11.9627140721339
19.091856523022667,92.25496743955551,50.44696748043032,6.725173929507875,13.132689688725359,31.182349746610775,10.35875501624315,3.261045102350446,6.9026475997081755,12.84238377125701,13.426400563868782,14.791209122952067,15.900860415159297,-4.590906521847991,1.5734497317552676,8.977876420457584,16.862908500800593,6.397372559230943,1.445091131763363,1.5978667647745057,6.350892054154027,5.5656540399168986,1.0460970049471676,1.0163331744641744,1.0862067236353217,1.0999673220608217,15.295317513470632,13.492015877920457
18.731861696981873,91.1468254104231,46.252655839241754,6.39506805783713,10.94484387445777,33.123696912612864,8.280650655428353,3.4056043306514363,7.224739191551628,10.971223609814437,15.44546973665632,13.936655346230355,20.982706498636954,-4.2368633188191085,1.7449289238197991,6.17703799701915,16.82666715106525,6.456488246244834,1.5077268353068773,1.2877119503275956,6.529783449311206,5.424588775132978,1.0463512318671915,1.01700356147423,1.0874653583534613,1.0999707014418905,14.499574001977546,12.70653772720045
20.93795169881736,110.79413757939479,52.89735556973613,9.022297262483994,13.12333236277265,29.279264515155823,9.916952323116837,3.7368679443306947,6.859926312625679,15.053517372155355,12.833262541398033,11.347376501587416,17.219559986549513,-4.396857752378536,1.7988746905146809,7.486006040818326,17.136726201432758,6.558459394886687,1.665067392487975,1.3121144172264727,5.759623736807668,5.8274342876973435,1.0456296229546485,1.0122878686747383,1.0876217977267744,1.0999648983580528,18.99597252110565,16.833258629043108
24.22126450513343,89.17413998112775,39.47842841243184,8.01623529636283,12.69851876549993,31.446393084164736,8.730268793146871,2.9726950584507,7.102289155695145,12.290174959068269,13.256750737498038,14.305161461297041,22.657271534301312,-4.149850003641826,1.6798787129757125,6.9582926076631875,13.415545312549261,5.084971048708686,1.8607899143207318,1.3768425355622693,6.690499072080678,4.37628937570577,1.0455727176883551,1.017019720949933,1.0869846411568154,1.0988630893504037,13.640211432640012,11.95902755493124
21.891866652143303,94.6526591005682,49.78744044807891,7.075399571942838,12.873433220772611,28.842758124505824,9.720552883451665,3.6902752053533843,5.165860842812076,14.162252504594102,15.202187960767333,14.72490864134,21.894662437285263,-3.355489468362168,1.332278493175429,6.883776657632607,19.83110936838381,4.690051161262655,1.924482412492471,1.6694487896582253,6.140061610662135,4.436571779541484,1.0458102502523892,1.0155757522950055,1.0870103248876941,1.0999952535920916,15.768776525441229,13.810472883845627
19.327906561542697,91.58659365630972,40.072801271120206,6.306824155417578,9.355850351617715,30.36115422141384,8.631870684832418,3.211063492920183,5.650599286349185,11.919329851584997,14.372571798518733,11.191534991535834,20.505149921474928,-3.3133347197401406,1.886874934131742,6.269456820381847,19.544579142818378,6.5732443339273425,1.930112726841634,1.8638730595619095,4.962987600960314,4.352629548373831,1.0464417383735698,1.0172059361009445,1.0850036553943117,1.099967973588413,13.140735460082784,11.512443509620487
19.54868449907052,84.58449832853877,44.183418940127304,7.829917930750204,9.086213298646868,28.110816621471717,8.086986460413348,3.6492817872738104,7.283813167765746,13.595334905790212,14.457084025145866,12.03067720933719,21.165614063486917,-3.232290253375134,1.894253129254478,7.253753657964137,15.36297281947875,6.899838030047307,2.113832781535104,1.6908378494500615,4.682937109652931,5.497069952413144,1.0460837730623105,1.018190945661404,1.0842532802330482,1.0999995165791898,12.87591557414872,11.28619211686689
20.27263823236457,89.99039909858857,41.27514950604767,7.671312574949294,12.295595630992873,26.821531193498206,10.57943846895615,3.0726315984041364,5.041680111050417,14.279564916089464,16.981939642005077,15.001914925282161,21.03049967992554,-3.431454017949473,1.9057031582743875,8.758307628086527,14.363431687142652,5.936383118443553,1.8399725466703047,1.5632222580028614,6.923532686202478,4.119244474360443,1.0464412189195067,1.0177447796644192,1.0899575201847613,1.099964192628289,13.958755540445608,12.204171333315637
22.804173325290314,83.09584050253757,48.32257263445595,8.450411946234057,10.065336078195088,28.241642648501156,10.622765067409436,3.866073032808433,6.2774445702088775,11.99878589415627,14.454820407366396,14.092231500773606,21.436127393635818,-3.5015856691021425,1.7037185346668924,6.2850089763702,13.434129721471086,5.91292350236461,1.6015534950819088,1.3305036999949653,6.333201685916934,4.99594917672929,1.0456740760697059,1.0181655601417399,1.0870088109964173,1.0997043385713463,13.505703228819202,11.849113885777578
24.27168445511935,100.37741895116338,52.19387045118417,7.014376167139535,10.139475699060899,30.69032372672408,7.920295705433104,3.9415769618848295,6.1559252122971415,12.025745634677909,15.646002664686256,14.960781534224777,15.823919922089884,-3.2905785234090645,1.8200570539925378,6.328781323700621,13.54145245250384,5.447198948027817,1.7760282371435503,1.6444444394820417,5.816936539549059,5.826369125316226,1.0457031973736592,1.014690773386668,1.0923949571788751,1.0999648298908673,16.661995084721568,14.706499617385816
24.032039111399413,112.42997044086927,47.34982769206816,6.336362013911104,13.240777280384078,23.648535306751352,9.993945649820574,2.8437948430803512,6.737362625189998,15.86487027517949,14.239991372093039,11.384101444196165,16.919721559089915,-3.8870795248743173,1.3893677028843467,8.018770891979136,15.72585965372281,5.389614022375561,1.7721256149046491,1.6272560015614415,4.969278208440406,5.4155267275936865,1.0459576168644378,1.0128199417470378,1.0905010289628245,1.09997143978356,17.854480631049242,15.834283806031308
25.02398082717823,85.83454700246052,41.68907404297975,8.391936488105953,9.782266922470109,24.086810892282887,9.429275593378003,3.1356519828274902,5.299217397785686,16.100654805258333,13.659515301062378,14.74949191429492,16.55446262075339,-4.397604326017399,1.6012920787510287,6.235784307347986,18.151139149793323,6.70961022242469,1.5573722330415758,1.7443777550951525,5.672521844249647,5.507740906513437,1.0459122562027874,1.018174700671569,1.0839491325776167,1.0999651659649616,12.804289721239977,11.235880907044628
23.556894590248454,76.36229668384604,41.65714620769201,7.511922818514114,13.142501890166118,27.63646678970666,9.463944493008654,2.8169172437202006,6.615149688574543,14.056568618865144,16.183752689829966,14.755675914166718,16.313391891695357,-3.5280797697725843,1.9172997709876107,6.468851875528881,18.064963323332815,6.322176112385292,1.9317554972896098,1.4255619771613297,5.13911102665618,5.332682136069575,1.045985199240322,1.019966688699191,1.0841941451902153,1.0999656301831504,12.338466226419072,10.789461444522711
18.976651601105996,100.28770633998346,47.657140752324075,7.255351757654127,10.305040925213197,34.78140781321277,9.029137167874035,3.585752747515347,7.196184846635756,14.330937517724522,17.628803449430695,10.700343041855309,21.63446120147027,-3.6432468197160217,1.7987120160450183,8.566909872584935,15.082679563986572,5.58848703031591,1.962730335106731,1.3433956037740613,6.3928377996672685,4.220945852109488,1.0462399488001999,1.014859130904878,1.0909691962245172,1.0999649148887651,17.18178022780803,15.151212504077765
25.297475756086744,85.7724645714066,49.24545951210384,6.436146640231869,10.167329332887904,28.366669513147844,8.953375956058851,2.8000944967052046,7.048320060208342,10.841443971617938,16.531159995446775,12.550540874770364,19.181488189250462,-3.4448941477618837,1.6687157442212506,7.611695727508357,14.370529739958762,5.192436083130188,1.4881706128889693,1.3224214861372499,4.67195982340963,4.440948650966168,1.04543083290309,1.0174643214637902,1.0876542495332435,1.099738422122621,13.79415339219193,12.168301056853945
23.25945945380644,87.27499582520399,44.79307923986424,6.4809923954965525,11.53810859110076,27.6372949702515,9.634740492348774,3.8380432563795743,6.306650615606052,12.290775498784996,14.951302484050034,11.4398084877861,22.062137548689776,-4.315561770128789,1.5955237798435624,8.896371429534438,16.910456166288448,5.4022023065401195,1.508736456571714,1.6279972126805848,6.636166538868721,5.733437456312897,1.0456211285989947,1.0171625147264767,1.0831532392384813,1.099999532575736,13.563255593319122,11.935770599721451
22.607642138806252,90.18475752666514,50.6736654106938,8.39690667785948,10.804079034085685,29.21979919673612,9.650218706560596,4.027313648543845,6.81006532266715,10.920913394329883,12.661259168956144,14.49211315585045,21.537053493142253,-3.7265385817119863,1.653937870308906,8.71753494728594,19.332749641887123,6.456775402165266,1.590904035618969,1.7473809967065248,4.874548363045172,5.787876918909138,1.0456439347207387,1.0162806384105034,1.0837773492204938,1.099971568901708,14.638055838281517,12.81989235656712
18.654611615063242,100.31729675939948,49.9078514037049,8.441774953873933,11.431067210565878,24.30288558943364,9.741046514558937,3.336416382369375,5.661495402974627,16.155037167482167,15.438782605119977,13.77045289220861,19.200078640710927,-4.3211573276845785,1.7613265507199842,7.971438347040481,19.90501392798668,5.706720999072879,1.9484584907746716,1.7905778961951477,5.512400526259343,4.914350055107237,1.0461735305185969,1.0148787988198869,1.0856130166901712,1.09997300059791,16.172925878753972,14.22802041842781
25.77237187227028,76.5767255253306,44.65085290373268,7.558087405509556,8.966563168949971,34.209699791878016,8.230479840763772,3.160786764953222,6.881595916663129,12.301109433913368,15.839430659656054,14.333235971021951,21.22282404259883,-4.339843150384449,1.3367280447137504,6.239540902717093,15.316953037296253,4.723399084374762,1.8003094102938706,1.5326605224129397,5.932300117100106,4.5975770773393805,1.0455463952122153,1.0195637023305846,1.0864398799403956,1.0996093959311808,12.78966335210898,11.208743266586463
21.576344745956906,87.97318277756915,41.97237872330966,8.054074710658956,11.976992838716347,33.38493397444705,10.34910641935341,3.7862466661150815,6.557495331541928,11.106048592816952,12.574284279090705,14.287818568785637,16.9704295883396,-3.6746814939386496,1.3729903063525613,6.585455905724757,18.42877044285817,5.247514317276049,1.763305175710217,1.3770696787579133,6.212797382653349,5.456539468266952,1.0459543453431666,1.017282390128406,1.0853859783503501,1.0999665355460282,13.758105461463387,12.087356784382715
20.499489319360833,104.92925362590525,42.827015184751055,8.183387740784475,12.230241324763632,35.03015705790756,8.03635799467218,2.931194672059854,5.5218064303870795,11.463455861543444,12.931378078626087,11.85730172022835,18.34632967508721,-4.529809792172152,1.4051940937600138,8.915276927763648,18.65941731371058,6.6850136245527825,2.1091996726129754,1.7620743661703173,6.469969209351581,4.875636593211238,1.046035263907074,1.0138826511211991,1.0854673584285353,1.0999700906033296,16.205622834773255,14.307426057348852
21.7907080369898,110.49605088056678,45.472253028886655,6.20751910211519,12.377139646926981,30.363258638266714,10.133553464435922,2.905771773255347,6.395806056760926,12.137611795150093,17.303480823187126,10.718342493888068,21.607326472710476,-3.2581446330761805,1.2960623075180788,6.705178290125767,15.49141575175318,6.093546750603541,1.5348417100999587,1.559891157498288,5.113891556878667,5.710606643094126,1.0461016859704932,1.0130309757390081,1.0914685931943346,1.0999723984404775,17.972667261573598,15.82941742519813
17.750309289017327,88.77173354162348,50.311872409009354,8.855788061277895,12.84861053366865,34.16326559430253,7.426271857258736,3.977292566048843,6.7829866916476504,15.67313090608834,13.776994552857689,14.791766739868702,18.260072246657003,-4.109195509420248,1.551474554372479,7.2829452915469535,16.90966980479815,5.465749966320308,2.01077063587385,1.685528790665753,6.240233366770354,4.462069600443527,1.0461932587001792,1.0170489061595864,1.0878503230274439,1.0999698963415394,15.374616828120889,13.537313290343317
25.775913504018483,100.23543536408535,42.010384929821086,8.361490340151942,9.73823918237015,24.3479417763342,9.099192226125002,3.5749335358272862,5.3410760023451,12.681246299177658,17.556785002245032,11.607816419004449,16.3823172618168,-4.668396655518108,1.4734755432834987,8.040761019438236,14.81755960475673,5.916281177008424,1.7181230303589232,1.8954107271418807,5.644109628957131,5.168348368363448,1.0454303559418276,1.0149204449693838,1.0865230792035947,1.0999995167734604,15.045120962622587,13.345484215831268
25.560571188013277,112.63434842166215,40.18370791977553,8.61633496460886,10.671881893958874,30.618978733226232,8.550173084238883,3.3615626879167095,5.2676123878036725,13.892938875510476,15.17842703783056,11.121927405775072,19.317151262937955,-4.638038936904494,1.7372215013464254,7.4429476787500555,19.362797664260334,5.97472930709231,1.5372345590840184,1.6304061745999723,5.059857627648813,5.535009677495348,1.0457688628057658,1.0124754613371159,1.0881854044641408,1.099995342838008,17.581189317191754,15.519594299991466
25.755072180078066,88.95564426559268,46.555629867993716,7.361349259189436,10.238143891561071,32.971323585567845,9.423821997889185,2.8896721795991835,6.926687457456449,11.81027644822732,17.755740923786362,12.073448746133034,19.885017318342463,-3.2414048454778075,1.5005844958005483,8.407061872082345,16.448664386569636,6.738680081822133,1.8540996775565812,1.8742862050532787,6.91965498426913,4.907789119036552,1.045440240647837,1.0164829864537122,1.087112260317272,1.0999679581101067,15.090954081386961,13.295582830439447
22.265559049975373,106.81980983770785,42.47571106584475,8.699353904294572,11.611802228890166,32.160901597537396,7.487474481588404,3.8726627568347656,5.638320047159726,15.148254294989146,14.954549128284134,11.555040820863415,22.44097369736457,-4.313497340429938,1.910839087279134,7.093409695236611,17.59081836671648,6.058885732643845,1.935040853569538,1.304522602266452,5.316788831395508,5.818675147581614,1.045979444476249,1.0136008331971018,1.0889479346908464,1.0999946377409744,17.146340699302545,15.076644264042114
21.03875807629093,111.5570538277927,42.32218066097194,9.11216887938251,12.085162472138704,32.76144240398455,8.62870021992913,4.069811369764869,6.210929478339038,14.47706725321303,12.485057297164266,13.368937960535897,21.881000310792388,-3.398121836016941,1.7521445981663015,6.076202276983964,19.429988029975124,6.920367709192352,1.695009648094628,1.3485272638178145,6.167897174138496,4.059669028294958,1.045971979939201,1.012494610109073,1.0877852889768347,1.0999930505328397,17.896947563880364,15.66477562044118
21.54798092165958,85.60063931919557,47.290242711579005,6.135557564804605,9.191222580156765,23.788514780351914,9.42887473216961,3.5841300847452917,5.448905516429315,14.291872896081717,17.18987525109405,11.568796273212657,21.523152939880305,-4.1535142521634025,1.3016450836307094,7.125449687488303,16.651507913303877,6.337542120694954,1.6467340019424603,1.9089472671090768,6.2281321979717985,4.745627354328721,1.0459781976870948,1.017991514617505,1.0841397493184217,1.0999995298541507,13.220424781813517,11.62536907945558
18.202177339189333,82.19393720700413,47.56306037225459,7.583873879073434,12.399380066399663,32.16888418175258,7.924582938664143,3.6329392687815716,4.930317193812647,12.9521559566754,16.47406723380677,12.189503653898806,21.55053142249082,-4.642802252595438,1.6686160657275941,6.43501222902527,15.801056660491929,4.66200138375863,1.8739626651653418,1.8058038406232306,6.10146098310146,5.5721724583669,1.0461627820038988,1.0186199391114814,1.0855536447491312,1.0999994859461981,13.51889707007323,11.891684980092396
24.303166088754693,107.42615387187404,43.338611530913234,8.728656309374081,11.890341113116438,27.01876156781495,10.75426097398654,4.130255351224337,6.281635999023614,15.353325243357641,13.478507152770437,12.27346794278332,16.59818538165314,-3.9313601225016264,1.597440915245866,6.6384396778846995,17.74740324627489,4.913273485618958,1.4844178447701921,1.5263391799439272,5.590793484460515,4.639481213052973,1.0457274096284839,1.013415609730482,1.0893655857271214,1.0999715749730443,17.06298289999384,15.110067296950447
19.598976814179213,88.12509267995911,41.36374097396421,7.306495506163947,13.012623113358147,26.24823719826429,9.664023975661262,2.9984983145569752,5.7435321625849625,12.534343814944384,17.504695190673633,12.334148843473189,20.447541172738518,-4.059841981995273,1.3702592481822475,8.818621353091855,15.57657209792227,4.743839385418068,1.6563194689278151,1.4948055845646888,4.855169159518647,5.239954812759886,1.0462085952759077,1.0177983065611347,1.0858104325484779,1.0999994724038757,13.35300967006025,11.744662396969433
20.369913304100614,99.06579196655098,38.368879575822966,9.065427132931886,9.723913286280174,31.38010564311825,9.776823491806255,3.0402516896464666,5.152577968329902,11.623916835961968,13.39103680483587,11.014619159403978,20.322395644866223,-3.7764997978126646,1.6241866204898323,6.142010366427475,18.998693114988804,5.0357260034383655,1.6993096786476636,1.326017049489771,4.957360072384125,5.331598819951323,1.0462921467365889,1.015623247893497,1.086716866551029,1.0999661222420176,14.375307559974043,12.650517327917843
23.371655179579378,100.86805946068327,48.79685538361594,8.975665858596196,11.232153680243222,28.90306194569807,8.091164036581716,2.9383893409732575,6.2174980291174755,12.500407008141272,15.04319128381547,11.207084917563236,21.57011230878013,-4.679527647068148,1.4863382464772157,8.52698282178099,19.076627945645587,6.950891189916425,1.6867584934401452,1.763866491977028,5.170836888449406,5.249592002584286,1.045724755072495,1.0143915560933099,1.0856944776198048,1.0999950846321944,16.243563795885976,14.333854545596827
23.47803350302423,103.28542769472243,42.20113186333491,8.66012573430843,10.845953934558587,26.15316030926775,9.153111918138846,4.008699981449719,7.239694499858596,14.840322237330522,11.953512402177322,10.844279863167056,15.77968229693538,-3.27789343907046,1.525142371852656,7.015479944485883,14.03486827562158,6.686786015745057,1.8831078549592994,1.7897365177321274,5.5019945821446,4.820472032575136,1.0454180118065388,1.0140906157476153,1.0864292013075816,1.099999545936336,15.498311499971201,13.7618562311246
20.1169521074588,91.87991474387114,49.91041325622862,7.578671383834334,12.713868187724255,34.221642189595926,8.890861872123356,3.135647172488109,7.186269503480713,14.769208672474983,15.735157432881126,13.946701766809797,15.777461546216614,-3.2254970711147695,1.3779972176518323,6.4423529023215975,16.073251953000046,5.005177470902045,2.0552584638719495,1.6499820357939368,5.494367599532583,4.139245076450535,1.0459434820361484,1.016231525775777,1.0904272619694961,1.0999657910284522,16.06022398645516,14.188217835987388
22.490121268925204,79.75095667991133,52.450371187697826,8.520384614101216,11.397013635660088,25.36531373786212,10.032705805465675,3.230958904963068,5.4232736683184415,13.341005861499497,17.41897159864219,11.67065632373858,22.082396607391914,-3.2036991616341313,1.3334551712114862,8.095683075405741,14.545535272015888,5.3745599850161705,1.5381885463060172,1.492638892244831,5.2906671858305145,5.4726752779779675,1.0456879744703784,1.0186840280920608,1.085934508694646,1.0999994749256405,13.621908110056125,11.999778754390674
23.4535630094809,111.3416560078208,52.090942620508535,8.19224596918501,12.07003342300068,34.019015976648475,8.266452238351981,3.2201289528713257,6.688561695680045,12.035007740610688,17.3556392247219,12.87669116344138,17.48094945350552,-4.330715890316372,1.4798852031201895,8.889834951215613,19.807048352573897,6.186967281361575,1.521816400620165,1.4484536639573073,5.835767352341248,5.702894900195963,1.0452509533136614,1.0117963831194818,1.0860038789888318,1.099991218595889,19.700339096702,17.3777841689054
18.96481479345681,79.29392233564498,39.66400947857436,7.6211813895745415,12.923460343784281,24.09983906319793,7.964357522376725,3.7705598221753025,6.895106781750664,15.159957458215514,16.599005621629175,10.819382988131768,18.21900562459018,-4.656201674017525,1.9128880458163764,7.8072821758625635,17.989534239348334,6.846978407381917,1.7639480600936714,1.367594789045628,6.191961391197301,5.920204609801047,1.0466983140470094,1.0202260661649794,1.0832238830771672,1.0999715683068463,11.973597747510041,10.523365758741077
23.411748894759434,105.62914006625445,46.32295713191816,6.3732479886003475,9.716591747751764,35.19532698733863,8.975463541179435,2.81682882624815,7.211096164984063,13.488011524643687,16.904159653819352,12.946167361547419,15.972937355928185,-4.080288548125837,1.9183361768445502,6.104213347937829,18.869513471499893,5.1863154459097744,1.7235836803527738,1.5185340875346531,6.725209490704357,5.008972377663676,1.0455661490368493,1.0133032227544987,1.0893007637685062,1.0999721731276793,17.763770329794134,15.683424452717507
21.241472809722833,106.18318610096973,39.1751044079106,6.342827197889481,9.057166078805777,31.7181982672891,9.092218093485053,4.026430976215596,6.096420283253157,11.997825692914768,16.718678343702322,11.655165179501724,22.311242344356785,-3.5106612650494955,1.3873412178369837,7.479971974532063,13.615420383322418,4.724475210079673,1.7971304725839299,1.4176684037086642,4.661698121076821,4.592113822863044,1.0464136114283944,1.0146069438888754,1.0936219926636426,1.0999999747884777,16.03189198865444,14.094276674160948
21.503548631388416,90.21679827102875,40.83017619298729,7.8422114766092115,12.142291800341413,31.57136211352688,8.617542916619781,2.9926346116395597,6.098747727317363,15.608331476660247,14.713588179689747,11.154059732687264,15.90720510351235,-4.592525555434252,1.7555260216812254,6.938900918101447,15.24113997720236,6.716906889196426,1.5678491290629488,1.6224238653801883,6.295329918415979,4.7927807039313794,1.0461636557945475,1.0173139408079652,1.0882492872384912,1.099963951138206,14.116484017126233,12.507453255999238
17.70635233327401,83.94195210095158,55.482571587898185,7.670281659192245,12.613176784266104,30.157089404929284,10.596967544564292,4.072787705779583,6.05824682250538,12.518679737356287,15.505945972579838,13.588429422880925,18.9874987014848,-4.402761824908347,1.3973302539423251,7.003235491872097,17.837539012913247,5.212306567699133,1.7566882161722164,1.8967894698421075,6.092032256632852,5.898114469282252,1.0462361027295266,1.0179934835718523,1.0863522381351836,1.0999712081229502,14.834691935437906,13.072729183288281
23.630791380197635,102.66544388105908,49.55630916095673,6.51231412823677,11.28832002317057,26.58146116594096,10.79522119566461,3.173746716141709,5.442873458045934,14.16896903766984,14.965254926788996,10.268472799332933,16.184452160342772,-4.385226989250919,1.5895628512944389,6.438045644469043,16.36921061722927,5.2273058727511765,1.6009858520008877,1.892944176924867,5.479896902309959,4.092862209344679,1.0452029834357432,1.0138069743105456,1.086908491109469,1.0999995512621878,16.41499408950411,14.606430164256938
25.782435518491784,105.30955517741491,43.10438242150671,7.323031177504389,12.823057294186174,27.817479528014637,9.242654551223756,3.548799617530458,5.85915869865427,14.253310269794067,14.740812794319243,10.267850897703783,21.389311618124324,-3.2965230210958025,1.5770175557704726,7.739702372782492,17.96456019984345,5.593047961868042,1.9695949106619826,1.3640640542198852,6.155993671988208,5.652677855171406,1.0455191594045528,1.013479429529515,1.0870807818664836,1.0999724646037243,16.633922501224685,14.677208528780353
25.080373684229507,97.19806556754256,44.22255618719471,6.576603795609425,10.508103212890953,29.971697603222392,7.906788806369618,4.13352086797033,7.069010446449899,10.977968852273328,15.269292317453118,14.169688654452793,17.064978895498452,-3.9372781225326805,1.5398348047420027,6.58963879265423,17.361856228935462,6.945365846943847,1.7030068274015604,1.633522565289259,5.400622861361882,5.753897233604994,1.045636332511284,1.0152828503025992,1.0863842600545,1.0999710573294348,15.082548985617356,13.279240323726166
24.864751439677654,82.09618125787952,55.447022475431716,6.540586481610443,9.387571019121497,31.30462846527808,8.589254781131622,3.5430368308466194,6.47227270792741,11.085321084082118,13.66600089970232,12.501404063785843,17.226064314525082,-3.196395359485413,1.3354730068678744,8.4052436062612,19.33160808117383,4.993181261638641,1.6194686092498698,1.6974396190278846,6.853910520534477,4.599179418266543,1.0455243971823953,1.0178775540398515,1.085387616524245,1.099966906577265,13.902783442993623,12.269387519941613
24.78325427572849,94.42700860289018,56.529401179224514,6.494226333781702,13.322052343971777,28.803547808388196,10.630578205534542,3.442166303872127,6.17340040725421,15.145785052797534,16.22686586440679,13.30758486771981,18.369048179280625,-4.356203853143384,1.8868661333051648,6.029432690829081,17.18329144044567,6.649075755229768,1.9102410268888013,1.7925307250133355,6.716541760929646,5.501902031706116,1.045377899387071,1.015000919144482,1.0879334599681936,1.0999935232303346,17.224714791961137,15.221170046376644
23.583711043846172,111.71162518659243,54.75365065888686,8.55874872353163,9.347087054914004,26.420552621045132,9.204321687570323,3.793384146964739,5.619844339653164,11.303971810852447,13.774151153418877,14.076828237349037,21.868247822994437,-4.544129691417174,1.5224746746522546,7.11761572458059,15.980537607252694,5.511877969057759,1.919661557405191,1.5093268877644754,4.68719793294505,4.8780492013757435,1.0458309758044977,1.0127902509414857,1.0912566144195845,1.099961855255664,18.161027338420137,15.964718871133885
19.30563993443014,76.44545295172449,47.242517233331,6.706101859962811,10.988283330482007,26.877449842001383,9.37335193300956,4.187228341623543,6.215245886536462,14.293237951220956,17.39888351619716,12.059922122043465,16.46576821837043,-3.561163761371663,1.5377887620573116,7.935053043767514,13.310464515413349,6.619849058259403,1.494787660595878,1.8564192953078724,6.842688089195366,5.980205588224267,1.0466845462635748,1.020732313528818,1.0887325598152833,1.099959963729234,12.60757310155255,11.100439494692822
24.386548400651698,80.70511621742496,51.74191386646555,6.698096723448856,12.97913270340021,27.335949922733068,8.376465517470148,4.084714614280813,4.912283812712239,11.847417218011277,14.434716308718194,13.71966556193578,20.121502861939987,-4.164282525260752,1.8432140981828251,6.36309123687977,16.747153662892636,6.323108238717773,1.8980052789053985,1.5669210367611313,4.67970583922342,4.1209045312957695,1.045803819222916,1.0187977572960691,1.0862016229500233,1.0999973195049952,13.2088454336722,11.612651574558885
18.392410717091302,88.2928217268365,40.48953401499585,7.375290231710329,9.760316117823395,32.79416113080923,10.337355420163975,3.3455065111554463,6.127649507370158,15.948879704429082,15.111626221877778,15.214971936484597,16.280195552059617,-4.4650732161308495,1.5982099217106978,6.068142333749005,19.735560331157277,6.8789111274045895,1.715955004931679,1.890650925494979,4.967142369993426,5.3602202822413645,1.0462872072253913,1.0174503444367828,1.0843821775293183,1.0999709101450308,14.013806694465298,12.27559252640193
19.025943606186406,84.65366786509631,53.14093179931381,7.227168577078497,8.991931212672222,28.488013405508013,8.021049554278655,3.7566618789816077,5.354454820005341,15.348169053556969,13.511874352164659,12.15658355207771,17.465080142057946,-4.124520422582611,1.344744666384894,7.434298118094732,15.500779973027988,6.69120007482889,1.4928567073735626,1.811004841557027,5.029018705549389,4.17715531985991,1.0460514227536664,1.0180929880496266,1.0853843931145013,1.0999994560097563,13.61464157117215,12.034524308883364
19.11616240850771,79.22796436220503,48.20121308962464,9.084173456863974,9.11378653662068,29.041314521969642,8.589853184788302,3.2754489799449606,5.6897472094574,15.633068885782896,12.033097855242088,14.096575247891103,17.122292158925156,-3.717940996875417,1.5488959442230898,6.91419526222123,13.901230842587044,4.905247569284289,1.654654409339504,1.8059577938478406,4.952336154466796,5.485279666291861,1.0466011867301825,1.0201150741253655,1.0889551589731217,1.0999999190918446,12.492631129921447,10.97988161650069
19.86738925144622,108.64895875502366,46.429640449660255,6.602038872424021,13.376583136495086,25.68428732691296,9.243431356436169,3.5970010693345884,5.789664820873782,15.938038399765306,16.949492391973923,14.37548336905827,22.60355470926403,-3.8330905675862543,1.3421988963968188,8.296367776349381,15.808595527560842,5.081600752184162,1.7879380871185826,1.8724601217069847,5.037548284113938,5.697397630459484,1.0462504337891514,1.01370111155051,1.090240878952722,1.099965649729097,17.64596740580658,15.454601343881844
20.99001889321922,80.5146986328944,54.461069652263106,9.027645837221943,10.264892806940852,27.181727276136414,8.605965538943758,3.9397825102451303,4.905417960044379,12.009365379382686,16.127162874193704,12.220648408466472,17.71024673455777,-4.480761306687147,1.8670937088935933,8.843958657498586,15.08973553682453,6.757029254130727,1.9706151994036478,1.3786974390326918,6.055826465675048,4.052669638613983,1.0462390295552157,1.019226295331504,1.088027997934458,1.09996098089711,13.46974861275839,11.906297185514656
23.50872239209111,103.00082425348735,53.332152284336345,6.604476164532202,11.774559735444937,25.710508880966323,10.607940300201033,3.745014969753168,5.112595069129896,11.809974042031444,15.874222184853299,12.581486120490812,20.795862263202675,-3.5580305263240284,1.7010672235821294,6.530880504091317,16.89023614871726,6.862095052395968,1.8923200072495103,1.3119959152031466,6.933928159548974,4.313732659297732,1.0457044105777067,1.0139524161808728,1.0885613695504568,1.0999729799113047,16.94352111231407,14.922998636831895
23.59283981141087,95.42573187193891,43.86817635081829,6.619023875700235,9.756106591959686,33.72911623825629,10.342485050988323,3.451203730274597,5.132836369536936,15.574491560772664,14.822618257603532,12.388913108163921,18.295913385725914,-3.689422111220361,1.6166434583095004,7.813623679835112,16.37710983172443,6.720223739215703,1.668716084541238,1.6501195883435402,5.335893094850046,5.506700047585068,1.0457246388220167,1.0155253943046467,1.088471106761194,1.0999727812179,15.558245257247318,13.720106159875783
18.246411142169087,82.47017819924814,53.55897095780329,6.636920689467398,11.763343630952434,35.04887273246952,9.082406209557476,3.0623550248760973,5.662486151490035,15.246673612852886,14.015899042195043,13.83543770387145,21.10786047791848,-3.901845241702456,1.7812565659944888,6.950709013284643,16.70730005419694,6.232815172415365,1.561012666059154,1.4551180591246016,6.152724919873273,5.310720239659107,1.0461860380927728,1.0182500409658608,1.0874597758087905,1.099970469275949,14.638064650734192,12.84665078388105
21.641866971211858,105.3376562435503,47.456889726335135,8.75921968685775,12.256847370306314,27.313399386979427,8.6229144305444,3.734761360077784,7.062464389929318,11.765027156598947,14.987394690902203,10.763424860327833,17.323859180432997,-4.190130920497458,1.3297501665588236,7.987075745666542,19.261385843076773,6.888939075162841,1.5959751847383712,1.7592946922290407,6.789179440996829,4.1827386216988724,1.045892337047741,1.013660650735001,1.0854705045590973,1.0999738626862412,16.681549302809568,14.786120870606856
20.9537249216863,110.00336001574321,42.11729696663235,8.918632478715038,11.321820478473246,24.77873837394316,8.819558340319853,3.256765673653893,5.568578151746412,13.723968108421893,14.802212436881147,12.608393170870068,15.869877156383676,-4.3716163624023325,1.588121161827709,8.462717486105621,18.755308419898313,5.37575395364746,1.4431293387414812,1.8631972335731959,6.404811687960077,4.214503913646943,1.045450185258605,1.0129610454806839,1.0840964263593804,1.0999996465498167,16.34928258923606,14.46149141979091
23.450990655146917,76.11447676344343,38.770753403499754,7.678502648377441,9.390247682978833,34.97917096532204,10.417792415940944,3.7097368437470384,5.035449888845484,12.554110392158153,14.135469067520022,12.602869566009794,16.483661842449038,-4.020918162763626,1.558893214661903,8.841890890178574,19.496336324711457,5.951899576388736,1.9039315219131854,1.3681897393751954,5.158109914109198,5.801430808403819,1.0460003501919632,1.0199480862828896,1.0832471599434212,1.099966150019439,12.004298116881486,10.515420436586764
23.42876021073498,82.49772983362637,49.14242105212002,8.921674201487924,10.506366555605327,25.792680431125206,10.591290996872754,3.4457715044089388,5.89807047673715,12.24486287888085,17.23384835788498,14.45573317579904,18.26272703571933,-3.167756716639443,1.5658569155239295,6.5425740497401605,14.227754225788573,5.551977179597382,1.5113353948881316,1.8927772844362658,4.750290901732574,4.802739254797455,1.0455455352619885,1.0182388330188854,1.087167759039173,1.099999450523501,13.65729055327783,12.009406627494474
18.77225945363511,101.31441059520354,39.74687490898242,7.742288945594248,12.423494698504678,34.81070605357785,9.714699226689886,2.939288460688417,5.095990141302504,14.750629462105556,13.203363253820672,12.431975687856903,22.622320370270327,-4.399054605510046,1.8218197486721284,8.582309714184236,17.393781058407146,6.365926703360949,1.6984518585366868,1.9190055850066245,5.2887234335987765,5.18001480660704,1.0463439273706345,1.015001550275696,1.0883375642758737,1.099994945537403,15.786147349618275,13.844542986557936
19.808295367827956,79.58283718510356,49.09224077981109,7.154179959433065,11.572822318504777,30.192406024646914,9.152124224916822,2.972621570865141,5.954041089414871,15.184821272753474,13.79825523344603,12.41466404688369,18.953120086434037,-4.465860847643122,1.6995838523046523,6.300607604511942,19.02473534574534,6.570393063118448,1.9826251060314062,1.5782771317240563,6.397505289687071,4.957484125285514,1.0461791896699473,1.019114518706639,1.0835593558228918,1.099969390324575,13.175421335592546,11.588352156290796
23.75389227795977,108.52255101616517,55.267155107697,7.461918865529862,12.80985520349709,24.797197089991016,7.566549902952412,3.567573725614472,6.4705008690332955,11.626166390283375,14.73419306704372,10.63936235250489,19.77595609020516,-4.453946697334442,1.7520889446524952,7.134874657287814,19.878790809670488,6.178009145401438,2.0269788727985847,1.7086063278667092,6.935445795322133,5.642719534435545,1.0456972527558415,1.0127470280064812,1.0856389746917932,1.0999936193757691,17.75672733226248,15.707155526691313
21.868593531332426,89.1840219277204,51.28280033332586,7.874274298773306,11.779490647803401,27.647538842148332,8.743422314053996,3.58133520484691,6.927851500689296,14.919708155919675,12.627188988196632,11.407415590098509,15.40259870949101,-3.1324184860263227,1.4236003003393547,8.397962844027989,19.28752445027793,5.548902608884747,1.8455029895568085,1.731873665251444,6.8508131422640055,5.825864474594863,1.045724638343098,1.0165277495306948,1.0835772560618298,1.0999705103409034,14.591662275921756,12.920503136642967
17.856429193350376,84.7108889721257,39.179643680422984,7.954288959806716,12.143010057797422,27.237744265806835,10.273866869279573,3.433937850576097,7.31605089683671,10.802158339982356,12.572558662174599,11.693109674111529,15.393857744448221,-4.340449554071672,1.313773944237624,8.246938899881481,13.62905456636261,5.226327253995066,2.0457193072741413,1.8887009883121437,5.601701114972388,5.939877928625102,1.0469483961115813,1.0195981088577657,1.0876760551781361,1.0999999068915312,11.989291292765918,10.577964449280406
22.801326418224146,91.02866741327286,53.589561696666564,6.977798701226211,10.150767250893777,31.347262587550674,8.605754503085143,2.990285237722971,5.043392734107377,15.054349911741776,15.948427961541974,12.251934981001543,22.01133002730003,-3.760936533810455,1.7345891017378456,8.727345825621878,18.862350645824066,5.825763081107823,1.9300582025616475,1.5447460971055162,6.141497439722344,4.515104876690792,1.0457049561562743,1.0161354547778665,1.0874589244264026,1.099994439239667,15.69234457924241,13.804529067771659
21.133561547519722,83.2556833928373,38.970096295232956,7.869161145749131,12.832643467171572,23.90182364055366,7.905707066625466,3.444259082978588,6.5047882330950975,11.724637645817388,12.257901180664922,12.796767486052598,21.422193819235545,-3.174966458527923,1.5035964482297768,7.990544228380006,14.148126920520383,5.187396522391196,1.8255547035261117,1.8900682856730997,5.306634874325514,4.975054842441421,1.0467244290817974,1.0198689491196427,1.0874172051540876,1.0999999059294663,11.440334838975962,9.999912634513075
20.83139989139915,109.17390660209341,39.61453420027493,7.801088677675923,12.750616252370948,35.259787409338585,9.715411791078505,3.3319096659331344,5.884851420182823,12.699083986610924,15.517534074849443,13.916181315248712,21.427953483275875,-3.769885251105748,1.7386934414457853,8.748667776089329,19.394276635152686,6.2733472862979704,1.8985695788250259,1.6201766883360045,5.065018590182538,4.247259305210837,1.0460216753551925,1.0130091858270924,1.0883808508348514,1.0999920475153102,17.61138760202869,15.405155326429545
21.57597153893182,81.36785580589708,49.272238578797705,8.042936300115702,11.31475787688978,24.02983520764884,7.407820651688397,2.95867765855408,5.254895764171548,16.1453661143544,13.973190300504209,11.643224738097732,15.597226431048142,-4.111099809469531,1.6974021024840198,6.526346068735995,19.383763831739433,6.497145028100696,1.6058299081014058,1.590943827786584,5.703466786381331,4.697040888684642,1.0461431627903341,1.0189901821489877,1.0830323424391923,1.099964925927813,12.679453362595563,11.192127131096992
24.457069307326318,79.47708581820498,46.180808265507395,7.381214636869619,11.059890708671524,33.763929894963816,7.985400732725405,2.944092442917182,6.387452649283503,11.738706164881455,12.366595231693536,12.327378040500951,16.86931287452187,-3.6834979254340543,1.446215091265573,6.277909388170248,17.000705427416698,4.702682729851607,2.1357902505559676,1.4984515339103783,6.252765424336345,5.6207257450949,1.045854773428316,1.0191499997532225,1.086194891310903,1.0999602849605632,12.69847428876648,11.192223441672763
19.782629625283338,103.57247455926736,54.15588675572044,6.8136043907873045,13.406376152494405,23.844126457536657,7.981201728847948,3.89202905878779,5.353679701136037,14.570603261853515,17.018961213698105,15.032808504982041,18.80428111704205,-4.634930231852103,1.5434382698762743,6.654384119023157,16.692441104482576,6.147589926802663,1.7697335875559594,1.6428623641387468,5.606069315527078,5.049523908042499,1.0461298709098528,1.014426052254468,1.088913386393057,1.0999718033200614,17.124925714914824,15.08070989428694
25.628530432496156,94.19363782756899,43.08079457931306,8.386589729398214,10.47237837086134,33.23124461569241,7.404631160341987,3.265049167952168,5.11023817615596,11.26071625092749,15.844001772667726,12.117500790876326,21.823239959086855,-3.9255920150827053,1.469019661550261,8.162666663886583,17.423471496129046,6.495059520323752,1.9033835589661572,1.386888586943309,6.195119287387592,4.783098395231621,1.0450333105824443,1.0150762898065353,1.0835801055044676,1.0999995922860972,14.816173373342966,13.031195392393325
21.38008150263569,110.08455321378315,45.12251256521292,7.940355794692149,10.588398165686833,24.717784327221946,8.832691231373882,3.6358861062435124,5.874308032571741,12.909597397262194,16.809455942810608,10.310800675230508,17.44644901522491,-4.38634133398845,1.8691392951111447,7.236898757522485,19.18159377482195,5.101517883330076,1.5994274888593245,1.8215624810142743,6.735557959910233,4.445611535925335,1.045409096820225,1.012614147848221,1.084526170487502,1.0999996733962156,16.859337351966424,14.93631180429449
17.874933968927547,78.76341348424324,43.237601572396066,8.394805194526256,11.244763388527346,28.975948338464683,9.302903752197603,4.04631235884706,5.100650126140204,14.55151028923754,17.443673440106213,11.243818212132672,21.567069601309942,-4.2089185487848235,1.2892598630868128,6.694835041086385,17.30280921234865,5.8055687876196105,1.8201141018193436,1.4284354717483667,6.206008052044014,4.532836741873554,1.0467125020287193,1.0201521619007594,1.0866254972558111,1.0999674495742073,12.703853811563548,11.155355866095832
20.74029550903298,89.26075171036128,51.08911842293245,6.354368395516981,9.88082771666003,25.965865434083803,7.590328826816557,3.0906329703710425,6.361227053732985,14.753708122720615,15.855408543935972,12.573955740942882,15.598502740330083,-4.6160509366713685,1.387568934935995,8.005264111217013,19.341593686801218,6.258842862675894,1.5969957409360442,1.4821096312089748,4.710077611465741,5.225516481684227,1.0461467090774221,1.01724924159376,1.0847174441202765,1.0999682510920363,14.129059539709667,12.488385478304687
22.680779074051998,102.69686190626197,38.45024905094988,8.566237518026377,12.26942508915338,25.26246199238425,8.451455793368323,3.693934850065903,6.0897443748544,11.421509025066818,12.440578435814077,14.129797999469105,16.385350096935355,-3.388464571331492,1.8117908002283247,7.836418903689651,17.29531163814238,5.752082189562948,1.8496764103696497,1.6651326018379593,6.885356864837106,4.445946614935158,1.045525807330682,1.0144929232330147,1.083686356446367,1.0999995695410592,14.44305688625791,12.709052437824045
19.222401802999983,77.5159926167363,50.824761033234246,7.749088229699676,9.458351633232946,27.90155943439461,7.843187539192334,3.2640744365612058,7.201084573322849,14.489921729954856,11.965111840739047,11.442741014823348,15.278747757791121,-4.235194858079142,1.5804299533155062,8.982056075443166,18.150992853190452,5.841558027082285,2.0193879083098576,1.731074336789809,5.20556073211549,5.060516549655033,1.0464952673927483,1.0201121439523275,1.0842879479296874,1.099961525579659,12.253336905048803,10.815472695705385
22.186068931559735,92.36241040354203,41.66616294899452,6.759041917039976,10.219092356282708,23.721010762662335,10.500998011810232,3.76053438821687,6.562666250514107,13.890585314569254,16.02829241663991,15.147861753358072,18.127218566022147,-4.231539915527439,1.5100985628016181,8.562866396240477,18.977309949749834,6.733258106982484,1.4439335934541526,1.4708425247975008,4.950704494787703,4.907972395780313,1.0461294776501935,1.016893951629847,1.0848694754520205,1.099972606996518,13.848526085484066,12.132337778160919
21.660502898456304,85.00246433382142,52.07229692790174,6.900099940254466,12.785433361269444,25.696380544073087,8.522047061155021,3.6711328617940273,6.357017571930338,11.221357204827775,16.963701328658054,13.198169861823256,21.81093257017448,-4.473511502035475,1.6293879618400198,8.732344371934314,18.91342778412135,6.862845231383308,2.0523588469627727,1.8055704646407358,5.7289163151704345,4.424062120755855,1.0459427422319296,1.017793457910133,1.0838774101785262,1.0999718779695993,14.002296314079267,12.293737596045876
25.26495180309522,102.58565334528812,43.62701916347571,7.1166269971771525,12.033631733120348,29.238244238573316,7.493337222646926,2.9980271240439196,6.6993827877700385,12.574275453801887,14.945590593276153,14.05443710952791,20.908934512166,-3.3805434419441474,1.3429720732153827,7.77345687889527,18.204442282903432,4.985772619029352,1.707807806875638,1.83697791741929,6.830597688419944,4.908139521899368,1.0456436611758142,1.0142741339761057,1.0875503180314892,1.0999719935495962,15.975061397595836,14.02123580174321
18.05019830738763,85.07000246970559,42.69438487643299,6.806449710444813,11.17259004009904,30.482062689960543,7.641034519247768,4.045098409139667,6.39273612880592,14.025159343447228,17.804182830370333,13.350971405665076,22.260089534689,-3.566560876881275,1.4336828738217586,7.54955606047336,16.657163412307465,5.16544206680264,1.9437520729679623,1.2989656443114839,6.242262696314729,4.9143557722466005,1.0466336039612074,1.0187451876242763,1.088353253624617,1.0999694997570635,13.533762112993035,11.833406071959121
23.340585194135283,93.33639816257244,56.92662192875536,7.097442251353478,13.361926757770696,24.36669252125191,9.661538789127203,3.4359068894988773,6.886015806292469,15.063926776471789,16.689252689940588,10.6412720844568,21.44997931894584,-3.453902645612267,1.2964353688697825,6.653216159053234,16.46245309520689,6.361698354994522,1.5974153861996547,1.352324830777774,6.138644031655546,5.967796072720035,1.045589643834836,1.0155476647596755,1.0873256099077437,1.0999714012396162,16.481744509340842,14.582363145690199
22.575554222103165,101.39904148017052,48.96952152443155,8.458339270454651,13.33160380253831,30.020724906969384,8.700445842273812,4.004480285624178,7.246137158774374,11.497580860695667,15.365898954224312,14.185696762133666,19.25337947918857,-3.758347270381,1.6993470855266695,6.810384283540046,15.598248053110774,6.942081848604719,1.8982550407496368,1.8386734709190877,6.514022950246172,5.304545108788048,1.045663745152729,1.0142203551625122,1.088259798348967,1.0999696267127235,16.931787829392498,14.908451549736752
24.65752843574215,86.18013210793696,50.42166650129114,7.875434608152902,11.748439811554183,25.589856740331946,8.198074943993046,3.201321646309555,6.348748636677541,16.051753154374843,17.6062426050456,11.314122929187658,17.51682384730747,-3.176256551955501,1.5352419775100123,8.50402236504109,19.36059154686797,5.188671832597629,1.6313720209119644,1.4213438825656024,5.452240276773023,5.609518797181089,1.0455223150149735,1.0171126236328483,1.0852044791692734,1.0999737265394798,14.680727737242314,12.980576211147055
22.97472283859711,104.97425378510422,49.38755475313105,6.863508557299806,9.981413927352197,23.70620832919225,10.01153569274666,3.985969716630605,6.754609543093335,11.20177111173385,16.4628408979324,10.39249866200337,16.002507299368574,-3.8071415817749608,1.5847340857118977,8.448355909856089,17.792058563151645,4.995702814424422,1.602825683924737,1.4628321204855597,4.926920518895272,4.575289772718461,1.0460297545049058,1.0141897386056664,1.089454308684746,1.0999704751362651,16.295138562348072,14.471944258282237
23.684231990084882,84.45600739364242,54.21207645179459,7.507331665180631,10.406752210374862,28.4665336336767,9.754188266136568,3.5235097845443866,4.897759940099141,15.780548771559404,12.313336177891037,14.928196451977076,15.413961459512416,-4.32272776253362,1.6221918132373045,7.517178541812318,13.763249256892191,5.1938884239839656,1.9998340682869384,1.8504062911503962,5.867555340042913,4.706686792725191,1.0458190748259097,1.0181052893182008,1.0896169590116704,1.0999999481488236,14.183476620258583,12.536039597822349
17.880307045997352,101.06448686217972,43.56389919632172,6.247241693576126,11.943015746361827,29.33149356369835,7.243063738926207,2.955293654748886,6.586052707360103,11.143825198555259,17.081139866464223,11.741537489293258,15.873865175316828,-4.305221509942181,1.6156334300499353,6.919920097137893,15.97649298868394,4.689676757803197,1.917142947028389,1.5140951609366047,6.29656716176926,5.256342291905094,1.0467374953716673,1.0157806352148022,1.0902558270954068,1.0999668231188162,15.111392756191803,13.37291682338273
23.01288633369652,105.236197350647,50.30774245855392,7.352926824895353,10.706875476571167,25.0110688598253,10.005996287362471,3.8655518184564706,5.480968015688677,15.45848232856998,15.430459416432143,12.591729159364402,15.33297189235377,-3.717076249948333,1.6900292916708244,6.269243513065151,16.33152693101332,6.944771407158902,1.9559078187905283,1.629997368001027,5.876636293058658,4.087530164516389,1.0458436092876595,1.0138322673251052,1.0896029444146222,1.0999723277951374,17.061053033381796,15.11376619109161
25.669489316700886,110.33373423954042,51.28757806811454,6.3809954150319115,9.891095857437483,25.770132523331906,9.070482546364387,3.09092542430278,6.5777533701678434,13.7442413842347,12.025242735174228,13.939810764141109,16.63509839857001,-4.406820786701855,1.5072290797587067,7.0158590399449094,13.35846710956732,6.931531240381399,1.880643124203742,1.550547306359034,4.864161658350306,5.398296128302034,1.0448387666195729,1.0124968026100551,1.0879435155597663,1.099999565234117,17.295128157812385,15.30777829713338
19.81410047953003,112.59842123638992,56.41446550693505,8.315301903560478,13.310402247667701,24.8464795769544,8.207695297931563,3.154540604307651,5.055710886640698,16.05002362904586,12.27744555641549,14.511979632291192,21.03802682678398,-3.7063526564554765,1.2920367120830716,6.018287714945609,14.634519102207651,5.7857936656783995,1.7696951842933089,1.6545872490015539,6.4309455984129675,4.754709229720412,1.046054009540106,1.0128257899830309,1.0916325308425237,1.0999637598479055,18.655721664399696,16.401409207362164
18.751956877020877,105.505843186095,44.60104582705275,6.952120969291786,12.384117932162972,34.6228453693811,10.493860615238724,2.99241939620005,6.1077058944650915,11.301499532132137,17.647416715082144,11.253357660254345,16.700464768219888,-4.506661649890107,1.8994243552780574,8.09289677788577,14.083473423762856,5.767185016454363,2.027955667724355,1.646385397573277,4.947620062969737,4.343775499006456,1.0464350542794538,1.0143067264993975,1.0931008648668783,1.0999670607737073,17.274295505970304,15.305456888350347
24.860749746246107,95.21845888774439,51.735599114419536,7.214110079748517,11.345535411476408,35.12981705657476,8.386930933085297,3.7447039385115843,5.300913559556361,11.4573953804058,16.590495063103816,14.4480697067348,20.279168884655558,-3.3667855065693812,1.433976298011225,8.733527124285335,15.196994884030385,6.539756397577312,1.6458748480154892,1.8812560443669981,6.761530757781847,4.086526347257577,1.0454250784769656,1.0151093381751106,1.0894042362423366,1.0999626154215285,16.608280064677697,14.607415432471978
24.047193406009104,81.74531912563246,42.35599348733001,7.4779294454876855,11.541905310877537,27.444436683851805,9.271380115995154,3.0389217198775915,4.934503876689731,13.88461169715352,15.003794949375422,13.663442137505697,20.138647670955468,-4.520078753164971,1.5740599169033895,6.025108424078826,17.46753380580311,6.206307236679467,1.8154763923650983,1.7211551169543782,5.390714446707874,4.297616606382158,1.046066893209018,1.0191413659634139,1.0855329059698595,1.099973908273418,12.5494990993128,11.001921648735316
23.128325803141607,84.59862465284112,46.964760185513995,7.574533101059411,11.09785398609838,30.661699895423475,7.306033352133093,4.1855554929021235,6.627797556410114,13.097094021713318,13.060326980529856,10.56730079801225,20.308647196758525,-3.6144507593353508,1.4268662132799157,7.139863161337001,17.2170093030432,6.1983561027068825,1.9045224499352615,1.8324899734348632,5.147517240082667,5.273492326394271,1.0458710380904699,1.0179832766330716,1.0855684764198354,1.0999675509203486,13.422310484121775,11.846477309844321
18.2376727852953,96.00617911540103,49.40528465560251,6.737361388759887,10.71478522236074,33.36087609708887,7.734272593510669,3.4083086766621764,7.155868693755942,13.522188209577845,16.24179692252639,14.3604794809422,16.748685248825744,-3.4604188874313744,1.7654985319029657,8.259920214529203,13.679617249047073,5.388195918412317,1.7269433941740755,1.8105858582215384,5.618720432596991,5.851857780806488,1.046395999999819,1.016054756883086,1.091598243181022,1.0999654579332243,15.94272020524597,14.048868897278084
26.01055550558075,104.77776192336309,50.98131350452596,7.271367384600853,9.26033671831311,30.36303732547434,8.502137659958368,3.291257306165281,6.558010576611022,13.303652536421833,16.40247931483784,12.182719971241726,16.34656172969788,-3.8397021408567844,1.8886480091682323,8.404573887349676,14.646175053687157,5.5478171638162666,2.108010308558787,1.3591673975850027,5.229164561126652,4.524445291743793,1.0455826187278923,1.0137245717207444,1.0923208184709678,1.0999674009219895,17.496281121235693,15.51233299419027
22.315697360746018,90.83643148672265,39.767127286809256,7.992711621914339,9.403868833050272,30.75569619735312,9.025230168813692,3.4911361250154376,5.044690838530121,14.251790413171092,14.490668741192412,12.248419101211288,19.733030612780876,-4.065746973516614,1.289621309287673,6.375677703609621,14.850480986408947,6.212907413362671,1.8552536114613174,1.7648826447262422,6.358210108861749,5.706365738412301,1.0458202049540124,1.0168917003277833,1.0854874355898978,1.0999995018300968,13.641378995729607,12.008564485447138
20.630752995844553,88.36200647778685,54.129014506382205,6.802308662956241,11.026052234057758,25.893042693862547,10.48982667170117,3.3709242183352757,5.398468031683222,14.536872309072125,13.378082282134454,14.952998304104733,17.993889312551527,-4.156839510878865,1.5009567559407446,8.421736748980422,19.235567000391235,6.4679705938423036,2.0509192934838145,1.3452037298800872,6.7838300507167135,5.24860145775056,1.0459325167738005,1.0169443954288886,1.0835575667822137,1.099971619199291,14.509010286525319,12.749594897142547
24.90480817920261,101.14957727450646,42.099327422555746,7.933047509002856,9.36743915395967,31.80953175657427,8.672404107890062,3.0124264423402924,7.269320750718929,15.665855890737676,17.245520531883393,14.167207156269443,20.459056551090736,-4.141923989255902,1.3479000561304675,8.701698705955362,19.130692551462612,6.375018093537659,2.107666770534088,1.633973408894715,5.678530216544728,5.935894804332557,1.0455877413302015,1.0142398076293346,1.0863077308860927,1.0999928154010539,16.711630142246726,14.659473211873951
21.388658710083654,99.52510493941051,45.37294824793335,8.014431727099973,12.18604350040308,30.9709351984049,9.052426588378312,3.220155116675326,6.450983449772385,15.70551603441136,11.961199043371218,10.840359459342826,16.110276004598905,-4.560200272512852,1.7041585209360735,8.85536431941045,17.149880134130523,5.711220321409468,2.010486896506341,1.3830030511841438,5.524704429856185,4.932548481068447,1.0453245136318634,1.0144016993076677,1.083736679471303,1.0999996006418997,15.746252108749356,13.986760437945922
19.950618864365186,89.35004187555147,39.733371173994875,6.681870111926656,10.463025307082559,32.991507112150984,7.8569904774343104,3.285296523577914,5.038405503200522,13.808363462063674,15.56305529331993,14.556823634387806,21.42528158861493,-3.5651896093068536,1.3676503610815105,6.4682495466312115,19.713920581788553,6.201883888497068,1.4706509672183325,1.3675387232288607,5.767056151034217,4.41565760858624,1.0462728684251248,1.0174054394534684,1.0851624036469707,1.0999696447131428,13.58500232092557,11.84125848280447
24.335759989800163,96.95882099001366,49.95352781293138,7.486989666069603,10.107161233909892,30.55496263579005,9.781092166178635,3.319327308682234,6.112062458707517,15.33429344054898,12.806143300461864,12.929740049912429,17.847936229902132,-4.216359822818879,1.2920385556239327,8.011419899409567,13.963240953867487,4.790261186945287,1.9617287766902014,1.689818977858607,6.716251359670968,5.039309911601291,1.0451788693219188,1.0149103936543962,1.0875320665974606,1.099999485585966,15.948602942512604,14.129919641721655
21.96061201357581,102.00043204452443,44.42336165987416,6.1922138644826745,9.990605299221379,26.408558260377124,8.408371861001498,4.120847826256648,6.843816428738081,15.854163724108036,17.871713157073483,12.363597340762185,16.925757206770317,-3.993606491558189,1.8439260249267961,7.397195583043734,16.635851369079766,4.9518987257525575,1.742727954648788,1.52767667827749,5.455917326647843,5.7745973398484,1.0461570898613584,1.0149524878978433,1.090153672588675,1.09997246222224,16.1628643159489,14.279495888339687
17.87473644028305,111.99050585157202,38.39767929922236,8.954605802407418,11.415252812716675,31.888853883921364,7.873678258902444,3.71589615462325,7.031976711207667,11.553192755101719,12.677406409148809,11.70420777847932,16.429116782813026,-3.2926075230256213,1.7141241830305867,6.641479841737473,17.70897893202919,6.639675806908694,1.9094578498173602,1.3563949247458567,5.970699971790072,4.787257368423102,1.0465444606387466,1.0132790563172844,1.0881186428021146,1.0999741852796145,16.486103425454715,14.54792866963691
20.340459730751252,87.36226573797208,56.01074411943162,8.33722266830029,9.559642577319721,29.216864660843072,8.34560307091411,4.169113637564341,7.266390694005733,12.525486161398389,14.01859417222691,13.205024172253651,18.842733308889,-3.4524373605671683,1.7026637868727115,7.0023859316257155,17.620677548925595,5.530141131800495,1.9441511235765154,1.7073916613693763,5.8204455937367205,5.409479981421661,1.0459687599324796,1.0171431724531785,1.0869086726308075,1.0999709135184363,14.823317646606924,13.063702308196255
21.361182069693893,79.73609113081663,41.72187156381022,6.827819127863463,9.24326559845112,31.994298403441903,8.522604816593827,2.930932614857796,6.880697814570415,14.491733136103303,14.615256453281098,11.416920702271089,16.353268792825638,-3.8350637391378966,1.8465572755267599,6.56518596981591,17.05589728050348,6.871111508915633,1.8987239338305215,1.5615774272997558,6.301985297218268,5.649155838037413,1.0462850640319799,1.0195420417077299,1.085390671582984,1.09996635528839,12.431021512736049,10.932535135574732
22.48568146565779,108.21064328685597,48.0789944392641,8.60328816670702,13.225046197017512,29.514672910877504,9.37800617610717,3.653254560129769,6.786701067179829,15.244015536958083,12.082286724588123,13.88546658557917,21.156995859189806,-4.21266992555485,1.7367652219667815,6.124208577552809,16.215136715340737,6.538176787354438,2.1124851417324746,1.4268594691660383,5.983732261618485,5.608660479101167,1.045878551316918,1.0131415907062722,1.089348117671227,1.099994034773763,17.922183142982075,15.754597062976437
23.890898340017735,98.6797796078094,38.59737551956945,8.280612953939158,12.42412641468909,32.12962417818249,9.956912981363844,3.403280849750405,7.304755236057953,14.962249345712358,15.368932831468715,14.905691650312848,22.102307379880937,-4.390724621921453,1.6407647481496106,7.581303057440141,15.46262066831082,5.22203691152116,1.8088988522220626,1.6497803274956633,5.207301320984522,5.845202487306958,1.0457912393347564,1.0152278127960677,1.0897340481971889,1.0999690754136002,15.995896197008545,14.019426845247743
22.197138291653882,95.19872066039929,46.5694059855606,6.256536738979256,12.913157978380124,27.340531872027753,9.51285720408586,3.6504069825580494,6.306147853938245,13.638845890862553,13.001381407250715,11.585477164523663,19.18382934165428,-4.351374224491204,1.556472941216268,6.611767659138393,13.86395098070803,6.178185528106136,1.7448047788472385,1.360237371278491,6.204763161569802,4.415157461708747,1.04570152430299,1.015808069038027,1.0868166890577555,1.0998748721328664,14.711191418214723,13.025661972726454
